sample_id,runtime_seconds,peak_gpu_memory_mb
real::gJKsjHgG6sI_10_0to520,41.78486213553697,479.22314453125
open_sora::gJKsjHgG6sI_10_0to520,13.050979216583073,442.99609375
real::5Jt_XnncnVg_27_0to401,38.25805449485779,479.2236328125
open_sora::5Jt_XnncnVg_27_0to401,13.889737326651812,442.99560546875
real::Dh0v721XH9A_4_0to224,54.42368334252387,479.92724609375
open_sora::Dh0v721XH9A_4_0to224,23.858696250244975,444.9853515625
real::2f6LelxirVM_1_0to123,49.758136961609125,479.69287109375
open_sora::2f6LelxirVM_1_0to123,16.843426308594644,443.46533203125
real::Ec101pAONBM_85_0to110,49.8541160877794,479.45849609375
open_sora::Ec101pAONBM_85_0to110,17.53970289323479,443.23095703125
real::RN_7nPK_pYI_0_0to319,96.70131554454565,483.0810546875
open_sora::RN_7nPK_pYI_0_0to319,20.386744923889637,443.4033203125
real::YUPQHE8dOyI_9_0to176,74.88406679406762,482.38623046875
open_sora::YUPQHE8dOyI_9_0to176,25.119937155395746,446.29052734375
real::mHoO8vEm1co_1_34to168,61.735785570926964,479.92724609375
open_sora::mHoO8vEm1co_1_34to168,13.818670871667564,443.46533203125
real::ci8GjIKQDKU_24_0to109,47.223683576099575,479.45849609375
open_sora::ci8GjIKQDKU_24_0to109,16.64089774340391,443.46533203125
real::9S2-sD1HIbQ_21_126to247,68.94643478747457,481.205078125
open_sora::9S2-sD1HIbQ_21_126to247,18.992205270566046,443.46533203125
real::EXmiHun7d-8_29_776to898,78.80095055140555,483.6328125
open_sora::EXmiHun7d-8_29_776to898,23.166195097379386,446.40234375
real::wmd4Nbunuyg_11_193to331,56.45749997161329,479.92724609375
open_sora::wmd4Nbunuyg_11_193to331,15.431304418481886,443.46533203125
real::w7h--c54_O8_24_0to135,93.22598779480904,482.56982421875
open_sora::w7h--c54_O8_24_0to135,22.043293001130223,444.9853515625
real::2lTq3d3vY04_0_96to280,47.130721748806536,479.45849609375
open_sora::2lTq3d3vY04_0_96to280,16.60544515773654,443.46533203125
real::qb4DJAgNGiQ_87_29to141,41.63982588518411,479.69287109375
open_sora::qb4DJAgNGiQ_87_29to141,13.361053250730038,443.69970703125
real::zEr5cbkNabY_38_39to140,46.53681259416044,479.69287109375
open_sora::zEr5cbkNabY_38_39to140,26.14434232842177,446.60791015625
real::_Z5UMH8trWE_637_136to247,56.584163216874,479.92724609375
open_sora::_Z5UMH8trWE_637_136to247,22.85852460656315,444.9853515625
real::BjNdaV_Jz4U_5_0to151,39.48373444378376,479.22314453125
open_sora::BjNdaV_Jz4U_5_0to151,14.814231792464852,443.23095703125
real::kNVy_zN3BHA_44_53to302,51.5634424732998,480.162109375
open_sora::kNVy_zN3BHA_44_53to302,19.305913030169904,443.69970703125
real::lExN3FdIvw8_26_0to110,45.114940765313804,479.92724609375
open_sora::lExN3FdIvw8_26_0to110,18.336792163550854,443.69970703125
real::ym205HqYEnE_71_0to113,39.377580971457064,479.22314453125
open_sora::ym205HqYEnE_71_0to113,13.065144843421876,442.99560546875
real::F29HGMNKcnk_63_0to191,78.49862404633313,483.08056640625
open_sora::F29HGMNKcnk_63_0to191,15.322979414835572,443.46533203125
real::iPxDcHbS1xc_32_0to136,44.38228998426348,479.45849609375
open_sora::iPxDcHbS1xc_32_0to136,23.4370594387874,444.98583984375
real::1IL7cpSq1t0_16_0to298,52.598742140457034,479.69287109375
open_sora::1IL7cpSq1t0_16_0to298,20.124732799828053,443.4033203125
real::-i7R-fPF22c_6_108to292,57.6371364146471,480.162109375
open_sora::-i7R-fPF22c_6_108to292,19.09404468163848,443.46533203125
real::Y1UAh2rVzQ8_55_0to120,40.414219349622726,479.22314453125
open_sora::Y1UAh2rVzQ8_55_0to120,13.990388167090714,443.23095703125
real::cSujpyEO_1g_53_0to114,43.714557867497206,479.69287109375
open_sora::cSujpyEO_1g_53_0to114,20.44847407657653,443.4033203125
real::OmT-7Wp51fc_17_40to688,65.08866372983903,480.8642578125
open_sora::OmT-7Wp51fc_17_40to688,17.301496433094144,443.46533203125
real::kzDGAGz-EW8_200_61to188,37.96814642101526,479.69287109375
open_sora::kzDGAGz-EW8_200_61to188,15.247716631740332,443.23095703125
real::Q_KZpoxs7eY_34_0to138,45.518155300058424,479.69287109375
open_sora::Q_KZpoxs7eY_34_0to138,19.193895565345883,443.46533203125
real::WAkqEg1P-6k_41_84to283,52.07791840750724,479.69287109375
open_sora::WAkqEg1P-6k_41_84to283,17.485766492784023,443.23095703125
real::RFpJwdKwyjc_6_844to1110,52.634033447131515,479.45849609375
open_sora::RFpJwdKwyjc_6_844to1110,16.121349958702922,443.23095703125
real::qY3kJalwJCA_19_0to102,69.70799801405519,481.69287109375
open_sora::qY3kJalwJCA_19_0to102,21.213270651176572,443.4033203125
real::5t7wo8u5SRE_19_0to193,41.192286224104464,479.45849609375
open_sora::5t7wo8u5SRE_19_0to193,17.065799752250314,443.9345703125
real::itiCqbxMSX0_5_0to132,44.68782316893339,479.6923828125
open_sora::itiCqbxMSX0_5_0to132,18.016030989587307,443.69970703125
real::BqiSOb_Llh0_1_95to197,60.45179472863674,479.92724609375
open_sora::BqiSOb_Llh0_1_95to197,21.99099004175514,443.69970703125
real::h2nUg0Hx81s_322_0to118,40.624069871380925,479.45849609375
open_sora::h2nUg0Hx81s_322_0to118,14.849428042769432,443.23095703125
real::ZOlqY5QMisE_87_0to346,44.62432939466089,479.92724609375
open_sora::ZOlqY5QMisE_87_0to346,20.390921149402857,443.9345703125
real::PHuXNq3p3Lw_89_0to244,47.07993979752064,479.69287109375
open_sora::PHuXNq3p3Lw_89_0to244,18.661013794131577,443.46533203125
real::pR5j4IH86U0_88_0to253,48.35008609760553,479.69287109375
open_sora::pR5j4IH86U0_88_0to253,19.349050271324813,443.9345703125
real::1VUz8j8qb9c_190_52to157,34.971674798987806,479.22314453125
open_sora::1VUz8j8qb9c_190_52to157,13.802766487002373,443.23046875
real::PwVIrEiSVcE_7_21to175,42.43037924449891,479.45849609375
open_sora::PwVIrEiSVcE_7_21to175,14.856028776615858,443.23095703125
real::yqoUL6Mep4I_13_33to234,48.79592743050307,479.45849609375
open_sora::yqoUL6Mep4I_13_33to234,17.528551761060953,443.69970703125
real::hdFNkcvvy5c_92_0to109,40.25516316946596,479.69287109375
open_sora::hdFNkcvvy5c_92_0to109,16.85683637764305,443.4033203125
real::UUxXzjbZ4qE_44_0to131,41.087510181590915,479.45849609375
open_sora::UUxXzjbZ4qE_44_0to131,17.096004630438983,443.46533203125
real::WjHMdrqpx3o_20_40to145,68.59289129264653,483.10302734375
open_sora::WjHMdrqpx3o_20_40to145,21.382950426079333,446.1328125
real::0QotszIgZso_31_0to313,41.21615453436971,479.69287109375
open_sora::0QotszIgZso_31_0to313,14.533560873940587,443.23095703125
real::23i__Z-Hm9c_92_0to326,53.86558111105114,480.8642578125
open_sora::23i__Z-Hm9c_92_0to326,18.512997971847653,443.46533203125
real::7pdva1luF4A_8_58to405,66.42289759777486,483.79052734375
open_sora::7pdva1luF4A_8_58to405,19.11545885168016,443.69970703125
real::1c0W-iGw32Y_39_106to209,43.89093596301973,479.69287109375
open_sora::1c0W-iGw32Y_39_106to209,12.795902019366622,443.23046875
real::yxzqc321CF8_2_0to104,49.89202646072954,480.8642578125
open_sora::yxzqc321CF8_2_0to104,18.981024699285626,443.4033203125
real::jT3UZ4qI1ro_70_742to846,91.95083706080914,483.28857421875
open_sora::jT3UZ4qI1ro_70_742to846,28.801588035188615,445.50634765625
real::NxeoiCBphb8_45_0to173,47.41888940613717,479.69287109375
open_sora::NxeoiCBphb8_45_0to173,18.01113093458116,443.9345703125
real::cjp1xjOzJqY_10_0to135,39.576974626630545,479.4580078125
open_sora::cjp1xjOzJqY_10_0to135,15.287997715175152,443.23095703125
real::gpzjvW6nJu8_18_0to112,43.5352915097028,479.45849609375
open_sora::gpzjvW6nJu8_18_0to112,14.296979868784547,443.23095703125
real::GXi_pbrzdvc_24_0to192,43.210170553065836,479.45849609375
open_sora::GXi_pbrzdvc_24_0to192,19.66318234615028,443.69970703125
real::TBwmqIlqEnE_1_88to245,85.07932678982615,483.08056640625
open_sora::TBwmqIlqEnE_1_88to245,23.785595847293735,446.58203125
real::krgVcdAJcH4_12_0to163,38.34020690154284,479.22314453125
open_sora::krgVcdAJcH4_12_0to163,13.22363166231662,443.23046875
real::yevgxWF5Ldc_0_0to142,43.11676762159914,479.92724609375
open_sora::yevgxWF5Ldc_0_0to142,20.90187999419868,443.9345703125
real::iQb6qX8uwPU_18_0to620,49.63703396357596,479.92724609375
open_sora::iQb6qX8uwPU_18_0to620,19.568545409478247,444.9853515625
real::bS4ZAtMcCcU_38_0to131,51.59166475292295,479.92724609375
open_sora::bS4ZAtMcCcU_38_0to131,18.39804388396442,443.46533203125
real::YgeQ1lL3u8U_0_0to771,55.68756951298565,479.92724609375
open_sora::YgeQ1lL3u8U_0_0to771,16.976047657430172,443.23095703125
real::fp6u7Xk5Cjs_8_0to164,44.20328626874834,479.69287109375
open_sora::fp6u7Xk5Cjs_8_0to164,16.418406968005,443.9345703125
real::RalnMa2Z7rs_60_64to221,160.35407141782343,488.1083984375
open_sora::RalnMa2Z7rs_60_64to221,27.039939804933965,447.05859375
real::tZGLRJD10jA_10_57to191,113.87101955991238,483.30078125
open_sora::tZGLRJD10jA_10_57to191,29.34167026821524,446.87548828125
real::mRXXGHzkCb4_38_0to148,58.10411230381578,479.69287109375
open_sora::mRXXGHzkCb4_38_0to148,21.86185453273356,443.9345703125
real::YVHr9RFVfJQ_37_0to210,38.537859849631786,479.2236328125
open_sora::YVHr9RFVfJQ_37_0to210,12.987676595337689,443.23095703125
real::4wknw32uv6E_9_0to324,68.35058964788914,480.8642578125
open_sora::4wknw32uv6E_9_0to324,19.34308775793761,443.69970703125
real::FID0rlfHBjU_9_0to320,67.0559522472322,482.38623046875
open_sora::FID0rlfHBjU_9_0to320,28.405270906165242,445.18896484375
real::9OacZ3E49cU_23_0to279,73.40368697419763,483.45703125
open_sora::9OacZ3E49cU_23_0to279,16.224890276789665,444.9853515625
real::RCBUSkFX8Vs_0_0to139,54.258975367993116,480.162109375
open_sora::RCBUSkFX8Vs_0_0to139,18.65269178338349,443.69970703125
real::uK2P6fVlbb8_79_16to170,42.067323870025575,479.45849609375
open_sora::uK2P6fVlbb8_79_16to170,14.832818863913417,443.23095703125
real::mezFIMP8FEU_4_19to143,62.57643444929272,482.56982421875
open_sora::mezFIMP8FEU_4_19to143,27.3593298913911,446.60791015625
real::eB__nT0rP2c_9_38to273,53.81162112765014,481.205078125
open_sora::eB__nT0rP2c_9_38to273,17.01274241413921,443.46533203125
real::1GyjsUbq19U_7_169to1448,53.16820821817964,479.92724609375
open_sora::1GyjsUbq19U_7_169to1448,20.212458986788988,444.9853515625
real::4folx0ORjoE_7_0to184,41.210426351986825,479.45849609375
open_sora::4folx0ORjoE_7_0to184,13.542153306305408,443.23095703125
real::vTqNLJG2ExE_8_142to273,203.4762100232765,489.396484375
open_sora::vTqNLJG2ExE_8_142to273,30.49169477634132,447.27587890625
real::FZFCeoOqZ9M_11_0to475,55.674360951408744,481.205078125
open_sora::FZFCeoOqZ9M_11_0to475,20.44369527697563,444.9853515625
real::Pft8mdtW8lc_32_0to109,42.447071374394,479.45849609375
open_sora::Pft8mdtW8lc_32_0to109,13.763981063850224,442.99560546875
real::YmN8Uza1Cg0_27_0to141,49.147680554538965,480.162109375
open_sora::YmN8Uza1Cg0_27_0to141,22.285314531996846,443.9345703125
real::vprQHQTTkks_49_0to318,54.14466833882034,479.45849609375
open_sora::vprQHQTTkks_49_0to318,16.825343584641814,443.23095703125
real::nxraujoMuic_3_21to163,52.963849796913564,480.162109375
open_sora::nxraujoMuic_3_21to163,16.799689983017743,443.23095703125
real::_Fpe0Z0IfcI_18_0to199,60.49458122532815,480.162109375
open_sora::_Fpe0Z0IfcI_18_0to199,16.59022386278957,443.69970703125
real::Av0ULngGQA4_31_0to161,50.87079184502363,480.8642578125
open_sora::Av0ULngGQA4_31_0to161,14.403218295425177,443.9345703125
real::pGKNTpVVVz4_7_0to161,57.652855972759426,480.8642578125
open_sora::pGKNTpVVVz4_7_0to161,19.81659068632871,447.05859375
real::dh9QWPuxZoE_103_0to253,64.77084251958877,480.8642578125
open_sora::dh9QWPuxZoE_103_0to253,26.235976274125278,446.1328125
real::a2rAMOcmUms_149_49to177,51.22015139926225,479.92724609375
open_sora::a2rAMOcmUms_149_49to177,18.611814530566335,443.4033203125
real::pGAkDG4qc_4_12_22to136,46.23335159756243,479.92724609375
open_sora::pGAkDG4qc_4_12_22to136,17.456935867667198,443.23095703125
real::T9fcBLy8Fm4_5_451to604,42.11026973742992,479.69287109375
open_sora::T9fcBLy8Fm4_5_451to604,19.586675046011806,443.69970703125
real::yU81UzKfL1M_21_0to255,64.7614137372002,479.92724609375
open_sora::yU81UzKfL1M_21_0to255,25.0226844381541,444.9853515625
real::Ze2bPiUdhlA_65_0to102,73.26013031229377,482.37158203125
open_sora::Ze2bPiUdhlA_65_0to102,34.96325385943055,446.7333984375
real::AG_5_Welxvo_0_0to373,55.458421677351,479.92724609375
open_sora::AG_5_Welxvo_0_0to373,21.388309782370925,443.9345703125
real::Lbr-7B2HCpQ_13_109to247,62.974091176874936,480.8642578125
open_sora::Lbr-7B2HCpQ_13_109to247,19.370977021753788,443.69970703125
real::ep3KthzB50s_3_438to576,52.66432613879442,481.205078125
open_sora::ep3KthzB50s_3_438to576,16.564137562178075,443.46533203125
real::YP707X6ZzJA_0_891to1046,51.58467156160623,479.69287109375
open_sora::YP707X6ZzJA_0_891to1046,18.53439404629171,443.46533203125
real::giY8abP-vU0_13_92to411,34.62901046779007,479.22314453125
open_sora::giY8abP-vU0_13_92to411,16.08533097244799,443.23095703125
real::pnfPzermXxk_28_24to178,113.59826436266303,483.10302734375
open_sora::pnfPzermXxk_28_24to178,23.22843363136053,443.4033203125
real::lI9YkbW0yJg_84_0to117,43.072333310730755,479.4580078125
open_sora::lI9YkbW0yJg_84_0to117,13.50002934038639,443.46533203125
real::4s6KIP0XB_A_1_744to862,68.240633206442,480.8642578125
open_sora::4s6KIP0XB_A_1_744to862,20.5731440205127,443.69970703125
real::JO39mqWVjvk_1_0to137,54.660054529085755,480.162109375
open_sora::JO39mqWVjvk_1_0to137,18.0336711127311,443.46533203125
real::T1q3-2aeRVM_0_0to109,45.78123908303678,479.69287109375
open_sora::T1q3-2aeRVM_0_0to109,17.342485463246703,443.23095703125
real::5-frzgT_XDo_3_0to112,42.23988864477724,479.22314453125
open_sora::5-frzgT_XDo_3_0to112,13.773297087289393,443.9345703125
real::BDT39Gglirc_5_80to203,55.455331104807556,479.45849609375
open_sora::BDT39Gglirc_5_80to203,16.6055617807433,443.23095703125
real::RhkWtAysuO8_29_147to283,46.50580435805023,479.92724609375
open_sora::RhkWtAysuO8_29_147to283,23.33945351652801,443.69970703125
real::UxemEf5Neyc_6_0to273,57.038536760024726,479.69287109375
open_sora::UxemEf5Neyc_6_0to273,20.574109704233706,443.46533203125
real::q9UhGkA9iHg_19_0to136,95.79976495262235,482.56982421875
open_sora::q9UhGkA9iHg_19_0to136,33.20897692069411,446.1328125
real::HC-b92nUpqg_9_0to108,59.175792180001736,479.92724609375
open_sora::HC-b92nUpqg_9_0to108,16.12616064120084,443.46533203125
real::u3HyQKFkLKk_17_1063to1202,42.89388702902943,479.69287109375
open_sora::u3HyQKFkLKk_17_1063to1202,22.506548635661602,443.69970703125
real::zb79c2x8JY4_60_0to118,66.44195109605789,480.162109375
open_sora::zb79c2x8JY4_60_0to118,26.494114516302943,444.9853515625
real::2IfSrPdfL1g_19_339to466,43.811279164627194,480.8642578125
open_sora::2IfSrPdfL1g_19_339to466,18.14453484211117,443.23095703125
real::yOJMG_fkDo0_21_0to145,54.580247869715095,479.69287109375
open_sora::yOJMG_fkDo0_21_0to145,26.56144231557846,446.58203125
real::Ot32XbvdOL8_15_0to166,66.47565731126815,480.162109375
open_sora::Ot32XbvdOL8_15_0to166,24.266833116300404,443.4033203125
real::L0Hv_QCdJys_21_0to114,97.6214281655848,483.08056640625
open_sora::L0Hv_QCdJys_21_0to114,17.6338328756392,443.9345703125
real::4ceHlXNuJ6E_3_0to122,48.90757062938064,479.45849609375
open_sora::4ceHlXNuJ6E_3_0to122,21.90577488578856,445.18896484375
real::MPEKigHLjaM_38_0to126,41.86556389275938,479.45849609375
open_sora::MPEKigHLjaM_38_0to126,12.384169777855277,443.23095703125
real::6GuUbIL8RVM_11_19to269,68.4993326663971,483.791015625
open_sora::6GuUbIL8RVM_11_19to269,29.490621672011912,446.201171875
real::VVj2rFRYmG4_13_88to197,52.5021798806265,479.92724609375
open_sora::VVj2rFRYmG4_13_88to197,21.608643347397447,444.9853515625
real::GqEDVfQ8lIM_51_237to381,63.428911592811346,479.92724609375
open_sora::GqEDVfQ8lIM_51_237to381,20.535189867019653,443.9345703125
real::2pKgYZOS8Os_1_21to559,58.64952419325709,480.162109375
open_sora::2pKgYZOS8Os_1_21to559,21.205925748683512,443.69970703125
real::2ghuQypZEMU_14_34to383,82.57433856930584,480.8642578125
open_sora::2ghuQypZEMU_14_34to383,24.00260639656335,446.29052734375
real::pYp81LS_O0Q_33_0to295,44.677250353619456,479.45849609375
open_sora::pYp81LS_O0Q_33_0to295,16.63460801448673,443.23095703125
real::ZmAuHYg5EG0_28_0to343,47.126720763742924,479.69287109375
open_sora::ZmAuHYg5EG0_28_0to343,19.302413920871913,443.23095703125
real::MZQw-TcAX4Q_16_95to231,58.268373721279204,480.162109375
open_sora::MZQw-TcAX4Q_16_95to231,29.108408803120255,446.53759765625
real::VW-NXFTWPA8_19_0to261,74.17985377367586,483.79052734375
open_sora::VW-NXFTWPA8_19_0to261,23.26932601071894,443.9345703125
real::4kfC0xu---s_10_0to190,62.26848453003913,480.8642578125
open_sora::4kfC0xu---s_10_0to190,18.891384948976338,443.46533203125
real::B8YGMGaOUAM_69_0to186,86.45834197103977,482.9560546875
open_sora::B8YGMGaOUAM_69_0to186,24.14931657165289,446.58203125
real::uIwBXtxxePw_47_162to288,48.82649243064225,479.45849609375
open_sora::uIwBXtxxePw_47_162to288,17.194348057731986,443.23095703125
real::30Ub3hf0VUw_12_0to629,59.106249392963946,480.162109375
open_sora::30Ub3hf0VUw_12_0to629,16.935085895471275,443.23095703125
real::b1BYr5vTvho_13_0to109,59.55534454807639,479.45849609375
open_sora::b1BYr5vTvho_13_0to109,13.131646525114775,443.23095703125
real::H_2h6gChu88_4_0to111,47.490921567194164,479.69287109375
open_sora::H_2h6gChu88_4_0to111,19.714793409220874,444.9853515625
real::d-DpJdkLzx0_1_76to214,48.94310932327062,479.69287109375
open_sora::d-DpJdkLzx0_1_76to214,15.011607804335654,443.23095703125
real::aqaBeGdz-yI_3_0to225,50.23562953155488,479.69287109375
open_sora::aqaBeGdz-yI_3_0to225,18.356932076625526,443.46533203125
real::4yFGFzopMLo_5_185to361,49.29368455335498,479.45849609375
open_sora::4yFGFzopMLo_5_185to361,19.699228805489838,443.69970703125
real::5nPHMLahBcs_19_0to139,64.0615332396701,480.162109375
open_sora::5nPHMLahBcs_19_0to139,20.511237013153732,443.69970703125
real::DpxSVWnlH0o_34_22to439,59.03157461434603,480.162109375
open_sora::DpxSVWnlH0o_34_22to439,28.309957860969007,445.47314453125
real::77v7cMXDAoo_5_0to131,78.82436483819038,482.56982421875
open_sora::77v7cMXDAoo_5_0to131,21.196676647290587,446.29052734375
real::97onxOBIFE4_158_37to216,43.7955094948411,479.69287109375
open_sora::97onxOBIFE4_158_37to216,14.122286536730826,443.9345703125
real::FDPBk67FO0U_27_18to123,71.38359290082008,483.791015625
open_sora::FDPBk67FO0U_27_18to123,27.555628792382777,445.18896484375
real::AApWlauaoWw_12_0to102,40.44708121754229,479.22314453125
open_sora::AApWlauaoWw_12_0to102,13.292962055653334,445.22998046875
real::PcvAzZfzFVo_361_574to804,51.17100748885423,479.92724609375
open_sora::PcvAzZfzFVo_361_574to804,19.486471323296428,443.46533203125
real::NAauLEZdXfs_32_0to493,59.33400953374803,479.92724609375
open_sora::NAauLEZdXfs_32_0to493,19.478176018223166,443.46533203125
real::v37iwLFOxvc_28_0to168,55.69067615736276,479.45849609375
open_sora::v37iwLFOxvc_28_0to168,15.64420426916331,443.23095703125
real::lYuyr2xMJ04_12_0to125,44.22140114568174,479.45849609375
open_sora::lYuyr2xMJ04_12_0to125,16.10077020712197,443.23095703125
real::yX9NlKdyr-0_45_0to260,40.48498852364719,479.22314453125
open_sora::yX9NlKdyr-0_45_0to260,17.93742821831256,443.23095703125
real::MBPJEPcf3hE_45_0to373,51.221316824667156,479.45849609375
open_sora::MBPJEPcf3hE_45_0to373,15.047023359686136,443.9345703125
real::FVJ6BkjVr6k_24_0to249,103.11166448518634,483.92041015625
open_sora::FVJ6BkjVr6k_24_0to249,24.099096215330064,444.98583984375
real::SUUqUHu4Iz0_5_0to889,67.41476133931428,482.56982421875
open_sora::SUUqUHu4Iz0_5_0to889,25.51519787311554,444.98583984375
real::Jz5QTrtaHAo_19_0to862,48.438283008523285,479.69287109375
open_sora::Jz5QTrtaHAo_19_0to862,17.07270522043109,443.46533203125
real::bCL0_LhEK6s_31_16to121,60.99669788777828,481.205078125
open_sora::bCL0_LhEK6s_31_16to121,18.389356886036694,443.46533203125
real::3HkhewgRzq0_2_0to226,48.77743698563427,479.45849609375
open_sora::3HkhewgRzq0_2_0to226,17.165358372032642,443.23095703125
real::2cDpv_b2zRI_22_0to167,63.63319402374327,480.8642578125
open_sora::2cDpv_b2zRI_22_0to167,20.155120912007987,443.9345703125
real::t2-U8ebk4aA_37_45to159,39.811671163886786,479.4580078125
open_sora::t2-U8ebk4aA_37_45to159,20.394841570407152,443.9345703125
real::-ilQvzqe0sY_33_0to159,56.10284129995853,479.69287109375
open_sora::-ilQvzqe0sY_33_0to159,17.44907190091908,443.46533203125
real::RM6jlL-dIs8_2_0to236,58.14956102799624,480.162109375
open_sora::RM6jlL-dIs8_2_0to236,18.094269474968314,443.69970703125
real::NDSxhgwiGQQ_9_0to127,55.88232684973627,481.205078125
open_sora::NDSxhgwiGQQ_9_0to127,19.56174727715552,443.4033203125
real::GASOKMyqOYc_19_0to898,68.80507394950837,482.56982421875
open_sora::GASOKMyqOYc_19_0to898,22.16951970756054,444.98583984375
real::CS1fBMbE9CU_21_141to320,50.69128140527755,479.69287109375
open_sora::CS1fBMbE9CU_21_141to320,16.67072792071849,443.69970703125
real::TqHhTVVJ3m8_44_0to175,78.5710583711043,482.56982421875
open_sora::TqHhTVVJ3m8_44_0to175,20.52598287537694,443.9345703125
real::_h_SRIVIPiQ_182_23to274,51.30301110167056,479.69287109375
open_sora::_h_SRIVIPiQ_182_23to274,17.235595476813614,443.23095703125
real::BDxqrmTsgaw_9_0to242,55.74286898691207,479.69287109375
open_sora::BDxqrmTsgaw_9_0to242,24.694645415060222,443.4033203125
real::XFWddUg2yU4_38_0to108,76.6388670289889,482.56982421875
open_sora::XFWddUg2yU4_38_0to108,26.109705342911184,446.1328125
real::6Vj-HMj6c9I_30_0to110,46.05065832193941,479.45849609375
open_sora::6Vj-HMj6c9I_30_0to110,15.404588783159852,443.23095703125
real::zolFQPEzhSs_10_0to122,50.219423859380186,479.69287109375
open_sora::zolFQPEzhSs_10_0to122,15.796537595801055,443.69970703125
real::zIGH4gaF1BQ_41_0to163,58.17753594741225,481.205078125
open_sora::zIGH4gaF1BQ_41_0to163,18.695433158427477,443.46533203125
real::8ZuDT6crP_o_16_0to184,49.928019667975605,479.45849609375
open_sora::8ZuDT6crP_o_16_0to184,15.170542255975306,443.23095703125
real::rGslzbh1q_I_13_0to316,52.60397973563522,480.162109375
open_sora::rGslzbh1q_I_13_0to316,21.70673516392708,443.69970703125
real::gwBkO3YW_Ds_12_0to171,50.26549085788429,479.45849609375
open_sora::gwBkO3YW_Ds_12_0to171,15.638270159251988,442.99609375
real::lPYcWr_eURI_21_52to158,42.05797650851309,479.4580078125
open_sora::lPYcWr_eURI_21_52to158,14.217304276302457,442.99560546875
real::dt95ynNf9CM_28_0to107,41.52996820677072,479.22314453125
open_sora::dt95ynNf9CM_28_0to107,26.12145233899355,446.1328125
real::dzkTqs620EI_41_198to346,61.851475114002824,482.4990234375
open_sora::dzkTqs620EI_41_198to346,28.292824896983802,445.18896484375
real::bManqDAYG1g_28_0to109,50.692224856466055,479.45849609375
open_sora::bManqDAYG1g_28_0to109,15.011408338323236,442.99609375
real::ZoHr5IEdsME_5_0to123,49.942347984761,479.92724609375
open_sora::ZoHr5IEdsME_5_0to123,16.423289569094777,443.46533203125
real::pCSAdeg-M1E_4_21to171,53.59670820925385,479.69287109375
open_sora::pCSAdeg-M1E_4_21to171,19.15564103797078,443.9345703125
real::H5q2_ey2X6c_5_0to106,58.06725915707648,479.45849609375
open_sora::H5q2_ey2X6c_5_0to106,14.28495478630066,443.23095703125
real::nERor9FolXY_45_0to103,51.14986943639815,480.162109375
open_sora::nERor9FolXY_45_0to103,13.461676007136703,443.46533203125
real::nIHO3UXk0og_36_0to201,41.75060815922916,479.22314453125
open_sora::nIHO3UXk0og_36_0to201,12.866126569919288,443.9345703125
real::j8volTmylKU_25_0to102,64.67052019387484,480.8642578125
open_sora::j8volTmylKU_25_0to102,19.944077614694834,444.9853515625
real::gaArEszlVb0_157_0to216,40.81461482681334,480.162109375
open_sora::gaArEszlVb0_157_0to216,20.049415286630392,443.9345703125
real::oXwNwVMsRi0_9_0to117,54.054564798250794,480.162109375
open_sora::oXwNwVMsRi0_9_0to117,19.045394740998745,443.9345703125
real::vhuW6tZeqm4_2_81to594,58.35469753481448,479.92724609375
open_sora::vhuW6tZeqm4_2_81to594,19.033909850753844,443.46533203125
real::bZp352WTg9o_0_0to672,48.607858006842434,479.45849609375
open_sora::bZp352WTg9o_0_0to672,14.061503876931965,443.46533203125
real::qCQmAXiaXjA_10_0to188,53.60965267196298,479.69287109375
open_sora::qCQmAXiaXjA_10_0to188,17.707184052094817,444.9853515625
real::_B6SQVcnhXQ_26_0to107,45.77329895552248,480.8642578125
open_sora::_B6SQVcnhXQ_26_0to107,14.996489974670112,443.23095703125
real::5Z9mHFECQRg_8_0to284,65.31206112913787,481.205078125
open_sora::5Z9mHFECQRg_8_0to284,22.54940391983837,443.4033203125
real::Cw6ZWNzoqz0_2_0to155,50.795606228522956,479.69287109375
open_sora::Cw6ZWNzoqz0_2_0to155,20.685726675204933,443.4033203125
real::rmBrin8lqNc_17_0to290,75.05383718851954,481.36474609375
open_sora::rmBrin8lqNc_17_0to290,25.73837132845074,446.1328125
real::c0TS9TX__No_23_0to222,55.84086333401501,479.92724609375
open_sora::c0TS9TX__No_23_0to222,18.105234492570162,443.69970703125
real::l4vcoCydGzY_51_16to344,61.700646354816854,480.8642578125
open_sora::l4vcoCydGzY_51_16to344,20.58087113685906,443.46533203125
real::KviRgfpIsbs_13_0to151,47.176770098507404,479.69287109375
open_sora::KviRgfpIsbs_13_0to151,15.286336686462164,443.23095703125
real::2ys3bEvNorQ_0_481to1272,70.97287793736905,482.4990234375
open_sora::2ys3bEvNorQ_0_481to1272,27.122450749389827,446.06005859375
real::PvTaBtWFh7U_2_0to608,48.54555852152407,479.45849609375
open_sora::PvTaBtWFh7U_2_0to608,16.657143089920282,443.69970703125
real::hFK5n4KOPuI_1_0to940,50.69296119362116,479.69287109375
open_sora::hFK5n4KOPuI_1_0to940,17.09435764607042,443.69970703125
real::2qWrvIjFolk_7_0to183,92.4808664387092,483.02685546875
open_sora::2qWrvIjFolk_7_0to183,25.997224741615355,446.58203125
real::_k6CFrwKc_s_0_166to352,40.61474132351577,479.4580078125
open_sora::_k6CFrwKc_s_0_166to352,15.6219643028453,442.99560546875
real::e-4i4lpLGtU_26_0to268,45.65218722075224,479.69287109375
open_sora::e-4i4lpLGtU_26_0to268,13.34338455926627,443.46484375
real::icaoh0VNV14_20_17to244,57.80605815909803,479.92724609375
open_sora::icaoh0VNV14_20_17to244,19.872749433852732,443.46533203125
real::y4CwtyS2L6M_15_0to180,48.49668840318918,479.45849609375
open_sora::y4CwtyS2L6M_15_0to180,16.498561182059348,443.23095703125
real::g3niHJw5f5Q_22_0to137,68.65754465200007,480.8642578125
open_sora::g3niHJw5f5Q_22_0to137,17.39807018171996,443.69970703125
real::ydhzwi5dFds_8_157to730,63.30761401448399,482.38623046875
open_sora::ydhzwi5dFds_8_157to730,29.229659905657172,445.18896484375
real::HD46EPitLKs_7_352to503,41.98484039120376,479.45849609375
open_sora::HD46EPitLKs_7_352to503,14.14871608093381,442.99560546875
real::8Wf9XoWyOQs_14_375to505,47.0585211655125,480.8642578125
open_sora::8Wf9XoWyOQs_14_375to505,21.302753303200006,443.9345703125
real::xgW92dtXPI4_6_0to438,62.92206558492035,482.56982421875
open_sora::xgW92dtXPI4_6_0to438,19.292722199112177,443.69970703125
real::fRneaq9JXvM_16_0to356,65.52216387167573,480.8642578125
open_sora::fRneaq9JXvM_16_0to356,26.771541095338762,446.53857421875
real::znnNhu2TML8_12_0to442,52.84639873448759,479.69287109375
open_sora::znnNhu2TML8_12_0to442,16.827684591524303,443.46533203125
real::Q_6dEWfnMhE_18_251to779,69.43049188144505,480.162109375
open_sora::Q_6dEWfnMhE_18_251to779,19.887817739509046,443.9345703125
real::r6Oxqyd5qUw_20_0to206,47.45847694482654,479.69287109375
open_sora::r6Oxqyd5qUw_20_0to206,16.466947588138282,443.4033203125
real::A4RFHaLI0f4_0_0to154,55.54530615545809,479.92724609375
open_sora::A4RFHaLI0f4_0_0to154,20.141264447942376,443.4033203125
real::uk4ufHkhepk_4_291to497,74.97984188329428,482.56982421875
open_sora::uk4ufHkhepk_4_291to497,31.332587785087526,446.53759765625
real::eH_LbWkTiZU_42_18to194,50.219393130391836,479.69287109375
open_sora::eH_LbWkTiZU_42_18to194,23.46565481927246,446.06005859375
real::1BS4s5NRXaM_1_406to996,70.3760852245614,482.38623046875
open_sora::1BS4s5NRXaM_1_406to996,19.445838801562786,443.9345703125
real::BkSlw0mdjqY_44_0to136,54.863237098790705,480.162109375
open_sora::BkSlw0mdjqY_44_0to136,22.553137368522584,444.9853515625
real::ATLXmT6beUg_17_0to217,39.93702294770628,479.69287109375
open_sora::ATLXmT6beUg_17_0to217,21.85673497710377,443.9345703125
real::bC_Kkdn6__0_11_96to312,44.24700480699539,479.2236328125
open_sora::bC_Kkdn6__0_11_96to312,17.933708529919386,443.46533203125
real::gPJiVy3LvvA_6_0to312,52.405187936499715,479.92724609375
open_sora::gPJiVy3LvvA_6_0to312,20.240461135283113,443.9345703125
real::8Om8dvd-Zcc_11_0to226,37.52853025123477,479.45849609375
open_sora::8Om8dvd-Zcc_11_0to226,14.509988509118557,442.99560546875
real::IhXnm_wYSRA_27_0to316,58.26936640124768,479.92724609375
open_sora::IhXnm_wYSRA_27_0to316,20.090789110399783,443.9345703125
real::0wFKWnUwqoQ_40_0to542,60.46010203938931,481.205078125
open_sora::0wFKWnUwqoQ_40_0to542,25.428088997490704,443.4033203125
real::tE9zViGIR14_11_0to136,48.47433877829462,479.45849609375
open_sora::tE9zViGIR14_11_0to136,17.918641993775964,443.46533203125
real::2ewvtkywAI8_27_0to207,63.24108336493373,482.38623046875
open_sora::2ewvtkywAI8_27_0to207,29.110868501476943,450.75
real::P74GT7oD9lA_6_78to181,65.24276625271887,480.8642578125
open_sora::P74GT7oD9lA_6_78to181,39.71186890825629,446.87548828125
real::vO0GAfK-8bM_13_0to120,58.40889897663146,480.162109375
open_sora::vO0GAfK-8bM_13_0to120,19.16234083008021,443.9345703125
real::ztAsbRUSds8_6_0to243,45.76928136404604,479.45849609375
open_sora::ztAsbRUSds8_6_0to243,13.771366936154664,443.46533203125
real::gMccvtUc3B8_5_149to299,45.906400627456605,479.45849609375
open_sora::gMccvtUc3B8_5_149to299,18.79716737754643,443.69970703125
real::qM0YhXYfQTM_66_0to157,54.336729106493294,480.8642578125
open_sora::qM0YhXYfQTM_66_0to157,21.457030369900167,443.4033203125
real::9zIIru6Neac_61_0to224,45.772108036093414,479.45849609375
open_sora::9zIIru6Neac_61_0to224,18.00397135410458,443.46533203125
real::Vr7FpLYOf6s_11_161to394,73.75459613185376,482.38623046875
open_sora::Vr7FpLYOf6s_11_161to394,29.15738399233669,446.29052734375
real::Zy_4efqnitY_60_270to651,47.52800649031997,479.45849609375
open_sora::Zy_4efqnitY_60_270to651,17.430706131272018,443.46533203125
real::voONmgwMpRI_3_0to148,44.0467936610803,479.45849609375
open_sora::voONmgwMpRI_3_0to148,17.361940185539424,443.46533203125
real::36TmCsfljRM_45_0to128,44.057452310808,479.69287109375
open_sora::36TmCsfljRM_45_0to128,17.53549045883119,443.46533203125
real::7M8k6fi3PJc_123_46to246,41.30498327407986,479.92724609375
open_sora::7M8k6fi3PJc_123_46to246,15.09863178897649,443.9345703125
real::SB_D4TVrbnw_4_1080to1191,47.30451379716396,479.92724609375
open_sora::SB_D4TVrbnw_4_1080to1191,16.423741376958787,443.9345703125
real::3-zPcM3Zwcw_21_109to218,39.882875693030655,479.92724609375
open_sora::3-zPcM3Zwcw_21_109to218,13.53581197373569,443.69970703125
real::bIYjQ47U3I8_279_126to243,48.46799218840897,479.69287109375
open_sora::bIYjQ47U3I8_279_126to243,18.061392317526042,443.46533203125
real::lvRpc8KNt_k_28_0to119,53.85662961471826,479.69287109375
open_sora::lvRpc8KNt_k_28_0to119,17.119100372307003,444.9853515625
real::nOBR53wT3u8_59_0to158,36.654165458865464,479.69287109375
open_sora::nOBR53wT3u8_59_0to158,13.760965808294713,443.46533203125
real::HdtqT1Tmd-w_26_18to131,47.66555810812861,479.69287109375
open_sora::HdtqT1Tmd-w_26_18to131,12.669789446517825,443.23046875
real::NYIXYK3ZA6g_18_0to453,54.89591271430254,483.79052734375
open_sora::NYIXYK3ZA6g_18_0to453,24.6103658368811,445.18896484375
real::V58jVJpkUQI_6_0to219,48.30671662464738,479.92724609375
open_sora::V58jVJpkUQI_6_0to219,23.1617833096534,444.9853515625
real::7ZvjC9Pk2E4_63_0to197,43.47807678487152,479.45849609375
open_sora::7ZvjC9Pk2E4_63_0to197,14.434820465743542,443.23046875
real::Ixx5oajzgHw_9_0to111,73.69493209850043,483.0810546875
open_sora::Ixx5oajzgHw_9_0to111,25.20412139222026,447.5302734375
real::GtWhhlpy-k4_14_0to178,69.82765826862305,483.79052734375
open_sora::GtWhhlpy-k4_14_0to178,17.428990631364286,443.69970703125
real::Fog1mfVJH-8_7_0to148,48.22975401952863,480.8642578125
open_sora::Fog1mfVJH-8_7_0to148,21.16441802121699,447.05859375
real::mhEY78K2EVE_33_0to130,40.813503238372505,479.45849609375
open_sora::mhEY78K2EVE_33_0to130,15.076148184016347,443.23095703125
real::v_Z1He0Wj08_21_0to150,38.59329554717988,479.69287109375
open_sora::v_Z1He0Wj08_21_0to150,14.98296645283699,443.23095703125
real::NKgaQfmLvZE_0_0to323,52.504431006498635,481.205078125
open_sora::NKgaQfmLvZE_0_0to323,16.913855959661305,444.9853515625
real::aroZbET2oAE_27_96to216,43.34557424020022,479.69287109375
open_sora::aroZbET2oAE_27_96to216,16.791798164136708,443.46533203125
real::_E9aUuB2S3Q_8_19to149,70.70153931900859,483.02685546875
open_sora::_E9aUuB2S3Q_8_19to149,17.964578262530267,443.4033203125
real::XeCg4V7_dQk_1_836to947,57.73330393154174,480.8642578125
open_sora::XeCg4V7_dQk_1_836to947,28.211278967559338,448.10791015625
real::i51bBzsOGeE_13_0to596,61.11134052276611,482.4990234375
open_sora::i51bBzsOGeE_13_0to596,24.590733693912625,446.87548828125
real::YDhkYy5TQnk_22_0to116,43.915902313776314,479.92724609375
open_sora::YDhkYy5TQnk_22_0to116,15.897340034134686,443.69970703125
real::eDgUNT3ikco_42_0to117,83.7791322125122,483.6328125
open_sora::eDgUNT3ikco_42_0to117,29.693503879942,447.27587890625
real::3V1xrREfyfo_48_95to600,47.705987493507564,479.69287109375
open_sora::3V1xrREfyfo_48_95to600,18.495569681748748,443.69970703125
real::kzIJCbLPgE4_3_23to139,45.589188039302826,479.69287109375
open_sora::kzIJCbLPgE4_3_23to139,16.724149538204074,443.9345703125
real::9QJZqmSxHY8_29_0to790,46.70322375185788,479.92724609375
open_sora::9QJZqmSxHY8_29_0to790,16.93638032488525,443.69970703125
real::PIS8y3scrUs_65_27to243,39.57913285307586,479.9267578125
open_sora::PIS8y3scrUs_65_27to243,16.068403515033424,446.06005859375
real::yEZcY-wBMTY_8_776to989,71.5601664558053,481.205078125
open_sora::yEZcY-wBMTY_8_776to989,21.380088496021926,443.9345703125
real::pGFbukKeFdY_40_24to129,43.61405357159674,480.162109375
open_sora::pGFbukKeFdY_40_24to129,14.660054926760495,443.46533203125
real::4gWmzA43TNo_0_707to831,56.20117698702961,480.8642578125
open_sora::4gWmzA43TNo_0_707to831,19.908679569140077,445.22998046875
real::mXAYJK65yI4_174_0to136,85.02527517545968,482.56982421875
open_sora::mXAYJK65yI4_174_0to136,20.150985383428633,444.9853515625
real::KHA1MiRieLQ_19_0to150,36.81806650198996,479.45849609375
open_sora::KHA1MiRieLQ_19_0to150,15.45374922733754,443.23095703125
real::1N0X9vTvv40_14_0to135,40.36739607620984,479.45849609375
open_sora::1N0X9vTvv40_14_0to135,17.103257067501545,443.46533203125
real::VXj_dmLXjCM_23_45to179,44.84216775652021,479.45849609375
open_sora::VXj_dmLXjCM_23_45to179,15.803984429687262,443.23095703125
real::3vINW6S0kdI_1_0to865,57.34570371825248,479.69287109375
open_sora::3vINW6S0kdI_1_0to865,18.912102688103914,443.46533203125
real::9VTE1vK5VCg_15_136to404,45.82698324043304,479.69287109375
open_sora::9VTE1vK5VCg_15_136to404,16.310177829116583,443.46533203125
real::miZFO2gtu-g_168_34to231,53.19056154880673,479.92724609375
open_sora::miZFO2gtu-g_168_34to231,16.830175030976534,443.9345703125
real::4YmPLn8Y45I_74_29to139,115.908128448762,484.9453125
open_sora::4YmPLn8Y45I_74_29to139,26.16371054854244,446.5380859375
real::KvKGmtccM5E_46_241to435,39.64330114983022,479.92724609375
open_sora::KvKGmtccM5E_46_241to435,16.38389055710286,443.23095703125
real::4DuM4ozb1Ek_2_968to1595,46.60116389580071,480.8642578125
open_sora::4DuM4ozb1Ek_2_968to1595,16.16607310436666,443.23095703125
real::heVTnzvS1js_2_21to129,52.20350696519017,480.162109375
open_sora::heVTnzvS1js_2_21to129,19.640401468612254,444.98583984375
real::RhkWtAysuO8_2_40to174,63.528884241357446,482.40576171875
open_sora::RhkWtAysuO8_2_40to174,20.78351888805628,446.29052734375
real::NTPic7MwZ78_12_0to113,86.13291082903743,485.09814453125
open_sora::NTPic7MwZ78_12_0to113,19.42749870195985,443.9345703125
real::l4qVEGwwAuc_18_0to454,40.53266196139157,479.69287109375
open_sora::l4qVEGwwAuc_18_0to454,13.665072729811072,442.99560546875
real::7B5PIzh1LEk_7_0to131,49.008831080049276,479.69287109375
open_sora::7B5PIzh1LEk_7_0to131,16.893759078346193,443.69970703125
real::lC-dUm5s8eE_25_0to105,37.55847851000726,479.45849609375
open_sora::lC-dUm5s8eE_25_0to105,13.825361913070083,443.46533203125
real::Ggjt9u5UKqs_11_0to229,65.06776023935527,481.69287109375
open_sora::Ggjt9u5UKqs_11_0to229,19.40457537677139,443.9345703125
real::dk37D4TK490_4_0to390,60.243362677283585,480.8642578125
open_sora::dk37D4TK490_4_0to390,16.34512760769576,443.46533203125
real::dmmUFTSx8Ow_94_0to129,37.77098528761417,479.69287109375
open_sora::dmmUFTSx8Ow_94_0to129,15.730351416394114,443.23095703125
real::gbIzJDC-AFw_63_0to116,46.39538375567645,479.45849609375
open_sora::gbIzJDC-AFw_63_0to116,16.482331936247647,443.23095703125
real::YwY12NNCSG8_12_0to961,49.82818987313658,479.69287109375
open_sora::YwY12NNCSG8_12_0to961,17.65109635423869,443.69970703125
real::jaPuP6a_SrE_0_0to675,50.1795554663986,479.92724609375
open_sora::jaPuP6a_SrE_0_0to675,17.516207146458328,443.9345703125
real::POCazrEqYzo_57_32to255,54.022325622849166,480.162109375
open_sora::POCazrEqYzo_57_32to255,16.04884347692132,443.46533203125
real::Qqq61Iac1qc_3_0to146,52.02235911320895,479.92724609375
open_sora::Qqq61Iac1qc_3_0to146,17.708141854964197,443.46533203125
real::tEQCq1CcCeY_42_0to103,40.606113660149276,479.22314453125
open_sora::tEQCq1CcCeY_42_0to103,12.665450583212078,444.98583984375
real::83vzo2J09VM_89_23to153,44.741844499483705,480.8642578125
open_sora::83vzo2J09VM_89_23to153,17.810148475691676,446.60791015625
real::VorMhAAW5qY_23_0to116,58.481108229607344,483.79052734375
open_sora::VorMhAAW5qY_23_0to116,20.87107812985778,446.53759765625
real::VXBqO-nJ2SU_0_0to114,42.46283327694982,479.45849609375
open_sora::VXBqO-nJ2SU_0_0to114,15.875584667548537,443.46533203125
real::pbMoRiOMk7s_8_0to622,42.143859373405576,479.45849609375
open_sora::pbMoRiOMk7s_8_0to622,15.818437246605754,443.46533203125
real::sz_1SZCn2sI_15_0to170,82.51200563274324,482.9677734375
open_sora::sz_1SZCn2sI_15_0to170,14.444105920381844,443.23095703125
real::3AtjHc7TKyc_2_0to293,37.77669484075159,479.45849609375
open_sora::3AtjHc7TKyc_2_0to293,20.50493336096406,443.69970703125
real::hRYX43RRjso_1_0to133,34.25332354474813,479.22314453125
open_sora::hRYX43RRjso_1_0to133,14.427180309779942,442.99560546875
real::xq4l3l4HGjo_1_17to358,104.91965928766876,483.6455078125
open_sora::xq4l3l4HGjo_1_17to358,25.37455189600587,445.50634765625
real::nsEkJhFdvHk_0_0to354,47.71171972900629,482.38623046875
open_sora::nsEkJhFdvHk_0_0to354,18.018966474570334,443.46533203125
real::yEnuFySg1SQ_17_111to721,46.73278223630041,480.162109375
open_sora::yEnuFySg1SQ_17_111to721,17.184266938827932,443.69970703125
real::X9veB3NxTf0_1_0to195,42.07973506022245,479.45849609375
open_sora::X9veB3NxTf0_1_0to195,14.2443982725963,443.46533203125
real::fIKbTBt8QWI_9_0to136,48.10604828223586,479.69287109375
open_sora::fIKbTBt8QWI_9_0to136,16.492267053574324,443.9345703125
real::VKbbzSoOCmM_12_0to524,42.27884099073708,479.45849609375
open_sora::VKbbzSoOCmM_12_0to524,15.563766160979867,443.23095703125
real::IFop0h0lFhI_67_63to170,43.19127282127738,479.69287109375
open_sora::IFop0h0lFhI_67_63to170,16.755854915827513,444.9853515625
real::wa8q-iy2_Dc_41_44to162,40.657770982943475,480.8642578125
open_sora::wa8q-iy2_Dc_41_44to162,17.931561560370028,443.23095703125
real::T_6n-tZuxK4_25_0to336,38.70268677640706,479.45849609375
open_sora::T_6n-tZuxK4_25_0to336,15.63728869985789,443.23095703125
real::PH8V14VgpTk_53_0to151,46.52251920197159,481.205078125
open_sora::PH8V14VgpTk_53_0to151,20.36338552646339,443.69970703125
real::MouxVDH7_BM_60_0to266,40.890097668394446,479.45849609375
open_sora::MouxVDH7_BM_60_0to266,14.84336251579225,443.23095703125
real::xIrSLKUK8rs_22_0to121,50.816804960370064,479.45849609375
open_sora::xIrSLKUK8rs_22_0to121,16.204087540507317,443.23095703125
real::EQZibQ1fcCA_101_0to148,36.367517836391926,479.22314453125
open_sora::EQZibQ1fcCA_101_0to148,13.931045411154628,442.99609375
real::AE21rZTPiZ4_8_0to200,46.516379998996854,479.92724609375
open_sora::AE21rZTPiZ4_8_0to200,16.602223834954202,443.23095703125
real::lNuiUMdOUcQ_2_104to231,63.275335925631225,480.8642578125
open_sora::lNuiUMdOUcQ_2_104to231,19.372078322805464,443.69970703125
real::jT5KZHgGElI_9_286to437,41.236512277275324,479.45849609375
open_sora::jT5KZHgGElI_9_286to437,13.866782395169139,443.46533203125
real::8IKb2rXQoR8_2_78to310,49.49499943945557,479.69287109375
open_sora::8IKb2rXQoR8_2_78to310,17.16776593774557,443.23095703125
real::ti4ZRYuppbU_0_0to1294,64.4493864113465,482.56982421875
open_sora::ti4ZRYuppbU_0_0to1294,19.511886063963175,443.4033203125
real::BhfY7SydJas_72_0to118,41.15074322652072,479.45849609375
open_sora::BhfY7SydJas_72_0to118,17.83214149903506,443.46533203125
real::cyI1EZTFF8Q_0_0to1253,43.82337551470846,479.92724609375
open_sora::cyI1EZTFF8Q_0_0to1253,14.355579829774797,443.23095703125
real::rizbJwv0j6k_45_0to182,45.32099577318877,479.45849609375
open_sora::rizbJwv0j6k_45_0to182,19.742334590293467,443.69970703125
real::zbZ0iCd9jlI_29_102to312,42.86682676803321,479.45849609375
open_sora::zbZ0iCd9jlI_29_102to312,13.14554375037551,443.69970703125
real::WIb-QEwUcf4_23_0to918,50.75324273761362,481.205078125
open_sora::WIb-QEwUcf4_23_0to918,21.419883056543767,446.1328125
real::UOqVpLSqgTk_16_0to1311,48.33714182116091,479.45849609375
open_sora::UOqVpLSqgTk_16_0to1311,26.790969734080136,446.06005859375
real::k5wOH7jcc0Y_18_216to337,77.2473766664043,482.38623046875
open_sora::k5wOH7jcc0Y_18_216to337,15.347285645082593,443.23095703125
real::TKIx6Zwsrk8_2_0to411,44.446845930069685,479.92724609375
open_sora::TKIx6Zwsrk8_2_0to411,14.869528680108488,443.23095703125
real::b_ZbXBgbuRA_13_1010to1259,40.6377989705652,479.22314453125
open_sora::b_ZbXBgbuRA_13_1010to1259,13.246318019926548,442.99609375
real::IGecI5-AqdE_8_0to107,50.9230898944661,482.56982421875
open_sora::IGecI5-AqdE_8_0to107,13.423820287920535,446.29052734375
real::SvvOyKFMzy4_1_0to298,42.84315865300596,479.45849609375
open_sora::SvvOyKFMzy4_1_0to298,16.981822157278657,443.4033203125
real::Zk8m0gSU4GM_31_25to291,42.79629983846098,479.92724609375
open_sora::Zk8m0gSU4GM_31_25to291,22.327429171651602,444.9853515625
real::ttYkxnL6o8c_1_848to1459,65.13230835273862,482.56982421875
open_sora::ttYkxnL6o8c_1_848to1459,28.395836170762777,446.201171875
real::x8wymvDl_zk_29_0to112,57.19448151998222,479.69287109375
open_sora::x8wymvDl_zk_29_0to112,18.82520587928593,444.9853515625
real::FZmS809xvfU_21_47to151,39.838108527474105,479.22314453125
open_sora::FZmS809xvfU_21_47to151,13.19012897927314,443.23046875
real::MmqtNTfEzPE_14_0to116,48.73371860012412,482.38623046875
open_sora::MmqtNTfEzPE_14_0to116,14.487534708343446,442.99560546875
real::cROAqQW1yf0_41_821to935,55.33983915299177,479.69287109375
open_sora::cROAqQW1yf0_41_821to935,16.65107362344861,443.69970703125
real::LMIu4fqi8jI_26_28to199,43.18967257346958,479.92724609375
open_sora::LMIu4fqi8jI_26_28to199,14.607542637735605,443.23095703125
real::jKPchF3wWLo_9_0to130,37.268912490457296,479.22314453125
open_sora::jKPchF3wWLo_9_0to130,12.840326112695038,442.99560546875
real::RtEYbvoFoYQ_40_0to103,35.226113019511104,479.69287109375
open_sora::RtEYbvoFoYQ_40_0to103,11.942140612751245,443.23095703125
real::wu2p3K2cmNk_9_0to109,64.26569380611181,482.56982421875
open_sora::wu2p3K2cmNk_9_0to109,24.048050593584776,448.10791015625
real::BiTdrSUXua8_0_69to171,60.03434346895665,481.69287109375
open_sora::BiTdrSUXua8_0_69to171,22.200121456757188,447.05859375
real::6HxYRpsZSMo_4_0to295,40.78373450785875,479.2236328125
open_sora::6HxYRpsZSMo_4_0to295,13.17069774121046,443.23095703125
real::no0wuZ-XkPc_5_0to105,61.3088415954262,483.79052734375
open_sora::no0wuZ-XkPc_5_0to105,16.339458890259266,443.9345703125
real::f7jhxHrtlKg_43_19to133,43.50981896556914,479.69287109375
open_sora::f7jhxHrtlKg_43_19to133,21.96559383533895,443.4033203125
real::allSK6fihNw_8_15to151,39.281869743950665,479.45849609375
open_sora::allSK6fihNw_8_15to151,12.22769564203918,443.23095703125
real::Q7oGPjLSDAo_11_122to235,45.613238296471536,479.92724609375
open_sora::Q7oGPjLSDAo_11_122to235,17.08189807459712,443.69970703125
real::0ORDuB2SMK4_20_121to224,78.75369738601148,483.6328125
open_sora::0ORDuB2SMK4_20_121to224,14.116174939088523,443.69970703125
real::Dkcak_W-nOM_63_384to491,46.16524008847773,480.162109375
open_sora::Dkcak_W-nOM_63_384to491,17.186103323474526,447.05859375
real::dQu27i9mjq4_10_86to204,41.85454191174358,479.45849609375
open_sora::dQu27i9mjq4_10_86to204,17.592375906184316,443.46533203125
real::1CTOZzG7NEc_2_0to158,60.76290450524539,482.5703125
open_sora::1CTOZzG7NEc_2_0to158,17.508960746228695,443.69970703125
real::N3CiwPXnrHQ_64_58to164,49.345785330981016,480.162109375
open_sora::N3CiwPXnrHQ_64_58to164,18.703513097018003,443.9345703125
real::KgxoRo_QgPU_18_0to129,52.07594403531402,479.92724609375
open_sora::KgxoRo_QgPU_18_0to129,16.099827273748815,444.9853515625
real::YYaBHQYvs2c_8_631to876,45.93627979885787,479.92724609375
open_sora::YYaBHQYvs2c_8_631to876,14.968260201625526,443.23095703125
real::T2swYGj8iis_47_17to273,39.06469385884702,479.45849609375
open_sora::T2swYGj8iis_47_17to273,19.712970819324255,443.4033203125
real::sb_5g482H8Q_4_16to173,49.15017015207559,479.22314453125
open_sora::sb_5g482H8Q_4_16to173,19.49601936712861,443.4033203125
real::DnJ85Sz1iak_1_49to188,42.48084396496415,479.45849609375
open_sora::DnJ85Sz1iak_1_49to188,15.833617608994246,443.46533203125
real::WcE-uIubi5k_0_0to258,63.240031520836055,479.92724609375
open_sora::WcE-uIubi5k_0_0to258,17.58797239791602,443.69970703125
real::NUDBwBJeKvY_65_0to150,38.349964356049895,479.22314453125
open_sora::NUDBwBJeKvY_65_0to150,13.28923741914332,442.99560546875
real::lsxLeclNbf0_9_0to502,50.706271964125335,479.92724609375
open_sora::lsxLeclNbf0_9_0to502,16.22153976932168,443.9345703125
real::JD0qF0RYSx8_8_0to1470,50.9929581489414,480.8642578125
open_sora::JD0qF0RYSx8_8_0to1470,19.289734242483974,443.9345703125
real::OG3I6X7ypNc_11_51to161,39.399341772310436,479.45849609375
open_sora::OG3I6X7ypNc_11_51to161,15.506745303981006,443.23095703125
real::MFVxvRxpyjw_49_0to107,41.80949083622545,479.45849609375
open_sora::MFVxvRxpyjw_49_0to107,14.816595257259905,443.46533203125
real::BGWmFzBzXqs_2_0to136,56.040619255043566,481.39501953125
open_sora::BGWmFzBzXqs_2_0to136,20.30066088028252,443.4033203125
real::TghlWfr7pQI_21_0to384,46.25751447957009,479.69287109375
open_sora::TghlWfr7pQI_21_0to384,18.834324481897056,443.69970703125
real::cf8aNhsD1hs_6_0to145,41.29920169804245,479.45849609375
open_sora::cf8aNhsD1hs_6_0to145,15.20895104855299,443.23095703125
real::K5dGwTTPqSA_30_0to140,42.17863726243377,480.162109375
open_sora::K5dGwTTPqSA_30_0to140,12.975711897946894,442.99609375
real::RxM81K052UQ_14_0to258,38.79829213023186,479.45849609375
open_sora::RxM81K052UQ_14_0to258,28.07089317869395,446.06005859375
real::aicWFRDOVFI_5_0to146,39.674265556037426,479.69287109375
open_sora::aicWFRDOVFI_5_0to146,13.255021189339459,443.46484375
real::FPXd-tAV8Kc_16_70to216,39.992841416969895,479.69287109375
open_sora::FPXd-tAV8Kc_16_70to216,14.176532262004912,443.69970703125
real::JF7BaD11Xz0_16_0to157,42.68098867125809,479.92724609375
open_sora::JF7BaD11Xz0_16_0to157,13.934975903481245,442.99560546875
real::-sejjkTTVFo_4_89to226,48.99658832233399,479.92724609375
open_sora::-sejjkTTVFo_4_89to226,17.319599420763552,443.46533203125
real::QnmJSPc_Us0_34_21to244,44.492444636300206,479.45849609375
open_sora::QnmJSPc_Us0_34_21to244,16.783427502959967,443.46533203125
real::frXgj9_3Ihg_17_0to107,61.041576171293855,482.359375
open_sora::frXgj9_3Ihg_17_0to107,19.93210825137794,443.9345703125
real::HcqHJSbT3w0_9_62to193,43.42104453407228,479.92724609375
open_sora::HcqHJSbT3w0_9_62to193,28.268827765248716,446.60791015625
real::iCEbUGbFjc4_40_0to101,50.16779186949134,479.69287109375
open_sora::iCEbUGbFjc4_40_0to101,17.947390981949866,443.46533203125
real::KQuHYiwU3FE_87_133to253,38.98516411613673,479.69287109375
open_sora::KQuHYiwU3FE_87_133to253,15.588104980066419,443.46533203125
real::6TyKFQNdwCY_11_0to118,44.76302410662174,479.45849609375
open_sora::6TyKFQNdwCY_11_0to118,13.87810499407351,443.46533203125
real::uYn0RLEDzEQ_58_0to135,45.35509083326906,481.205078125
open_sora::uYn0RLEDzEQ_58_0to135,16.109765947796404,443.4033203125
real::hzeGe9JdQ3g_1_0to583,63.47486711386591,482.38623046875
open_sora::hzeGe9JdQ3g_1_0to583,23.366881706751883,444.98583984375
real::HPSgW2dvv0M_22_0to151,46.75250441208482,479.45849609375
open_sora::HPSgW2dvv0M_22_0to151,15.999635856598616,443.46533203125
real::I8Nyhud2BVI_21_0to203,38.14744988735765,480.16162109375
open_sora::I8Nyhud2BVI_21_0to203,15.548312638886273,443.23095703125
real::3rWXqlFIlLU_66_0to187,56.97393052186817,480.8642578125
open_sora::3rWXqlFIlLU_66_0to187,20.624884112738073,447.05859375
real::1H-dc_hIASc_2_842to1459,49.44334601610899,479.45849609375
open_sora::1H-dc_hIASc_2_842to1459,25.236934854649007,446.60791015625
real::b_PPA2QhRgM_2_0to128,38.2202667593956,479.69287109375
open_sora::b_PPA2QhRgM_2_0to128,13.021015889942646,443.69970703125
real::Gjpr4H6kKHY_13_0to107,40.40755719412118,479.4580078125
open_sora::Gjpr4H6kKHY_13_0to107,15.990965346805751,443.23095703125
real::eBETG_grxM8_1_75to180,65.2477862322703,482.56982421875
open_sora::eBETG_grxM8_1_75to180,19.988280141726136,444.98583984375
real::KHxxT2r5LLI_14_0to185,54.41092730220407,480.8642578125
open_sora::KHxxT2r5LLI_14_0to185,23.516158066689968,444.9853515625
real::dDZ4rrOHHCs_59_0to201,79.12461406644434,479.69287109375
open_sora::dDZ4rrOHHCs_59_0to201,23.961832283996046,446.58203125
real::EgUU5Oh1q7c_9_0to117,43.18038135673851,479.92724609375
open_sora::EgUU5Oh1q7c_9_0to117,12.538091577589512,443.23095703125
real::nK-zlNUUHhM_13_0to171,39.29683047067374,479.4580078125
open_sora::nK-zlNUUHhM_13_0to171,12.470824004150927,443.46484375
real::a5N7oyTNJQQ_18_0to166,45.250941989943385,479.69287109375
open_sora::a5N7oyTNJQQ_18_0to166,16.68208642024547,443.46533203125
real::3KlHKI-3QdM_25_305to452,59.79881735984236,480.162109375
open_sora::3KlHKI-3QdM_25_305to452,22.589402586221695,444.9853515625
real::GgtQ01ROYLo_18_0to117,49.314094169065356,479.69287109375
open_sora::GgtQ01ROYLo_18_0to117,17.75232082325965,443.46533203125
real::TEIacL5lfpQ_24_0to977,57.46240767464042,479.92724609375
open_sora::TEIacL5lfpQ_24_0to977,19.02718067355454,443.9345703125
real::ABJHqBkcBBQ_7_84to235,88.75318805873394,483.0810546875
open_sora::ABJHqBkcBBQ_7_84to235,22.79539872519672,446.60791015625
real::kjM11a_3C2U_40_24to213,44.53182718344033,479.45849609375
open_sora::kjM11a_3C2U_40_24to213,15.3479074947536,443.23095703125
real::YUr9B-5a-kM_128_0to109,35.486480046994984,479.45849609375
open_sora::YUr9B-5a-kM_128_0to109,14.318206894211471,442.99609375
real::_2auieYtkVA_3_0to134,44.673480548895895,479.69287109375
open_sora::_2auieYtkVA_3_0to134,16.349773089401424,443.69970703125
real::Wuy-VEKFJfg_5_0to181,41.86193071864545,479.45849609375
open_sora::Wuy-VEKFJfg_5_0to181,16.47196447663009,443.4033203125
real::pVeYpniU0nY_3_0to109,30.78563071973622,479.45849609375
open_sora::pVeYpniU0nY_3_0to109,11.949262083508074,442.99560546875
real::jK_poKjGOT4_37_24to181,50.04746130295098,479.92724609375
open_sora::jK_poKjGOT4_37_24to181,14.611864348873496,444.9853515625
real::2d_CgA7CsrM_4_90to226,43.76687241438776,479.69287109375
open_sora::2d_CgA7CsrM_4_90to226,16.29103631246835,443.46533203125
real::QxP5xGK11_I_44_19to127,73.45536904130131,482.56982421875
open_sora::QxP5xGK11_I_44_19to127,25.559814886189997,446.29052734375
real::nf0Aom0e6jo_61_75to217,49.688835291191936,480.162109375
open_sora::nf0Aom0e6jo_61_75to217,20.181470106355846,444.9853515625
real::ILeT1KVqgCo_27_71to291,54.59257929120213,480.162109375
open_sora::ILeT1KVqgCo_27_71to291,16.4255904648453,443.69970703125
real::m0Tm3Iyknh0_11_0to236,47.88571358844638,480.162109375
open_sora::m0Tm3Iyknh0_11_0to236,18.713089789263904,443.4033203125
real::H74huKe4zt8_168_0to117,41.58767311926931,479.45849609375
open_sora::H74huKe4zt8_168_0to117,16.569497478194535,443.23095703125
real::y6s4PxWQYqc_1_0to209,52.991086918860674,481.69287109375
open_sora::y6s4PxWQYqc_1_0to209,14.32014374434948,443.4033203125
real::vTrg7Yya23I_3_0to1181,48.13421471696347,479.92724609375
open_sora::vTrg7Yya23I_3_0to1181,17.244890064932406,443.9345703125
real::GR3bSiQ7JJk_22_0to121,39.55896773375571,479.45849609375
open_sora::GR3bSiQ7JJk_22_0to121,12.841779327951372,443.23095703125
real::36pIxTNvFDA_10_292to704,52.77821795269847,480.8642578125
open_sora::36pIxTNvFDA_10_292to704,18.01963043026626,443.69970703125
real::KJsS3z_ubgQ_4_0to151,49.01078084576875,481.205078125
open_sora::KJsS3z_ubgQ_4_0to151,23.930256966501474,446.06005859375
real::hjYYBIH5ZGs_0_0to1460,49.711074374616146,479.69287109375
open_sora::hjYYBIH5ZGs_0_0to1460,13.375195109285414,444.9853515625
real::2pDPK0Oi2nE_31_0to132,68.38587852101773,480.8642578125
open_sora::2pDPK0Oi2nE_31_0to132,23.212945851497352,448.10791015625
real::va98RlN_nAE_2_0to1495,53.526906698942184,480.162109375
open_sora::va98RlN_nAE_2_0to1495,12.147641947492957,443.23046875
real::mbPhLYw0TWI_1_0to261,62.76765284035355,482.56982421875
open_sora::mbPhLYw0TWI_1_0to261,14.569276134483516,443.46533203125
real::vMbQHNOmo8k_23_0to107,53.89256945345551,479.45849609375
open_sora::vMbQHNOmo8k_23_0to107,14.639786300249398,443.23095703125
real::Syff4tqo7w0_110_63to221,44.348311476409435,479.69287109375
open_sora::Syff4tqo7w0_110_63to221,15.80044074729085,443.46533203125
real::j_sZOexT9qU_59_0to149,35.37083632405847,479.22314453125
open_sora::j_sZOexT9qU_59_0to149,12.87689434364438,443.46484375
real::TCIGV7Zyvog_50_72to192,39.08755262196064,479.4580078125
open_sora::TCIGV7Zyvog_50_72to192,11.349765338003635,442.99560546875
real::lV0yvykKALc_368_105to235,51.85258203372359,480.162109375
open_sora::lV0yvykKALc_368_105to235,21.727355528622866,444.9853515625
real::sUR4aiCMLDg_14_0to196,67.40283909533173,482.56982421875
open_sora::sUR4aiCMLDg_14_0to196,23.801196167245507,446.1328125
real::jZ0BPkVx5Ds_15_76to220,78.25414573121816,482.38623046875
open_sora::jZ0BPkVx5Ds_15_76to220,20.863207643851638,446.40234375
real::3YMQxmNWVkI_41_0to296,63.90303977672011,479.92724609375
open_sora::3YMQxmNWVkI_41_0to296,18.66688277758658,446.06005859375
real::O2eTjinMQA8_2_0to1072,45.9459523120895,479.22314453125
open_sora::O2eTjinMQA8_2_0to1072,15.283973667770624,442.99609375
real::WOqEXH58-dA_25_0to114,62.76359653752297,482.59375
open_sora::WOqEXH58-dA_25_0to114,23.13758757710457,443.4033203125
real::Tcn1Tu4pmsY_5_0to104,41.27055482007563,479.45849609375
open_sora::Tcn1Tu4pmsY_5_0to104,14.335598496720195,443.69970703125
real::6tmVWo-YUEc_17_27to141,44.944420457817614,479.69287109375
open_sora::6tmVWo-YUEc_17_27to141,16.273833386600018,443.46533203125
real::iEz91Wn5XnQ_134_30to149,37.557133364491165,479.45849609375
open_sora::iEz91Wn5XnQ_134_30to149,13.020057352259755,443.23095703125
real::yh-5NAtulks_26_0to107,58.41464572492987,482.56982421875
open_sora::yh-5NAtulks_26_0to107,20.98952980712056,444.98583984375
real::MLKrmw906TM_26_23to307,45.572343934327364,479.69287109375
open_sora::MLKrmw906TM_26_23to307,17.574307350441813,444.98583984375
real::MqYPKimycmI_19_106to230,277.7218752214685,490.8154296875
open_sora::MqYPKimycmI_19_106to230,23.40089156292379,450.97900390625
real::zkslGsxPw7w_3_85to802,64.67914913967252,480.162109375
open_sora::zkslGsxPw7w_3_85to802,23.382286025211215,443.4033203125
real::Stg7i3xsOMg_1_106to307,45.11987768486142,479.69287109375
open_sora::Stg7i3xsOMg_1_106to307,17.316105362027884,443.9345703125
real::utedyJ7QRBs_0_728to926,43.85852984432131,480.8642578125
open_sora::utedyJ7QRBs_0_728to926,16.05684211011976,443.4033203125
real::GqlqMUy-gKM_15_0to140,71.31596723292023,485.0986328125
open_sora::GqlqMUy-gKM_15_0to140,12.837652383372188,442.99609375
real::SMCOgb9WbmA_93_24to125,41.33239806164056,479.69287109375
open_sora::SMCOgb9WbmA_93_24to125,16.651650213636458,443.46533203125
real::95TU5NOnLgQ_44_107to216,50.05175380129367,480.8642578125
open_sora::95TU5NOnLgQ_44_107to216,19.900700740516186,444.98583984375
real::or_j2KGveyE_0_0to115,56.24164257384837,479.69287109375
open_sora::or_j2KGveyE_0_0to115,17.037197940051556,443.46533203125
real::uT5Drjfx8ho_16_0to201,47.82412002142519,480.162109375
open_sora::uT5Drjfx8ho_16_0to201,23.98760543949902,447.05859375
real::iVBLJnLJgLk_9_0to115,38.685326426289976,479.9267578125
open_sora::iVBLJnLJgLk_9_0to115,18.20618944428861,443.69970703125
real::1eV2Vwgvax8_200_117to221,38.122722409665585,479.6923828125
open_sora::1eV2Vwgvax8_200_117to221,14.881132666952908,443.69970703125
real::bd-0jHY_A7U_14_0to145,71.86421122588217,483.1416015625
open_sora::bd-0jHY_A7U_14_0to145,22.521009267307818,444.9853515625
real::my3ZfcTydcI_10_104to276,52.30669751483947,481.205078125
open_sora::my3ZfcTydcI_10_104to276,19.28774071484804,446.53759765625
real::amr5aVYjMfA_47_0to244,47.835474072024226,479.92724609375
open_sora::amr5aVYjMfA_47_0to244,16.26087134052068,443.46533203125
real::q8sc0yY8njk_37_112to223,50.05362104997039,479.69287109375
open_sora::q8sc0yY8njk_37_112to223,17.502336935140193,443.9345703125
real::O-H_Ybmtu_U_16_0to445,87.70585956051946,482.38623046875
open_sora::O-H_Ybmtu_U_16_0to445,18.61709572840482,444.98583984375
real::SX0i_AOIlEg_0_0to130,38.256919647566974,479.69287109375
open_sora::SX0i_AOIlEg_0_0to130,13.200607209466398,443.69970703125
real::iv9xwewntVA_7_140to280,46.81551365274936,479.45849609375
open_sora::iv9xwewntVA_7_140to280,14.818480270914733,443.23095703125
real::xeXCnPHJRPA_28_0to331,44.43661786336452,479.45849609375
open_sora::xeXCnPHJRPA_28_0to331,18.1210896987468,443.69970703125
real::avQ0EtONoq0_22_84to315,58.63225879892707,480.162109375
open_sora::avQ0EtONoq0_22_84to315,21.422671793960035,444.9853515625
real::pR76qfLvcwQ_38_0to160,43.45288020465523,479.69287109375
open_sora::pR76qfLvcwQ_38_0to160,15.860209036618471,443.23095703125
real::A_aFnxsStao_2_0to797,46.619115822948515,479.69287109375
open_sora::A_aFnxsStao_2_0to797,15.249034679494798,443.23095703125
real::BckyrcymtUk_65_0to136,37.80205741152167,479.6923828125
open_sora::BckyrcymtUk_65_0to136,19.019879115745425,446.37158203125
real::Q66yzo2mBBI_1_0to109,48.32057041209191,479.92724609375
open_sora::Q66yzo2mBBI_1_0to109,15.951452914625406,443.9345703125
real::1RxNjS_XTE4_11_0to181,39.221322861500084,479.45849609375
open_sora::1RxNjS_XTE4_11_0to181,14.650829614140093,443.23095703125
real::OUXBFpgC_YI_3_73to448,45.63159368745983,479.69287109375
open_sora::OUXBFpgC_YI_3_73to448,15.250932231545448,443.23095703125
real::LkWmwEN4uh4_29_0to219,51.78414052352309,479.92724609375
open_sora::LkWmwEN4uh4_29_0to219,16.925987483002245,443.69970703125
real::XvlyJ5JxXyQ_5_0to208,41.00277476385236,479.4580078125
open_sora::XvlyJ5JxXyQ_5_0to208,15.35019377246499,443.46533203125
real::hLRM_UaYjfw_33_0to108,48.01304492354393,479.45849609375
open_sora::hLRM_UaYjfw_33_0to108,14.139443626627326,443.23095703125
real::zdj2JlHuoQk_4_0to150,61.85099504143,480.8642578125
open_sora::zdj2JlHuoQk_4_0to150,19.002721149474382,443.9345703125
real::xN754xIHe8w_2_91to240,49.05593922454864,479.92724609375
open_sora::xN754xIHe8w_2_91to240,18.483429161831737,443.9345703125
real::_KZ32_lVyIc_25_0to176,38.246649323031306,479.45849609375
open_sora::_KZ32_lVyIc_25_0to176,22.780187520198524,443.4033203125
real::HdtqT1Tmd-w_33_0to122,35.78417516220361,479.45849609375
open_sora::HdtqT1Tmd-w_33_0to122,13.079561348073184,443.23046875
real::NYaxxBAIrok_22_195to305,64.24243020825088,482.56982421875
open_sora::NYaxxBAIrok_22_195to305,23.74356698896736,443.4033203125
real::q1HlTaAjgdk_6_0to195,61.61806976608932,479.45849609375
open_sora::q1HlTaAjgdk_6_0to195,15.851091649383307,443.23095703125
real::5LLb3Hv6XSE_3_0to110,56.438568006269634,480.8642578125
open_sora::5LLb3Hv6XSE_3_0to110,18.926706209778786,443.4033203125
real::BG6Ls_CVFys_10_0to130,75.37697767000645,482.37158203125
open_sora::BG6Ls_CVFys_10_0to130,25.627350779250264,446.326171875
real::thOm3ERcDa0_19_0to238,44.87224906589836,479.45849609375
open_sora::thOm3ERcDa0_19_0to238,18.0411830637604,443.69970703125
real::5F8CM4jD6TM_24_0to128,38.20809427089989,479.92724609375
open_sora::5F8CM4jD6TM_24_0to128,15.670689776539803,443.69970703125
real::MPxVVVppyOI_12_0to226,62.22219744231552,482.56982421875
open_sora::MPxVVVppyOI_12_0to226,19.98234163969755,444.9853515625
real::ta7HoZFRKJQ_90_57to158,125.85624005272985,483.0810546875
open_sora::ta7HoZFRKJQ_90_57to158,35.06156289950013,446.5380859375
real::-MKRahy1iHQ_39_38to239,49.925675633363426,479.45849609375
open_sora::-MKRahy1iHQ_39_38to239,13.883378270082176,443.46484375
real::ox7drYVhsto_5_0to1542,62.00299439113587,479.92724609375
open_sora::ox7drYVhsto_5_0to1542,18.58850440196693,443.9345703125
real::b0FeBMXxjt8_9_0to113,45.60382545273751,479.45849609375
open_sora::b0FeBMXxjt8_9_0to113,15.7670191032812,443.23095703125
real::H5GgVEj9oOQ_2_67to279,81.56884832400829,482.56982421875
open_sora::H5GgVEj9oOQ_2_67to279,21.00270174909383,444.9853515625
real::Pc4OMXbpyus_56_0to114,41.98037324286997,479.45849609375
open_sora::Pc4OMXbpyus_56_0to114,18.19154181983322,443.9345703125
real::C-JOvnL8zG4_62_0to320,49.67892449628562,479.92724609375
open_sora::C-JOvnL8zG4_62_0to320,16.25883338507265,446.29052734375
real::HD5KrPC1PUs_80_21to136,41.7616902012378,479.22314453125
open_sora::HD5KrPC1PUs_80_21to136,13.771082032471895,443.23046875
real::nYh3xGCqHQc_0_0to157,52.167254503816366,480.162109375
open_sora::nYh3xGCqHQc_0_0to157,18.829784797504544,443.69970703125
real::71UTg76CzjY_7_102to381,71.66671946272254,481.69287109375
open_sora::71UTg76CzjY_7_102to381,27.932805015705526,446.16796875
real::5UCcOvoabm8_43_19to123,56.24319982342422,480.162109375
open_sora::5UCcOvoabm8_43_19to123,16.49553492758423,443.46533203125
real::zASYYrptGPU_2_40to163,55.48899773322046,480.162109375
open_sora::zASYYrptGPU_2_40to163,21.376221762038767,443.4033203125
real::Glqb66ErZbM_7_20to174,48.83897376805544,479.69287109375
open_sora::Glqb66ErZbM_7_20to174,17.19656622875482,443.46533203125
real::0U-wsZCoZSw_9_0to101,67.87692182790488,481.69287109375
open_sora::0U-wsZCoZSw_9_0to101,22.71890644542873,444.98583984375
real::Q07HlVqNM0A_18_0to124,44.08755690418184,479.45849609375
open_sora::Q07HlVqNM0A_18_0to124,16.11327463388443,443.23095703125
real::ziLTQymxqS8_28_0to431,43.71589993592352,479.45849609375
open_sora::ziLTQymxqS8_28_0to431,15.273407522588968,443.23095703125
real::XKpBW4ZBlYQ_39_0to148,47.6203931691125,479.69287109375
open_sora::XKpBW4ZBlYQ_39_0to148,18.00991582032293,443.46533203125
real::SyjehBU3yM4_1_0to527,48.12739438004792,479.69287109375
open_sora::SyjehBU3yM4_1_0to527,15.725234627723694,443.23095703125
real::wrQSMcU_IRQ_46_0to204,69.18368403986096,481.69287109375
open_sora::wrQSMcU_IRQ_46_0to204,25.090094523504376,447.5302734375
real::7X1iNz-GnYc_3_51to266,68.6646620919928,483.79052734375
open_sora::7X1iNz-GnYc_3_51to266,20.706846594810486,444.9853515625
real::e3g4P1MEKmk_14_0to331,48.037872441112995,479.92724609375
open_sora::e3g4P1MEKmk_14_0to331,13.020014876499772,443.46533203125
real::kdVaDtUFVFc_68_0to193,46.7565855961293,479.69287109375
open_sora::kdVaDtUFVFc_68_0to193,20.75687672290951,443.69970703125
real::SCN9HH0eaPc_21_0to297,54.01528511289507,483.79052734375
open_sora::SCN9HH0eaPc_21_0to297,24.994896228425205,445.18896484375
real::dfAOmLOl4NM_8_0to158,39.72998946532607,479.69287109375
open_sora::dfAOmLOl4NM_8_0to158,14.757050508633256,443.23095703125
real::4PwQgQafGjE_44_40to429,64.13135264441371,480.8642578125
open_sora::4PwQgQafGjE_44_40to429,18.89572495687753,443.4033203125
real::QajVeGfuxv8_6_20to201,45.34642379079014,479.69287109375
open_sora::QajVeGfuxv8_6_20to201,18.141081903129816,443.9345703125
real::XPvEQG2D9O4_10_63to400,44.87780783046037,479.69287109375
open_sora::XPvEQG2D9O4_10_63to400,18.573004345409572,443.69970703125
real::deL_b1rthTA_0_0to1449,55.04034187551588,479.69287109375
open_sora::deL_b1rthTA_0_0to1449,17.306651142425835,443.46533203125
real::mpuaNpaoIms_32_0to132,76.59036365244538,482.359375
open_sora::mpuaNpaoIms_32_0to132,25.472989711910486,446.98974609375
real::MhBqXU_yMmM_3_0to614,69.40694874245673,479.92724609375
open_sora::MhBqXU_yMmM_3_0to614,19.36676569841802,449.61669921875
real::NP2ILVtgYdM_19_0to195,57.85845761932433,482.35693359375
open_sora::NP2ILVtgYdM_19_0to195,21.50656882673502,443.4033203125
real::4nZgSQZSWc0_12_79to191,64.21734844427556,482.38623046875
open_sora::4nZgSQZSWc0_12_79to191,21.217314574867487,443.4033203125
real::hKVz2lml-44_20_0to400,46.43616064544767,479.92724609375
open_sora::hKVz2lml-44_20_0to400,13.382889709435403,443.46533203125
real::XnOPyRIqFH0_26_0to139,62.84259495977312,482.359375
open_sora::XnOPyRIqFH0_26_0to139,18.44074111059308,446.06005859375
real::H5obudBgjKk_6_19to557,52.785978838801384,480.8642578125
open_sora::H5obudBgjKk_6_19to557,18.20493827201426,444.9853515625
real::2W4RH0G48Y4_1_0to141,52.132810787297785,479.45849609375
open_sora::2W4RH0G48Y4_1_0to141,14.730630900710821,443.69970703125
real::S-732576H4Y_48_0to176,57.519537921994925,481.205078125
open_sora::S-732576H4Y_48_0to176,21.922646108083427,443.4033203125
real::mzyArbF7dMg_3_147to469,104.18121730629355,483.1904296875
open_sora::mzyArbF7dMg_3_147to469,25.528016256168485,446.29052734375
real::recdC1ljLCs_11_116to250,38.95978370588273,479.69287109375
open_sora::recdC1ljLCs_11_116to250,12.9881647285074,443.46484375
real::kisUSW0hn1c_12_0to267,44.457062646746635,479.45849609375
open_sora::kisUSW0hn1c_12_0to267,15.433649259619415,443.23095703125
real::lo6fVLLcDac_9_0to118,43.39578830637038,479.45849609375
open_sora::lo6fVLLcDac_9_0to118,21.372602126561105,446.29052734375
real::s38C4ArmSWg_55_175to280,44.80476110894233,480.162109375
open_sora::s38C4ArmSWg_55_175to280,13.909011294133961,443.23046875
real::jKcbTaegbVs_28_0to128,40.264707959257066,479.69287109375
open_sora::jKcbTaegbVs_28_0to128,12.254484729841352,443.23095703125
real::4xSKhrsm3AM_7_38to139,51.94588974304497,479.69287109375
open_sora::4xSKhrsm3AM_7_38to139,14.759129090234637,443.23095703125
real::_jAHaAd0vZ0_0_582to971,57.996349431574345,481.205078125
open_sora::_jAHaAd0vZ0_0_582to971,20.621337056159973,443.69970703125
real::DNU0bXmfXR0_22_0to725,62.216267307288945,480.8642578125
open_sora::DNU0bXmfXR0_22_0to725,24.114201307296753,444.98583984375
real::nSO51Kat_MI_51_75to203,39.57500415481627,479.92724609375
open_sora::nSO51Kat_MI_51_75to203,12.544618146494031,443.23095703125
real::magictime_7136539298299530527_0022,32.931400642730296,479.22314453125
open_sora::magictime_7136539298299530527_0022,12.739772393368185,443.9345703125
real::0XcS1jPrPPk_30_861to1114,46.28375413548201,480.162109375
open_sora::0XcS1jPrPPk_30_861to1114,16.241790330968797,443.23095703125
real::zRwhnkPE450_10_0to136,44.631418717093766,479.45849609375
open_sora::zRwhnkPE450_10_0to136,15.251090091653168,443.9345703125
real::1XdjneJPURo_23_0to296,52.84838243108243,481.205078125
open_sora::1XdjneJPURo_23_0to296,22.370379503816366,444.98583984375
real::LG3EHF0vh64_47_0to136,49.96146577317268,479.92724609375
open_sora::LG3EHF0vh64_47_0to136,14.11644967738539,443.4033203125
real::U30n7iM9XoI_8_0to118,53.08364869467914,482.35693359375
open_sora::U30n7iM9XoI_8_0to118,21.065240669064224,443.4033203125
real::zRRbVdmlrrk_42_81to273,59.69194276165217,481.205078125
open_sora::zRRbVdmlrrk_42_81to273,21.757835146971047,443.4033203125
real::dBoTTmb_kMk_212_0to127,45.23268845677376,479.45849609375
open_sora::dBoTTmb_kMk_212_0to127,17.22204497642815,443.9345703125
real::Zj1e5S-_QYs_52_0to131,68.50191499572247,482.75927734375
open_sora::Zj1e5S-_QYs_52_0to131,14.079573543742299,444.9853515625
real::MNHRUPuceLs_2_21to124,38.93482001218945,479.4580078125
open_sora::MNHRUPuceLs_2_21to124,16.152643379755318,443.46533203125
real::bUk8WrvcQG0_90_0to110,41.73287107143551,479.2236328125
open_sora::bUk8WrvcQG0_90_0to110,15.451242143288255,443.23095703125
real::KSA-Sh8y46s_14_24to153,68.09757381491363,483.28857421875
open_sora::KSA-Sh8y46s_14_24to153,23.960440467111766,446.5380859375
real::3hVN9CK-qzI_3_0to290,39.35872327629477,479.69287109375
open_sora::3hVN9CK-qzI_3_0to290,16.74806675221771,443.46533203125
real::ixO604-OE20_39_596to864,41.419454568997025,479.69287109375
open_sora::ixO604-OE20_39_596to864,14.262281737290323,443.23095703125
real::3nNrbrvnsxU_43_28to244,75.95564223919064,480.8642578125
open_sora::3nNrbrvnsxU_43_28to244,12.663087916560471,443.23095703125
real::pOZtOaHTq1A_23_36to145,51.77269681170583,480.162109375
open_sora::pOZtOaHTq1A_23_36to145,19.558221840299666,443.69970703125
real::fOZuB-PeY1g_22_76to207,43.9125557448715,479.69287109375
open_sora::fOZuB-PeY1g_22_76to207,23.653713974170387,447.05859375
real::ZYkzQUuCgpM_2_0to431,50.67217064648867,480.162109375
open_sora::ZYkzQUuCgpM_2_0to431,13.038406155072153,443.23046875
real::I1xDfIO1IGA_21_23to247,44.18561058212072,479.69287109375
open_sora::I1xDfIO1IGA_21_23to247,20.420712453313172,443.9345703125
real::GdiuZkPHF1c_3_0to142,56.80515446793288,479.69287109375
open_sora::GdiuZkPHF1c_3_0to142,17.722326007671654,443.46533203125
real::QU1YIiHrY7I_131_0to117,42.76863970607519,480.162109375
open_sora::QU1YIiHrY7I_131_0to117,18.420902096666396,444.9853515625
real::YJixpqOimS8_20_521to815,59.06644247844815,480.162109375
open_sora::YJixpqOimS8_20_521to815,19.856439114548266,443.9345703125
real::BRwpgFwGH1M_47_0to111,57.67701415345073,479.92724609375
open_sora::BRwpgFwGH1M_47_0to111,18.25737737119198,443.4033203125
real::CmAHqbHYJJ0_0_0to657,43.17394362390041,479.45849609375
open_sora::CmAHqbHYJJ0_0_0to657,16.488217803649604,443.69970703125
real::8Ofgj2KDbfk_7_74to290,46.131789417006075,481.205078125
open_sora::8Ofgj2KDbfk_7_74to290,16.161985307000577,443.46533203125
real::SUx203wm9WU_13_75to176,68.94441003724933,480.8642578125
open_sora::SUx203wm9WU_13_75to176,30.283137540332973,446.53759765625
real::37OWIFbjekY_0_0to136,48.44760559126735,479.69287109375
open_sora::37OWIFbjekY_0_0to136,14.910213687457144,443.46533203125
real::KW-HlCaKoz4_79_0to184,59.1015709657222,481.205078125
open_sora::KW-HlCaKoz4_79_0to184,22.9353667460382,446.1328125
real::Ww0J-oEECLo_7_22to136,82.9210011670366,483.6328125
open_sora::Ww0J-oEECLo_7_22to136,19.16682261135429,446.1328125
real::7umDrAzKlZI_44_66to186,56.064023901708424,482.35693359375
open_sora::7umDrAzKlZI_44_66to186,20.599623191170394,443.4033203125
real::Avvj7SvYI-0_0_0to170,45.87762122694403,479.69287109375
open_sora::Avvj7SvYI-0_0_0to170,14.886525860056281,443.46533203125
real::WE0PcMAe3Zo_38_23to159,49.69420582987368,479.45849609375
open_sora::WE0PcMAe3Zo_38_23to159,21.81803929246962,443.9345703125
real::PD5KXJ6y8U0_53_39to269,51.10827247519046,479.69287109375
open_sora::PD5KXJ6y8U0_53_39to269,17.933348660357296,443.46533203125
real::wd8MNYA2A9E_19_0to123,42.57447486370802,479.45849609375
open_sora::wd8MNYA2A9E_19_0to123,14.37860161345452,443.23095703125
real::YAtWxX_WVyg_25_0to125,58.77937152888626,481.205078125
open_sora::YAtWxX_WVyg_25_0to125,20.88430447038263,447.05859375
real::jn94VdMgIAI_57_0to128,50.834841053932905,479.92724609375
open_sora::jn94VdMgIAI_57_0to128,17.652731238864362,443.69970703125
real::vIZxL0R_s1o_41_119to257,66.56596269272268,483.79052734375
open_sora::vIZxL0R_s1o_41_119to257,31.414988305419683,446.40234375
real::gW_lf3wYXRs_85_0to244,46.640992153435946,479.45849609375
open_sora::gW_lf3wYXRs_85_0to244,14.560807448811829,443.23095703125
real::5MSt623auY8_4_0to178,48.09678991138935,480.162109375
open_sora::5MSt623auY8_4_0to178,13.583276617340744,443.46533203125
real::Y-xtlrlT_uU_23_0to104,37.22819468472153,479.45849609375
open_sora::Y-xtlrlT_uU_23_0to104,13.631123341619968,443.23095703125
real::GgEreRPdZdg_1_0to380,69.72170117590576,482.56982421875
open_sora::GgEreRPdZdg_1_0to380,24.547993395477533,446.60791015625
real::zMgybJFSKKo_139_0to439,39.03526039607823,479.69287109375
open_sora::zMgybJFSKKo_139_0to439,11.871527205221355,442.99609375
real::89u4oneWOLE_41_0to253,38.453463909216225,479.22314453125
open_sora::89u4oneWOLE_41_0to253,11.151712065562606,442.99560546875
real::w-ql8bwcx00_37_0to141,51.39916790742427,479.69287109375
open_sora::w-ql8bwcx00_37_0to141,20.70523107610643,443.69970703125
real::1fDrrrv6GHU_1_17to137,58.56617903057486,480.162109375
open_sora::1fDrrrv6GHU_1_17to137,23.931438772007823,447.05859375
real::5YPBl3WGGg0_16_0to150,57.67294488940388,480.8642578125
open_sora::5YPBl3WGGg0_16_0to150,20.923871766775846,443.4033203125
real::BZ7nVKrZoV4_41_0to118,31.306818263605237,479.4580078125
open_sora::BZ7nVKrZoV4_41_0to118,14.437449385412037,443.46533203125
real::XSju6giYCJM_31_0to235,46.4773820694536,479.92724609375
open_sora::XSju6giYCJM_31_0to235,13.123051607981324,442.99560546875
real::gp8vIk2Uhmk_6_0to152,32.63060981687158,479.69287109375
open_sora::gp8vIk2Uhmk_6_0to152,14.304521210491657,443.23095703125
real::sZkL5KERq9k_6_0to131,45.55327686853707,479.45849609375
open_sora::sZkL5KERq9k_6_0to131,20.012552911415696,443.69970703125
real::Q4z7MkO1pLE_61_33to169,29.624722251668572,479.45849609375
open_sora::Q4z7MkO1pLE_61_33to169,12.938110708259046,443.23095703125
real::OcHrY7oXfFg_3_62to756,54.73836065270007,481.205078125
open_sora::OcHrY7oXfFg_3_62to756,16.461548293940723,443.4033203125
real::wz9Yx_Mqffk_107_33to201,41.16889956500381,479.45849609375
open_sora::wz9Yx_Mqffk_107_33to201,12.75492814462632,443.46484375
real::s565-NSlWo0_85_131to250,43.88830295577645,479.69287109375
open_sora::s565-NSlWo0_85_131to250,13.852982459589839,443.46533203125
real::JdKMxFLMsvc_10_0to181,53.53010506462306,481.205078125
open_sora::JdKMxFLMsvc_10_0to181,17.93402161449194,443.46533203125
real::ei6efA5PIR0_31_23to150,54.62580270599574,483.79052734375
open_sora::ei6efA5PIR0_31_23to150,22.133779920637608,443.9345703125
real::x3lKdYWdGhM_4_76to185,41.338466229848564,479.22314453125
open_sora::x3lKdYWdGhM_4_76to185,13.80782450735569,442.99560546875
real::FM3t88m391I_4_607to1390,83.20377707015723,483.10302734375
open_sora::FM3t88m391I_4_607to1390,18.860941386781633,443.4033203125
real::Sz1c0in4dqA_6_136to316,56.809120923280716,482.38623046875
open_sora::Sz1c0in4dqA_6_136to316,20.074801890179515,444.98583984375
real::G-XVmvfqaOU_59_0to193,103.5857321433723,483.30078125
open_sora::G-XVmvfqaOU_59_0to193,22.353724779561162,447.05859375
real::orqJfxdOvZ0_45_0to162,62.70637223403901,480.8642578125
open_sora::orqJfxdOvZ0_45_0to162,17.236702708527446,446.1328125
real::YBHrS6drZrw_11_0to1165,48.4042251566425,479.92724609375
open_sora::YBHrS6drZrw_11_0to1165,14.08463373593986,443.46533203125
real::oWgjNPTxzeg_55_0to850,58.113885750994086,482.35693359375
open_sora::oWgjNPTxzeg_55_0to850,16.172271627932787,443.69970703125
real::zDy2BuSusms_9_187to402,43.08557069860399,480.8642578125
open_sora::zDy2BuSusms_9_187to402,18.88685481529683,443.9345703125
real::G0hBERbutTk_32_0to127,52.20948459301144,479.69287109375
open_sora::G0hBERbutTk_32_0to127,16.09899079427123,443.46533203125
real::nuXBVIhKH94_9_103to226,89.52217408083379,482.96875
open_sora::nuXBVIhKH94_9_103to226,22.934734548442066,443.4033203125
real::kkxun9e1j2w_12_0to220,39.73948465194553,479.22314453125
open_sora::kkxun9e1j2w_12_0to220,11.944338044151664,442.99560546875
real::qXTVbHmQ8Lk_102_0to151,38.968569873832166,479.45849609375
open_sora::qXTVbHmQ8Lk_102_0to151,14.630844728089869,442.99609375
real::6VDo-SDLj6o_28_0to247,41.966936877928674,479.9267578125
open_sora::6VDo-SDLj6o_28_0to247,13.864453341811895,443.46533203125
real::qJKOhmc-EMg_15_0to150,47.50475555378944,479.92724609375
open_sora::qJKOhmc-EMg_15_0to150,13.311214459128678,443.46533203125
real::ZjFzkhrqIZs_108_0to174,36.27095613442361,479.22314453125
open_sora::ZjFzkhrqIZs_108_0to174,12.028950522653759,442.99560546875
real::9-g0RXpZBKw_22_26to154,63.7980927284807,480.162109375
open_sora::9-g0RXpZBKw_22_26to154,15.878493453375995,443.69970703125
real::uBM3W-3AhGA_1_271to377,49.1728699458763,479.45849609375
open_sora::uBM3W-3AhGA_1_271to377,15.938586209900677,443.23095703125
real::buzZvgHlyS4_0_0to1462,54.383933367207646,479.69287109375
open_sora::buzZvgHlyS4_0_0to1462,18.35246248356998,443.46533203125
real::QxM5M3bxQQ4_50_0to115,48.334412321448326,479.69287109375
open_sora::QxM5M3bxQQ4_50_0to115,17.112396483309567,443.9345703125
real::gy9Cz21m3N0_36_0to137,53.08010687306523,480.162109375
open_sora::gy9Cz21m3N0_36_0to137,18.93911220226437,443.9345703125
real::lKje9zlgmTs_53_0to107,37.74748715478927,479.69287109375
open_sora::lKje9zlgmTs_53_0to107,10.05180084425956,442.99560546875
real::N2WGqKDzNBQ_11_0to143,37.65053642448038,479.4580078125
open_sora::N2WGqKDzNBQ_11_0to143,14.233635146170855,442.99560546875
real::rvL5Uf5oZSQ_27_0to940,58.77109629753977,479.92724609375
open_sora::rvL5Uf5oZSQ_27_0to940,36.268655124120414,447.5517578125
real::6FGOlUx8UU4_2_23to585,62.12779436260462,483.0810546875
open_sora::6FGOlUx8UU4_2_23to585,19.613004435785115,445.18896484375
real::u5lRfIVEfHA_12_0to271,43.271239314228296,479.45849609375
open_sora::u5lRfIVEfHA_12_0to271,15.818058508448303,443.46533203125
real::rqguS04vz9E_15_0to595,57.95889224857092,480.8642578125
open_sora::rqguS04vz9E_15_0to595,23.76085152477026,444.98583984375
real::n4hI6-oz8vU_2_0to118,41.811291605234146,479.69287109375
open_sora::n4hI6-oz8vU_2_0to118,17.632878093980253,443.4033203125
real::VT7EDMecOvk_39_18to216,54.65603650826961,482.35693359375
open_sora::VT7EDMecOvk_39_18to216,32.06675134692341,446.53759765625
real::1KbKPKAoqE4_0_386to580,43.14270840678364,480.162109375
open_sora::1KbKPKAoqE4_0_386to580,13.672046606428921,443.23095703125
real::9S-v__ewPY0_78_0to125,64.29089226201177,482.4990234375
open_sora::9S-v__ewPY0_78_0to125,25.67293804138899,445.18896484375
real::g7JyzC6QEyo_2_0to109,51.58418219164014,480.162109375
open_sora::g7JyzC6QEyo_2_0to109,16.429557698778808,443.69970703125
real::NSeEkNMbeiA_94_0to127,33.61290800385177,479.6923828125
open_sora::NSeEkNMbeiA_94_0to127,14.7765226457268,443.23095703125
real::nbVeAPCvG34_13_0to1072,52.47651445772499,480.8642578125
open_sora::nbVeAPCvG34_13_0to1072,21.658365964889526,443.4033203125
real::XinuCBJ7sAw_9_0to205,65.38883077725768,481.69287109375
open_sora::XinuCBJ7sAw_9_0to205,17.70530783664435,443.46533203125
real::kbrL_OasUA0_200_34to265,47.100497365929186,480.162109375
open_sora::kbrL_OasUA0_200_34to265,13.231398525647819,443.23095703125
real::iuI7vNS60kQ_2_31to185,73.0790272289887,483.28857421875
open_sora::iuI7vNS60kQ_2_31to185,22.160994036123157,445.18896484375
real::6Q7U8fDwBsI_63_60to169,38.36800632905215,479.45849609375
open_sora::6Q7U8fDwBsI_63_60to169,17.70534143783152,443.9345703125
real::qmpDK-8ib2Y_21_0to151,46.337196190841496,479.45849609375
open_sora::qmpDK-8ib2Y_21_0to151,16.551030240021646,443.46533203125
real::g1URRmmapWQ_116_0to101,81.38231536466628,483.28857421875
open_sora::g1URRmmapWQ_116_0to101,19.869747824035585,444.98583984375
real::TJv4AXbmcIY_0_0to124,64.95221862755716,482.40576171875
open_sora::TJv4AXbmcIY_0_0to124,23.126139980740845,447.05859375
real::QAPn0qcHOBg_17_0to331,41.077424973249435,479.92724609375
open_sora::QAPn0qcHOBg_17_0to331,16.711329724639654,443.9345703125
real::YRREoPnnel0_1_0to1166,51.72211526893079,480.8642578125
open_sora::YRREoPnnel0_1_0to1166,13.868548883125186,443.23046875
real::8ZQLMlbM5fU_2_75to190,46.33849527966231,479.69287109375
open_sora::8ZQLMlbM5fU_2_75to190,17.33687847480178,443.69970703125
real::ZCgWuiHxaUs_44_20to165,38.11177752632648,479.45849609375
open_sora::ZCgWuiHxaUs_44_20to165,19.640804876573384,443.69970703125
real::w1adl5ZvWbk_0_0to1321,48.57576247304678,480.162109375
open_sora::w1adl5ZvWbk_0_0to1321,14.525487151928246,443.69970703125
real::E2yzW5lXzrw_8_0to146,37.88147856667638,479.69287109375
open_sora::E2yzW5lXzrw_8_0to146,15.7851203661412,444.9853515625
real::EPzk6lP0XsE_39_0to109,38.93117329198867,481.205078125
open_sora::EPzk6lP0XsE_39_0to109,12.96204856224358,443.23046875
real::ygsuUcp6TKk_9_22to797,50.00038070604205,479.69287109375
open_sora::ygsuUcp6TKk_9_22to797,17.316729176789522,446.607421875
real::NZjrusw00ao_14_0to108,52.903921079821885,480.162109375
open_sora::NZjrusw00ao_14_0to108,17.83491023350507,443.9345703125
real::_VXfYMxtejs_16_0to222,44.250007565133274,479.92724609375
open_sora::_VXfYMxtejs_16_0to222,13.795676522888243,442.99609375
real::HfOXfEJI7kA_25_0to371,42.08666878007352,479.45849609375
open_sora::HfOXfEJI7kA_25_0to371,15.74489050079137,443.23095703125
real::UPKjXZf3jPE_11_0to107,42.919423122890294,479.69287109375
open_sora::UPKjXZf3jPE_11_0to107,12.713394354097545,443.46533203125
real::w5qRx68Qnrs_30_0to107,51.34324737172574,479.69287109375
open_sora::w5qRx68Qnrs_30_0to107,23.132205872796476,447.5517578125
real::dCwylr3BSas_12_0to131,51.757131742313504,479.69287109375
open_sora::dCwylr3BSas_12_0to131,19.048068390227854,443.4033203125
real::SSm1mwRU1b0_18_18to167,70.04355167783797,481.69287109375
open_sora::SSm1mwRU1b0_18_18to167,17.827319279313087,446.1328125
real::LF-D7kDbgDo_12_0to208,69.28523949999362,482.4990234375
open_sora::LF-D7kDbgDo_12_0to208,21.360297441482544,443.4033203125
real::92RPStiYlAE_16_20to193,45.223780082538724,481.205078125
open_sora::92RPStiYlAE_16_20to193,20.124406597577035,443.4033203125
real::saj2MVBAL2A_10_452to586,55.578476815484464,480.8642578125
open_sora::saj2MVBAL2A_10_452to586,18.362634050659835,443.9345703125
real::TKzPLWvqR3s_22_495to763,48.57936026901007,479.92724609375
open_sora::TKzPLWvqR3s_22_495to763,19.918134151026607,443.4033203125
real::A9JLNV7aX5s_10_31to135,44.03026621975005,479.69287109375
open_sora::A9JLNV7aX5s_10_31to135,13.266909987665713,442.99609375
real::yLqm1DLduuA_32_0to209,45.59317481890321,479.45849609375
open_sora::yLqm1DLduuA_32_0to209,15.851347058080137,443.23095703125
real::XZkPVIdfas0_21_0to139,35.819964833557606,479.69287109375
open_sora::XZkPVIdfas0_21_0to139,14.37488163355738,443.23095703125
real::CJjk3ddxlgM_5_91to398,31.83908871933818,479.9267578125
open_sora::CJjk3ddxlgM_5_91to398,17.097823921591043,443.46484375
real::hjNifpEzXwM_33_95to207,46.974888287484646,480.162109375
open_sora::hjNifpEzXwM_33_95to207,16.864621627144516,443.69970703125
real::oCy4iXSu4mE_21_274to427,50.98182235378772,479.69287109375
open_sora::oCy4iXSu4mE_21_274to427,19.97602887544781,443.69970703125
real::BqGv7Du8ecY_64_0to119,43.1010681996122,479.45849609375
open_sora::BqGv7Du8ecY_64_0to119,19.78576571587473,443.4033203125
real::1FM9M_I-eR4_1_92to246,37.419623146764934,479.6923828125
open_sora::1FM9M_I-eR4_1_92to246,12.58217381965369,443.23046875
real::oGWur9G6IfU_89_85to253,62.99247078131884,481.36474609375
open_sora::oGWur9G6IfU_89_85to253,26.338537277653813,446.60791015625
real::nJ5SqCtAumY_3_0to105,51.96572245005518,479.45849609375
open_sora::nJ5SqCtAumY_3_0to105,12.54170713108033,443.23095703125
real::iItSFTTl8d4_95_0to178,81.87966751307249,483.10302734375
open_sora::iItSFTTl8d4_95_0to178,25.073760178871453,446.60791015625
real::MqUfgO5LBYs_14_0to147,35.88642655313015,479.4580078125
open_sora::MqUfgO5LBYs_14_0to147,13.205336954444647,443.23095703125
real::0uZOvNP0EE0_25_0to727,54.130806530825794,480.162109375
open_sora::0uZOvNP0EE0_25_0to727,18.01458847615868,443.69970703125
real::BVtSGMbrQHY_17_0to272,47.144020449370146,481.205078125
open_sora::BVtSGMbrQHY_17_0to272,19.227840954437852,443.9345703125
real::52mzyKRkOpc_30_461to949,61.86130705662072,481.92724609375
open_sora::52mzyKRkOpc_30_461to949,19.01102019660175,443.4033203125
real::_FzbcmP3UhE_159_19to151,39.776985307224095,480.162109375
open_sora::_FzbcmP3UhE_159_19to151,17.700833320617676,443.69970703125
real::wv4O-JUKOuw_56_0to156,36.57110744807869,479.22314453125
open_sora::wv4O-JUKOuw_56_0to156,13.247176722623408,443.23095703125
real::KoO3mDZU9-k_0_0to117,49.31841191183776,480.162109375
open_sora::KoO3mDZU9-k_0_0to117,17.910387507639825,443.69970703125
real::Xo8GcMo-Y_k_100_291to402,57.24439185485244,480.162109375
open_sora::Xo8GcMo-Y_k_100_291to402,16.461089028045535,443.46533203125
real::I87B3WlOan8_75_0to134,53.80072537343949,481.205078125
open_sora::I87B3WlOan8_75_0to134,16.693253848701715,443.46533203125
real::kZkTYa-opMY_7_0to463,47.99438615050167,480.162109375
open_sora::kZkTYa-opMY_7_0to463,14.22434866707772,444.9853515625
real::ojc7JfoKBqw_15_0to225,47.584848288446665,479.92724609375
open_sora::ojc7JfoKBqw_15_0to225,16.86396155320108,443.69970703125
real::BX814yh7ofY_41_54to262,43.19269980210811,479.69287109375
open_sora::BX814yh7ofY_41_54to262,15.031429206952453,443.46533203125
real::wdb3OjGauUI_44_41to144,39.16511107236147,479.45849609375
open_sora::wdb3OjGauUI_44_41to144,15.59534861240536,443.23095703125
real::kNObPLOioIU_3_0to270,44.74598115775734,479.45849609375
open_sora::kNObPLOioIU_3_0to270,16.39139147941023,443.23095703125
real::RNhEFBrsAvE_11_0to223,49.120437857694924,479.45849609375
open_sora::RNhEFBrsAvE_11_0to223,15.170433371327817,443.23095703125
real::74GxloRfI0k_28_0to505,58.65423397347331,479.92724609375
open_sora::74GxloRfI0k_28_0to505,21.375207502394915,447.05859375
real::XOBq37xAsVc_69_0to113,59.80233626160771,481.69287109375
open_sora::XOBq37xAsVc_69_0to113,20.430064101703465,443.4033203125
real::CfKfGyXC498_21_16to138,48.09734248649329,479.69287109375
open_sora::CfKfGyXC498_21_16to138,17.11462443880737,443.46533203125
real::f23rP1H2mhM_10_65to262,59.05363030731678,482.38623046875
open_sora::f23rP1H2mhM_10_65to262,24.20938624255359,446.201171875
real::P62lCx2gZxw_2_0to729,80.50647206790745,482.4990234375
open_sora::P62lCx2gZxw_2_0to729,33.28671711590141,446.16796875
real::WZiJcv2xpQs_4_0to170,42.665218625217676,479.69287109375
open_sora::WZiJcv2xpQs_4_0to170,15.18300549685955,443.69970703125
real::Uxvpm_tNCVg_3_27to130,40.42209127545357,479.92724609375
open_sora::Uxvpm_tNCVg_3_27to130,16.82388410065323,443.46533203125
real::XbCFSeCBc2o_6_0to109,62.48552748467773,480.8642578125
open_sora::XbCFSeCBc2o_6_0to109,20.168689738959074,443.4033203125
real::27MUmcVR8X4_0_0to112,54.26629434619099,480.162109375
open_sora::27MUmcVR8X4_0_0to112,25.239125421270728,446.29052734375
real::AJKkoH3MWNU_47_0to173,40.703839101828635,479.45849609375
open_sora::AJKkoH3MWNU_47_0to173,16.016446399502456,443.23095703125
real::SokA9hPeJm8_22_0to113,61.73944639135152,483.79052734375
open_sora::SokA9hPeJm8_22_0to113,20.50741693098098,446.87548828125
real::AbqJEe6lLU0_8_69to253,61.86790778487921,480.8642578125
open_sora::AbqJEe6lLU0_8_69to253,21.142322172410786,446.58203125
real::lQwRB1wySoM_9_0to136,56.90744334924966,479.92724609375
open_sora::lQwRB1wySoM_9_0to136,22.311337624676526,443.9345703125
real::3ODKUjMNJ5A_5_0to176,103.15448617003858,483.08056640625
open_sora::3ODKUjMNJ5A_5_0to176,29.83334871288389,446.40234375
real::lYicz5ag9kY_10_0to136,46.233217772096395,482.35693359375
open_sora::lYicz5ag9kY_10_0to136,12.723822764120996,442.99560546875
real::piCmTUhynEg_128_0to151,34.59249279461801,479.92724609375
open_sora::piCmTUhynEg_128_0to151,11.399184857495129,443.23095703125
real::dj6sR6BXcHg_23_94to317,36.48505862150341,479.4580078125
open_sora::dj6sR6BXcHg_23_94to317,11.555410262197256,443.23095703125
real::iMEM2bewOyU_28_23to142,63.88883129321039,480.8642578125
open_sora::iMEM2bewOyU_28_23to142,21.136416357010603,446.29052734375
real::7WzfaS2wuvU_0_0to142,54.95147603005171,483.79052734375
open_sora::7WzfaS2wuvU_0_0to142,17.073838830925524,443.69970703125
real::yXTU7PMHKaM_93_0to197,64.08734356891364,481.36474609375
open_sora::yXTU7PMHKaM_93_0to197,25.158384789712727,443.4033203125
real::lkJXfTdwN_o_1_0to264,51.822744076140225,479.45849609375
open_sora::lkJXfTdwN_o_1_0to264,16.227654778398573,443.23095703125
real::inylUmEw1qQ_2_55to222,52.57468163874,481.205078125
open_sora::inylUmEw1qQ_2_55to222,12.983007012866437,443.23046875
real::akBz4pRCHeY_3_89to193,41.71966084744781,479.9267578125
open_sora::akBz4pRCHeY_3_89to193,13.12616037670523,443.23095703125
real::VMJ70IFWVZo_5_52to179,55.70309892948717,479.69287109375
open_sora::VMJ70IFWVZo_5_52to179,18.95151473581791,443.9345703125
real::QF7VvqmKlFo_0_0to226,56.940355473198,481.205078125
open_sora::QF7VvqmKlFo_0_0to226,22.970929480157793,446.1328125
real::30EsXft3euw_33_55to347,42.77195116132498,479.45849609375
open_sora::30EsXft3euw_33_55to347,15.184957192279398,443.23095703125
real::K-YEJegwjI0_0_0to136,48.642211745493114,479.69287109375
open_sora::K-YEJegwjI0_0_0to136,16.40328091941774,443.69970703125
real::yXVToYRDqYc_24_0to109,49.62971722893417,479.69287109375
open_sora::yXVToYRDqYc_24_0to109,16.326480294577777,443.4033203125
real::KTyH5NWPXGE_1_0to119,68.13501393143088,483.79052734375
open_sora::KTyH5NWPXGE_1_0to119,20.175039029680192,446.58203125
real::plWMcqKMtPg_16_0to1109,43.513501468114555,479.22314453125
open_sora::plWMcqKMtPg_16_0to1109,16.163141385652125,443.23095703125
real::4MLvzAzZhuw_9_31to135,54.19896596390754,479.92724609375
open_sora::4MLvzAzZhuw_9_31to135,20.98087033815682,443.69970703125
real::jxtggVlNlPE_38_0to122,42.94308675080538,479.45849609375
open_sora::jxtggVlNlPE_38_0to122,16.00286918040365,443.23095703125
real::YI8IUsnH2qw_12_824to940,50.34569580759853,481.205078125
open_sora::YI8IUsnH2qw_12_824to940,18.209773866459727,443.9345703125
real::IUI0vfct24o_12_0to199,43.132173862308264,479.69287109375
open_sora::IUI0vfct24o_12_0to199,16.66128839738667,443.9345703125
real::AOy3VT-Jvlk_51_0to145,47.72326622903347,479.69287109375
open_sora::AOy3VT-Jvlk_51_0to145,17.532526345923543,443.9345703125
real::9M8QUynDAbk_7_18to217,70.07274948619306,482.56982421875
open_sora::9M8QUynDAbk_7_18to217,16.714531810954213,443.46533203125
real::sZf0owX6cUM_1_518to1221,49.85955070704222,479.45849609375
open_sora::sZf0owX6cUM_1_518to1221,16.17218088451773,443.23095703125
real::fTtjB7ti8NU_12_0to102,43.22308582160622,479.45849609375
open_sora::fTtjB7ti8NU_12_0to102,14.033148790709674,443.23095703125
real::VicRCuvxTbc_19_0to136,42.2571320021525,479.45849609375
open_sora::VicRCuvxTbc_19_0to136,13.167254843749106,443.23095703125
real::L0KINf3s5IU_56_245to376,45.932729441672564,479.92724609375
open_sora::L0KINf3s5IU_56_245to376,25.578096845187247,443.4033203125
real::NnR3RT7_-vA_28_0to1392,46.52403562981635,482.35693359375
open_sora::NnR3RT7_-vA_28_0to1392,12.226723032072186,443.9345703125
real::R1mKjoShk4U_2_56to272,59.015334317460656,480.8642578125
open_sora::R1mKjoShk4U_2_56to272,23.789493864402175,444.9853515625
real::ZPuEZnMK_Bs_33_54to199,33.586028434336185,479.9267578125
open_sora::ZPuEZnMK_Bs_33_54to199,12.225664240308106,443.23095703125
real::UL_mHW-e5kc_59_0to136,71.9764504218474,479.92724609375
open_sora::UL_mHW-e5kc_59_0to136,13.555551984347403,443.46533203125
real::llM9MIM_9U4_3_16to149,40.26100110728294,479.69287109375
open_sora::llM9MIM_9U4_3_16to149,13.3463728511706,442.99560546875
real::nmdjSgz5Z70_68_64to492,40.98659922927618,479.69287109375
open_sora::nmdjSgz5Z70_68_64to492,14.971915959380567,443.46533203125
real::PG9kCkhiuyo_43_0to131,39.65012084227055,479.2236328125
open_sora::PG9kCkhiuyo_43_0to131,14.673151758499444,443.46533203125
real::LV5tIQFKAgY_131_0to628,79.61966787558049,482.56982421875
open_sora::LV5tIQFKAgY_131_0to628,27.17001497745514,446.1328125
real::kEdfVjGxMz0_21_320to569,66.48795450292528,482.56982421875
open_sora::kEdfVjGxMz0_21_320to569,20.52473201043904,444.9853515625
real::gd6s5AS273Q_399_0to120,51.44791885651648,479.92724609375
open_sora::gd6s5AS273Q_399_0to120,21.044557120651007,445.22998046875
real::rr8dpLBH4gU_9_18to132,44.51525814924389,479.69287109375
open_sora::rr8dpLBH4gU_9_18to132,16.08832818735391,443.46533203125
real::PPEmSHj3CKA_0_0to1223,84.6755496179685,483.92041015625
open_sora::PPEmSHj3CKA_0_0to1223,21.30215945187956,447.05859375
real::Q5sNkRjzVgU_20_54to174,59.19130398798734,479.92724609375
open_sora::Q5sNkRjzVgU_20_54to174,32.76345182210207,446.53759765625
real::WP7woAHPOjU_6_30to144,44.83991110138595,482.9677734375
open_sora::WP7woAHPOjU_6_30to144,14.54564761184156,443.46533203125
real::5Hr6KH-kGRY_20_100to246,47.945474778302014,479.69287109375
open_sora::5Hr6KH-kGRY_20_100to246,13.995544995181262,443.69970703125
real::FFOWDe1YZVY_87_0to374,68.61967686098069,482.7861328125
open_sora::FFOWDe1YZVY_87_0to374,17.458339489996433,443.46533203125
real::S7aVNP5t-kw_44_96to320,48.259286865592,479.92724609375
open_sora::S7aVNP5t-kw_44_96to320,17.620138545520604,443.69970703125
real::nPggYy_aPzY_36_0to124,42.340472338721156,479.6923828125
open_sora::nPggYy_aPzY_36_0to124,11.802472404204309,443.46533203125
real::9MDeuLaGAFc_6_0to1294,60.1068999376148,482.37158203125
open_sora::9MDeuLaGAFc_6_0to1294,18.31460857577622,443.69970703125
real::QWADVL4gMmc_42_19to522,66.42546517029405,483.08056640625
open_sora::QWADVL4gMmc_42_19to522,24.728034325875342,444.98583984375
real::jcTn6MjNaZo_17_84to193,52.62715760897845,479.45849609375
open_sora::jcTn6MjNaZo_17_84to193,17.97616405505687,443.9345703125
real::iVy63mmJg6k_34_0to204,63.20917752664536,482.38623046875
open_sora::iVy63mmJg6k_34_0to204,22.875736027024686,446.37158203125
real::li-C4HnrDd8_3_33to786,64.43614462018013,483.6328125
open_sora::li-C4HnrDd8_3_33to786,18.904927350580692,444.98583984375
real::ohaFCAhuLVA_15_0to103,45.83576068747789,479.45849609375
open_sora::ohaFCAhuLVA_15_0to103,12.396357496269047,443.23095703125
real::aZT4S-MFZa0_65_76to201,49.56593377608806,479.69287109375
open_sora::aZT4S-MFZa0_65_76to201,17.604030217044055,442.99609375
real::AY_q3oEBAmk_81_0to351,65.84176108054817,483.4013671875
open_sora::AY_q3oEBAmk_81_0to351,22.989333265461028,443.4033203125
real::ppX46CIyFIo_0_0to1361,50.933791427873075,480.162109375
open_sora::ppX46CIyFIo_0_0to1361,27.851729488000274,446.53759765625
real::BGFbkM1OhYM_0_0to203,59.09197773318738,482.38623046875
open_sora::BGFbkM1OhYM_0_0to203,21.027039143256843,444.98583984375
real::N1c_TCaQLxg_6_0to109,50.50091316457838,480.162109375
open_sora::N1c_TCaQLxg_6_0to109,18.59835489001125,443.69970703125
real::ugtzreD-1IM_1_0to145,38.355149450711906,479.22314453125
open_sora::ugtzreD-1IM_1_0to145,12.643774639815092,442.99560546875
real::E2hKTXomDh4_0_399to700,35.37523543275893,479.45849609375
open_sora::E2hKTXomDh4_0_399to700,11.628022757358849,443.23095703125
real::1SSQSjs63nc_15_0to544,46.78082054387778,479.69287109375
open_sora::1SSQSjs63nc_15_0to544,14.288714637979865,443.23095703125
real::L9mAGopy98w_47_0to107,39.418604421429336,479.69287109375
open_sora::L9mAGopy98w_47_0to107,16.73294280283153,443.46533203125
real::Jkat1U9SVgI_8_0to136,50.33679169323295,479.69287109375
open_sora::Jkat1U9SVgI_8_0to136,16.342391818761826,443.46533203125
real::mKmpT3EWyfQ_4_18to209,56.943542460910976,482.35693359375
open_sora::mKmpT3EWyfQ_4_18to209,17.91012755781412,443.9345703125
real::mnnNb1juvNE_35_17to137,50.58926345128566,480.162109375
open_sora::mnnNb1juvNE_35_17to137,25.99820064380765,443.4033203125
real::-ZiVqyuKho4_35_82to191,45.59177991002798,480.162109375
open_sora::-ZiVqyuKho4_35_82to191,15.43792243860662,443.69970703125
real::aHBE4qEloKA_0_0to145,39.60030558332801,479.22314453125
open_sora::aHBE4qEloKA_0_0to145,11.92091085202992,442.99560546875
real::IkuW-IIDEQA_5_19to120,44.18987711239606,479.92724609375
open_sora::IkuW-IIDEQA_5_19to120,13.900800676085055,443.69970703125
real::7Jxn9zE_vws_29_72to206,38.00686863716692,479.69287109375
open_sora::7Jxn9zE_vws_29_72to206,14.2136694714427,443.46533203125
real::-e0EO_DH2-I_26_0to970,50.9265513215214,479.69287109375
open_sora::-e0EO_DH2-I_26_0to970,17.200946260243654,443.69970703125
real::SU-_43BQ_j0_51_0to104,44.40909925382584,480.162109375
open_sora::SU-_43BQ_j0_51_0to104,18.063929932191968,443.46533203125
real::7jhWomQnMtg_4_0to351,47.51587591599673,479.4580078125
open_sora::7jhWomQnMtg_4_0to351,12.485799679532647,442.99560546875
real::-oVhV6SBYIo_12_0to281,47.94732488505542,479.45849609375
open_sora::-oVhV6SBYIo_12_0to281,15.942398368380964,443.23095703125
real::JJO7hDTOMuA_24_25to327,55.34592151734978,479.69287109375
open_sora::JJO7hDTOMuA_24_25to327,15.574110272340477,444.98583984375
real::XVk9WzRkXt4_128_0to143,46.60382945369929,479.69287109375
open_sora::XVk9WzRkXt4_128_0to143,15.33380466233939,443.46533203125
real::2pNlzfZMa7c_13_0to125,44.04489521495998,479.45849609375
open_sora::2pNlzfZMa7c_13_0to125,15.96937655005604,443.23095703125
real::afU-z38uncg_34_70to454,44.344752634875476,480.162109375
open_sora::afU-z38uncg_34_70to454,17.816381642594934,443.4033203125
real::znnNhu2TML8_11_0to138,40.95705709606409,479.22314453125
open_sora::znnNhu2TML8_11_0to138,12.832073050551116,443.69970703125
real::Ix1_r5EJVvU_32_0to106,50.162675687111914,481.205078125
open_sora::Ix1_r5EJVvU_32_0to106,13.591176519170403,443.9345703125
real::jhCgED824_4_3_0to149,40.8879060735926,480.162109375
open_sora::jhCgED824_4_3_0to149,15.549182595685124,443.69970703125
real::E64yyBaW2qo_12_0to138,36.64519156515598,479.22314453125
open_sora::E64yyBaW2qo_12_0to138,14.055734856054187,442.99560546875
real::JHtCHWvYl94_105_0to134,54.08045832347125,479.69287109375
open_sora::JHtCHWvYl94_105_0to134,14.69062171317637,443.46533203125
real::LYebkjEdBY0_30_91to218,54.70092133805156,479.92724609375
open_sora::LYebkjEdBY0_30_91to218,20.287384164519608,443.69970703125
real::tT4O_Q2JA7I_51_65to207,45.03595398925245,479.45849609375
open_sora::tT4O_Q2JA7I_51_65to207,14.836546675302088,443.23095703125
real::hf9BFm-I_sQ_405_0to132,40.1974097462371,479.92724609375
open_sora::hf9BFm-I_sQ_405_0to132,14.579503825865686,443.23095703125
real::tDvAlwzg1vY_24_51to321,50.15544799529016,481.205078125
open_sora::tDvAlwzg1vY_24_51to321,18.428198013454676,443.69970703125
real::0eXkBH0qzTY_21_0to380,43.61063726246357,479.92724609375
open_sora::0eXkBH0qzTY_21_0to380,16.27163854241371,443.9345703125
real::hgha3Bez50E_53_0to390,56.397726842202246,479.92724609375
open_sora::hgha3Bez50E_53_0to390,18.01505195442587,443.69970703125
real::FVvOjUzacwo_18_21to178,38.288140790537,479.22314453125
open_sora::FVvOjUzacwo_18_21to178,16.592191783711314,443.46533203125
real::mDsj6OPHSAI_11_18to162,49.60062201693654,481.205078125
open_sora::mDsj6OPHSAI_11_18to162,17.800842489115894,444.6142578125
real::Zx_P9-bkM48_28_0to138,55.37716786470264,481.205078125
open_sora::Zx_P9-bkM48_28_0to138,20.591038062237203,443.4033203125
real::Rixj7SNIpZE_98_412to563,75.99447974842042,483.79052734375
open_sora::Rixj7SNIpZE_98_412to563,24.287467621266842,444.98583984375
real::SFdR240qaXA_36_0to202,61.62546138372272,482.38623046875
open_sora::SFdR240qaXA_36_0to202,22.017141577787697,446.06005859375
real::vFKdBiV48ek_1_0to734,46.12239388935268,479.45849609375
open_sora::vFKdBiV48ek_1_0to734,16.377091019414365,443.23095703125
real::RnpiPddFJHI_33_0to303,42.39754387084395,479.45849609375
open_sora::RnpiPddFJHI_33_0to303,19.898707075975835,443.69970703125
real::T7NPKnbsv6c_1_0to1451,45.54254712630063,479.92724609375
open_sora::T7NPKnbsv6c_1_0to1451,15.672372037544847,443.69970703125
real::5h0oKzhRtRM_26_933to1243,47.82713692449033,481.205078125
open_sora::5h0oKzhRtRM_26_933to1243,18.89198404364288,444.9853515625
real::YD79ociXOK0_6_0to107,38.562104121781886,479.4580078125
open_sora::YD79ociXOK0_6_0to107,16.309412691742182,443.46533203125
real::D8w6QVruxek_119_0to102,39.98840600717813,479.45849609375
open_sora::D8w6QVruxek_119_0to102,14.385741085745394,443.46484375
real::Ax8zuvqV1Ik_153_43to258,55.28391838353127,482.35693359375
open_sora::Ax8zuvqV1Ik_153_43to258,22.782443564385176,446.06005859375
real::W-FWrYU1EYw_13_204to408,48.47996010072529,480.162109375
open_sora::W-FWrYU1EYw_13_204to408,15.244682094082236,443.23095703125
real::_j_sPsTHE8M_0_231to336,42.4808192756027,479.45849609375
open_sora::_j_sPsTHE8M_0_231to336,18.65366014651954,443.69970703125
real::TOLu7cDn44Q_36_0to132,53.01388053968549,480.8642578125
open_sora::TOLu7cDn44Q_36_0to132,17.497176745906472,443.4033203125
real::oVAxy9mK7oY_0_19to142,42.1900260001421,479.4580078125
open_sora::oVAxy9mK7oY_0_19to142,17.895906993187964,443.9345703125
real::pJJPI2vxjzg_24_0to621,38.72748266905546,479.69287109375
open_sora::pJJPI2vxjzg_24_0to621,11.392638612538576,443.23095703125
real::I_bTiPTHIN8_60_0to128,40.23583740089089,479.45849609375
open_sora::I_bTiPTHIN8_60_0to128,13.314452621154487,443.93408203125
real::lEVjsQGSL7k_3_29to378,45.328420859761536,479.45849609375
open_sora::lEVjsQGSL7k_3_29to378,15.593226270750165,443.46533203125
real::bew4RBMmVXY_21_0to109,36.699473665095866,479.22314453125
open_sora::bew4RBMmVXY_21_0to109,11.313025646843016,442.99560546875
real::AvWrU7f0SLA_12_21to161,79.49409422744066,482.38623046875
open_sora::AvWrU7f0SLA_12_21to161,20.639025397598743,443.4033203125
real::72Q6ZHE4lAQ_10_0to212,38.56522367801517,479.69287109375
open_sora::72Q6ZHE4lAQ_10_0to212,14.279864676296711,443.23095703125
real::DQzYnxN3tE4_164_0to293,43.27776664774865,479.45849609375
open_sora::DQzYnxN3tE4_164_0to293,14.671302394010127,443.23095703125
real::GDjS1KX2PrA_10_16to138,47.52943648491055,479.92724609375
open_sora::GDjS1KX2PrA_10_16to138,26.89047486335039,446.60791015625
real::lCrZHZyeqic_37_0to104,58.89378029759973,480.8642578125
open_sora::lCrZHZyeqic_37_0to104,19.32154264114797,446.29052734375
real::Lj4nyWbbMds_8_0to552,42.474538469687104,479.22314453125
open_sora::Lj4nyWbbMds_8_0to552,14.099411486648023,443.23046875
real::X333iyQg0s0_45_25to163,41.76480533927679,480.162109375
open_sora::X333iyQg0s0_45_25to163,14.649116864427924,447.05859375
real::VGV09dUwXo4_59_0to123,78.19231986999512,481.69287109375
open_sora::VGV09dUwXo4_59_0to123,14.97068065777421,443.9345703125
real::Js1uRntrbj4_14_86to409,47.34397719427943,479.45849609375
open_sora::Js1uRntrbj4_14_86to409,15.422369486652315,443.23095703125
real::cvzD-lNfO7E_33_174to452,44.12911531329155,480.162109375
open_sora::cvzD-lNfO7E_33_174to452,19.883090119808912,443.69970703125
real::gsD-GDwd9a0_1_0to157,47.09164650645107,479.45849609375
open_sora::gsD-GDwd9a0_1_0to157,15.798243573866785,443.23095703125
real::w_5Bg292zU8_16_23to144,59.188625713810325,482.4990234375
open_sora::w_5Bg292zU8_16_23to144,18.468259762972593,443.69970703125
real::7tJI1-JT-FQ_41_24to193,77.57865257654339,480.8642578125
open_sora::7tJI1-JT-FQ_41_24to193,32.075496648438275,446.53759765625
real::ku77ybqDQNI_49_65to179,49.49477213155478,480.162109375
open_sora::ku77ybqDQNI_49_65to179,11.22254210524261,443.4033203125
real::5iYUyTLcCUs_14_0to238,53.79633088409901,479.69287109375
open_sora::5iYUyTLcCUs_14_0to238,17.61939957179129,443.46533203125
real::IIcrKLG7HYc_65_0to269,48.50790796615183,482.35693359375
open_sora::IIcrKLG7HYc_65_0to269,15.500590634532273,443.46533203125
real::WPgcHx5HkFw_26_0to130,40.62254876177758,479.45849609375
open_sora::WPgcHx5HkFw_26_0to130,13.661352913826704,443.23095703125
real::_enS0P_bHwM_4_0to533,57.43776023481041,479.69287109375
open_sora::_enS0P_bHwM_4_0to533,13.432058373466134,443.23095703125
real::ZcxYdu6p3fg_49_0to108,54.697072736918926,480.8642578125
open_sora::ZcxYdu6p3fg_49_0to108,18.47806994151324,443.69970703125
real::EcVj0rGx77M_4_982to1165,51.35465770121664,479.45849609375
open_sora::EcVj0rGx77M_4_982to1165,13.954573473893106,442.99609375
real::Imckz_pDYAM_2_0to252,42.5138059463352,479.45849609375
open_sora::Imckz_pDYAM_2_0to252,11.686260567978024,443.23095703125
real::ED6OlIunOfA_42_0to106,38.89274722896516,479.92724609375
open_sora::ED6OlIunOfA_42_0to106,12.530079862102866,443.23095703125
real::RcN7dd6KTRk_39_0to226,38.34276601113379,479.22314453125
open_sora::RcN7dd6KTRk_39_0to226,10.932217295281589,443.46533203125
real::Hnc6SyIpQ2M_19_0to122,42.84953773301095,479.2236328125
open_sora::Hnc6SyIpQ2M_19_0to122,21.73023121058941,447.52978515625
real::h5Xe-yDyIV0_21_0to360,40.33805709052831,479.92724609375
open_sora::h5Xe-yDyIV0_21_0to360,13.772323427721858,443.23095703125
real::P3qCQLyI_Yw_8_0to471,42.1859227521345,481.205078125
open_sora::P3qCQLyI_Yw_8_0to471,12.874040437862277,443.23095703125
real::6A0kCq0UoTQ_26_0to231,54.881148311309516,481.205078125
open_sora::6A0kCq0UoTQ_26_0to231,16.21073459368199,443.9345703125
real::J-XaFcCaIBc_5_535to636,59.53890949860215,483.79052734375
open_sora::J-XaFcCaIBc_5_535to636,23.14730676356703,443.4033203125
real::3tiSGslFKjg_4_76to200,42.74540825560689,479.92724609375
open_sora::3tiSGslFKjg_4_76to200,11.677742440253496,443.23095703125
real::K_TFHQP0-z4_97_35to140,44.169783329591155,479.45849609375
open_sora::K_TFHQP0-z4_97_35to140,12.777265328913927,443.46533203125
real::Ei1eEtK7eh4_122_50to162,40.95034837536514,480.162109375
open_sora::Ei1eEtK7eh4_122_50to162,17.19386039953679,443.9345703125
real::PZvO6kg4bdA_38_78to186,40.38122184854001,479.45849609375
open_sora::PZvO6kg4bdA_38_78to186,21.794307062402368,443.9345703125
real::CdqmVEbXAp8_29_102to235,39.348419955931604,479.92724609375
open_sora::CdqmVEbXAp8_29_102to235,16.768368707038462,443.69970703125
real::eSP0sWFI2cI_66_0to120,36.73971804883331,479.45849609375
open_sora::eSP0sWFI2cI_66_0to120,13.119083423167467,442.99560546875
real::fpVsrsvwe4M_16_81to246,34.55729973688722,479.6923828125
open_sora::fpVsrsvwe4M_16_81to246,13.04131272342056,442.99560546875
real::PP-mJktDRs4_2_0to110,52.19240121450275,479.69287109375
open_sora::PP-mJktDRs4_2_0to110,18.344068568199873,443.46533203125
real::WtOr0Ue8W1I_4_0to411,48.06786668300629,479.45849609375
open_sora::WtOr0Ue8W1I_4_0to411,17.96359120309353,443.46533203125
real::2NdxYQs7qbk_23_45to259,41.97228120826185,480.162109375
open_sora::2NdxYQs7qbk_23_45to259,16.478908082470298,443.46533203125
real::nEXY9NE_Cus_19_626to860,39.28466570004821,479.92724609375
open_sora::nEXY9NE_Cus_19_626to860,13.995467574335635,443.46533203125
real::NFp8zhJx8Jg_26_0to159,47.79963926784694,480.8642578125
open_sora::NFp8zhJx8Jg_26_0to159,17.852600849233568,443.46533203125
real::mRpdEHIX_7M_18_498to695,46.011625776067376,480.162109375
open_sora::mRpdEHIX_7M_18_498to695,15.26168468594551,443.46533203125
real::_rb92HIhFdU_21_0to148,41.97742822300643,479.69287109375
open_sora::_rb92HIhFdU_21_0to148,11.524151584133506,443.69970703125
real::hN8lNMrhRYw_8_46to406,49.863009446300566,480.162109375
open_sora::hN8lNMrhRYw_8_46to406,15.769888306967914,443.46533203125
real::v2ESTRH3zVI_0_0to192,45.591597062535584,479.45849609375
open_sora::v2ESTRH3zVI_0_0to192,16.500347980298102,443.23095703125
real::BVqRAAajSNk_11_0to136,41.34557672031224,479.92724609375
open_sora::BVqRAAajSNk_11_0to136,13.772033382207155,443.46484375
real::EjYGOBHnee0_7_0to225,38.36643559765071,479.45849609375
open_sora::EjYGOBHnee0_7_0to225,19.454710014164448,443.69970703125
real::ajoqbaL-NV8_28_0to107,40.25133386999369,479.69287109375
open_sora::ajoqbaL-NV8_28_0to107,15.05607031751424,443.23095703125
real::_JB_HTZPSDU_7_0to215,64.59415477514267,482.4990234375
open_sora::_JB_HTZPSDU_7_0to215,16.418945061042905,443.69970703125
real::ADCEcGzs450_2_0to274,41.779902229085565,480.162109375
open_sora::ADCEcGzs450_2_0to274,20.5077641941607,444.98583984375
real::ndWV6RBY7r8_17_67to249,46.99054792895913,479.45849609375
open_sora::ndWV6RBY7r8_17_67to249,17.110128545202315,443.69970703125
real::WnvjePkJMG4_9_0to147,54.592685801908374,479.69287109375
open_sora::WnvjePkJMG4_9_0to147,20.12042226176709,443.69970703125
real::opoNCFLTtjY_53_0to109,46.01697589177638,479.45849609375
open_sora::opoNCFLTtjY_53_0to109,15.850479412823915,443.23095703125
real::Bb4Si7ZVFSQ_31_0to171,37.489436966367066,479.69287109375
open_sora::Bb4Si7ZVFSQ_31_0to171,11.21413738746196,443.9345703125
real::6sXCk1hi8OM_250_0to118,65.8139834459871,482.4990234375
open_sora::6sXCk1hi8OM_250_0to118,23.965901632793248,444.98583984375
real::cCNMBWfbVAE_9_0to198,78.36711937654763,482.59375
open_sora::cCNMBWfbVAE_9_0to198,15.928234873339534,443.69970703125
real::si8-S3bXOis_177_0to103,36.039150956086814,479.22314453125
open_sora::si8-S3bXOis_177_0to103,12.884523863904178,442.99609375
real::kOSZ0fpTJeg_8_0to116,45.41415876336396,479.92724609375
open_sora::kOSZ0fpTJeg_8_0to116,16.054206707514822,443.46533203125
real::3Ay4Sk7NRCY_3_0to109,36.22134556621313,479.6923828125
open_sora::3Ay4Sk7NRCY_3_0to109,10.805208900943398,443.23046875
real::g3ZUB_Jn49M_16_18to130,47.22344157937914,479.69287109375
open_sora::g3ZUB_Jn49M_16_18to130,14.777160939760506,443.69970703125
real::lyoIryqJ08A_215_23to139,59.851952163502574,482.35693359375
open_sora::lyoIryqJ08A_215_23to139,20.206713975407183,443.9345703125
real::489wXyjtMOs_26_68to171,46.1314699081704,480.162109375
open_sora::489wXyjtMOs_26_68to171,16.550819833762944,443.69970703125
real::6khVFi91-p8_8_0to379,43.13216918334365,479.92724609375
open_sora::6khVFi91-p8_8_0to379,15.206512052565813,443.46533203125
real::sGdL5CVxClg_202_0to167,49.18509243335575,481.205078125
open_sora::sGdL5CVxClg_202_0to167,17.004800665192306,443.69970703125
real::mrIv--k0dVk_180_87to295,47.13428805582225,480.162109375
open_sora::mrIv--k0dVk_180_87to295,18.163361093960702,444.9853515625
real::t9rr15LVkYs_25_30to227,85.884685783647,483.08056640625
open_sora::t9rr15LVkYs_25_30to227,21.65896736178547,446.201171875
real::neb-7epKdPM_0_0to363,54.882659322582185,479.69287109375
open_sora::neb-7epKdPM_0_0to363,15.630664906464517,443.46533203125
real::czqlybgnjPs_8_102to649,50.582297364249825,481.205078125
open_sora::czqlybgnjPs_8_102to649,15.110329602845013,443.46533203125
real::A_JVdp-5TwY_5_55to200,46.38018968794495,479.92724609375
open_sora::A_JVdp-5TwY_5_55to200,17.931279121898115,443.46533203125
real::epOygXWjrvE_0_0to280,60.44738050084561,480.162109375
open_sora::epOygXWjrvE_0_0to280,24.094097948633134,443.4033203125
real::mK6wTebqo6c_99_0to361,48.15605743415654,479.92724609375
open_sora::mK6wTebqo6c_99_0to361,16.477993023581803,443.69970703125
real::I0l12Yzp5z4_3_105to359,36.42052613105625,479.22314453125
open_sora::I0l12Yzp5z4_3_105to359,16.00777913071215,443.9345703125
real::Uw9mCVBYLXE_9_562to1039,43.819777987897396,479.45849609375
open_sora::Uw9mCVBYLXE_9_562to1039,15.299960974603891,443.46533203125
real::0hsMBHk0Eok_80_0to118,45.78424123022705,479.92724609375
open_sora::0hsMBHk0Eok_80_0to118,18.680336746387184,443.46533203125
real::YqHbFJeyy6s_665_113to263,47.278151663951576,479.45849609375
open_sora::YqHbFJeyy6s_665_113to263,20.01455368101597,443.69970703125
real::Qrv2el6rqVk_32_0to194,66.63361824862659,482.38623046875
open_sora::Qrv2el6rqVk_32_0to194,21.81581623200327,446.58203125
real::P1HVKm2-s60_102_0to132,45.88547863345593,479.69287109375
open_sora::P1HVKm2-s60_102_0to132,15.924353260546923,443.23095703125
real::1ujIX_2tILU_39_0to230,42.16315720696002,479.22314453125
open_sora::1ujIX_2tILU_39_0to230,14.120889608748257,442.99609375
real::ETYQa5bydRA_50_0to280,44.83113552350551,479.69287109375
open_sora::ETYQa5bydRA_50_0to280,16.171690308488905,443.23095703125
real::eut6gKqRWIg_37_39to234,57.120819858275354,482.40576171875
open_sora::eut6gKqRWIg_37_39to234,27.077266697771847,447.52978515625
real::hSB1AsJzZGw_34_65to200,52.16678367648274,479.92724609375
open_sora::hSB1AsJzZGw_34_65to200,15.793855204246938,443.23095703125
real::eRohOlGchY0_13_175to401,121.38973027467728,483.87939453125
open_sora::eRohOlGchY0_13_175to401,29.02382781729102,450.21435546875
real::PVTLjm6eL3A_1_0to191,38.96702272351831,479.69287109375
open_sora::PVTLjm6eL3A_1_0to191,14.995238846167922,443.9345703125
real::3ijMwscqYYs_68_0to325,43.3289147419855,479.45849609375
open_sora::3ijMwscqYYs_68_0to325,14.171540781855583,443.9345703125
real::k31cyxNrYhY_10_0to146,39.15370772778988,479.2236328125
open_sora::k31cyxNrYhY_10_0to146,15.288400949910283,443.23095703125
real::mt4iHG4N9Yk_28_0to175,80.4724728455767,483.55078125
open_sora::mt4iHG4N9Yk_28_0to175,16.913173830136657,446.5380859375
real::RRXZGS60mqk_58_38to210,52.68138121534139,480.8642578125
open_sora::RRXZGS60mqk_58_38to210,19.133325267583132,443.9345703125
real::U4yIRFyEwHs_71_527to875,54.587527729570866,480.8642578125
open_sora::U4yIRFyEwHs_71_527to875,18.49258865043521,443.9345703125
real::RlVWvCyyiL4_4_0to171,44.45752494968474,479.69287109375
open_sora::RlVWvCyyiL4_4_0to171,17.675883199088275,443.46533203125
real::y_iGGKqHB2g_4_0to104,47.14670117944479,479.45849609375
open_sora::y_iGGKqHB2g_4_0to104,16.64144593477249,443.23095703125
real::bHaVJ08aJqU_9_0to391,50.94072900991887,479.69287109375
open_sora::bHaVJ08aJqU_9_0to391,19.938398490659893,443.9345703125
real::JHPzKY4aNzo_33_113to223,56.62643233221024,479.92724609375
open_sora::JHPzKY4aNzo_33_113to223,18.15669803880155,443.46533203125
real::2B9BLASX3YQ_27_0to157,49.29093891289085,479.92724609375
open_sora::2B9BLASX3YQ_27_0to157,14.446227818727493,443.69970703125
real::QkBIXaRBaWQ_19_0to302,58.1402358841151,479.69287109375
open_sora::QkBIXaRBaWQ_19_0to302,21.82199216540903,443.9345703125
real::z2j45k0DrhQ_22_153to280,42.25880198273808,479.45849609375
open_sora::z2j45k0DrhQ_22_153to280,17.81924027018249,443.46533203125
real::F_CTlGjh1oQ_11_0to133,66.22933761123568,482.9677734375
open_sora::F_CTlGjh1oQ_11_0to133,20.281915626488626,443.4033203125
real::jAyS963ExTY_17_20to237,34.8172325771302,479.45849609375
open_sora::jAyS963ExTY_17_20to237,14.147503845393658,443.23095703125
real::HZtvLF6WZvg_37_0to175,39.846785474568605,479.92724609375
open_sora::HZtvLF6WZvg_37_0to175,19.40120660047978,443.9345703125
real::aLzUOfnaiKM_28_0to162,40.932021318003535,479.6923828125
open_sora::aLzUOfnaiKM_28_0to162,14.727465646341443,443.23095703125
real::Z954x4q8unM_11_311to521,46.4666035939008,479.69287109375
open_sora::Z954x4q8unM_11_311to521,18.109238101169467,443.46533203125
real::vk3gAunH0mU_8_841to1036,56.970473806373775,479.69287109375
open_sora::vk3gAunH0mU_8_841to1036,20.775252205319703,444.9853515625
real::xPcAfdYCj5k_136_0to424,71.51340792328119,482.56982421875
open_sora::xPcAfdYCj5k_136_0to424,24.609578114002943,443.4033203125
real::4Y94Hm05JbY_15_75to285,56.202185527421534,482.38623046875
open_sora::4Y94Hm05JbY_15_75to285,20.212515252642334,443.4033203125
real::1_6snv6uJOI_163_24to156,44.7161905374378,479.69287109375
open_sora::1_6snv6uJOI_163_24to156,16.350107870064676,443.46533203125
real::luqB18f19rA_34_0to287,41.71239551529288,479.45849609375
open_sora::luqB18f19rA_34_0to287,16.081290300935507,443.23095703125
real::ZF44B91CSwU_10_20to167,66.34128759149462,483.46484375
open_sora::ZF44B91CSwU_10_20to167,16.333448533900082,443.9345703125
real::aqkfGPNsdlA_8_0to147,53.09241828136146,480.8642578125
open_sora::aqkfGPNsdlA_8_0to147,18.89512011129409,443.9345703125
real::0iTGoFJyyNk_0_0to162,52.18588577117771,480.162109375
open_sora::0iTGoFJyyNk_0_0to162,18.476029184646904,443.9345703125
real::6m5r64VRI8c_80_149to251,54.513684866949916,480.8642578125
open_sora::6m5r64VRI8c_80_149to251,13.128620399162173,444.9853515625
real::wgqoVUUmqNI_12_0to108,59.07401164714247,481.205078125
open_sora::wgqoVUUmqNI_12_0to108,15.073956076987088,443.69970703125
real::QB7HkS8fmIQ_0_736to1199,45.036327130161226,479.45849609375
open_sora::QB7HkS8fmIQ_0_736to1199,15.064708159305155,443.23095703125
real::Ok5VZuGyozI_83_62to277,54.94104954879731,480.162109375
open_sora::Ok5VZuGyozI_83_62to277,16.336603036150336,443.23095703125
real::SCxn-lNP3KQ_24_17to216,70.5893331086263,482.9677734375
open_sora::SCxn-lNP3KQ_24_17to216,21.083462921902537,446.53759765625
real::Z7L5Qjwa2dg_10_96to225,56.10151270870119,480.162109375
open_sora::Z7L5Qjwa2dg_10_96to225,22.958749059587717,444.98583984375
real::riD-fcitHW4_54_18to280,39.816776369698346,480.162109375
open_sora::riD-fcitHW4_54_18to280,22.411552222445607,443.4033203125
real::Roi1-3V2frQ_4_0to406,36.817563832737505,479.69287109375
open_sora::Roi1-3V2frQ_4_0to406,12.98435333929956,443.23095703125
real::Mkioc1jHbfE_0_0to242,53.59242086391896,480.8642578125
open_sora::Mkioc1jHbfE_0_0to242,15.959469374269247,443.9345703125
real::4znUmXghUCk_17_0to145,45.33904093224555,479.69287109375
open_sora::4znUmXghUCk_17_0to145,19.25132193788886,443.4033203125
real::DyufiUiWk9E_1_29to141,116.48133618477732,483.28857421875
open_sora::DyufiUiWk9E_1_29to141,18.96172316931188,447.05859375
real::SH2nbMwWRN0_51_0to244,40.21112204529345,479.69287109375
open_sora::SH2nbMwWRN0_51_0to244,13.237111469730735,442.99609375
real::0W9CVrk66AI_54_0to180,40.29629250057042,479.92724609375
open_sora::0W9CVrk66AI_54_0to180,13.061736016534269,442.99560546875
real::yIpgCt21qxo_6_152to297,34.716444389894605,479.22314453125
open_sora::yIpgCt21qxo_6_152to297,17.205945866182446,443.69970703125
real::FsywAgJ42Ug_27_20to502,61.902973669581115,482.56982421875
open_sora::FsywAgJ42Ug_27_20to502,20.772847812622786,444.98583984375
real::2TGjkUMUiZQ_1_0to1106,73.39895489625633,482.720703125
open_sora::2TGjkUMUiZQ_1_0to1106,25.789237237535417,447.82568359375
real::iJKRXXP7uMk_5_0to154,42.01810559350997,479.45849609375
open_sora::iJKRXXP7uMk_5_0to154,15.67173470184207,443.23095703125
real::cS-hFKC_RKI_46_60to168,40.50595861207694,479.22314453125
open_sora::cS-hFKC_RKI_46_60to168,13.20598532538861,443.9345703125
real::SUGTwS-yy24_10_0to288,45.322421851567924,479.45849609375
open_sora::SUGTwS-yy24_10_0to288,16.807065698318183,443.9345703125
real::I16_TEnx5Zg_91_0to646,41.8783960705623,479.22314453125
open_sora::I16_TEnx5Zg_91_0to646,12.32916148379445,443.69970703125
real::hNcEHE8Y18c_37_53to173,38.567959242500365,479.45849609375
open_sora::hNcEHE8Y18c_37_53to173,15.13215976767242,443.46533203125
real::oapr-nV7JxI_41_0to120,48.55546253826469,479.45849609375
open_sora::oapr-nV7JxI_41_0to120,15.4447903605178,443.23095703125
real::MRnSnmwhgI0_19_0to134,41.13840339984745,479.45849609375
open_sora::MRnSnmwhgI0_19_0to134,13.262551763094962,443.9345703125
real::jgYz1Lo5LuM_33_104to222,45.82600844651461,479.69287109375
open_sora::jgYz1Lo5LuM_33_104to222,17.30544610787183,443.9345703125
real::J0QqJAAu6FU_1_67to185,55.29974632244557,480.162109375
open_sora::J0QqJAAu6FU_1_67to185,19.48446754552424,443.9345703125
real::ZJkb3p8cvnU_4_0to1485,53.65105293504894,479.92724609375
open_sora::ZJkb3p8cvnU_4_0to1485,15.829945661127567,443.69970703125
real::AumaWl0TNBo_11_637to862,51.092600892297924,479.45849609375
open_sora::AumaWl0TNBo_11_637to862,27.78089868556708,444.98583984375
real::Zj32NiEyI2k_32_0to101,56.023659153841436,479.69287109375
open_sora::Zj32NiEyI2k_32_0to101,17.440882029011846,443.46533203125
real::QqxFPGpdzY8_88_0to107,33.04164669755846,479.22314453125
open_sora::QqxFPGpdzY8_88_0to107,12.625113020651042,442.99609375
real::9DtKXbiWwtE_81_0to130,40.14789604675025,479.92724609375
open_sora::9DtKXbiWwtE_81_0to130,13.299254968762398,443.46533203125
real::YHMru_6P_3c_0_0to185,48.86562997289002,479.69287109375
open_sora::YHMru_6P_3c_0_0to185,22.966086830943823,444.98583984375
real::HCuvqdW_htc_3_0to918,43.457999374717474,479.92724609375
open_sora::HCuvqdW_htc_3_0to918,22.35396435018629,443.4033203125
real::4Bqxe_6_PaE_42_0to136,73.3000176018104,481.205078125
open_sora::4Bqxe_6_PaE_42_0to136,16.38389118015766,443.23095703125
real::J7-LvIK_-Jw_5_1130to1250,49.271713035181165,481.205078125
open_sora::J7-LvIK_-Jw_5_1130to1250,15.505740000866354,443.46533203125
real::9YmKAzon0H8_7_0to107,44.79249170888215,479.45849609375
open_sora::9YmKAzon0H8_7_0to107,16.413277661427855,443.23095703125
real::HpY3BTQcTvM_1_26to227,147.5451609706506,484.9453125
open_sora::HpY3BTQcTvM_1_26to227,29.68390925694257,442.99560546875
real::B6_Y9-zQWAg_15_66to303,63.796660451218486,479.92724609375
open_sora::B6_Y9-zQWAg_15_66to303,18.624782359227538,444.9853515625
real::5Z5BRmlwpAc_88_0to121,46.284322211518884,479.69287109375
open_sora::5Z5BRmlwpAc_88_0to121,15.912086861208081,443.46533203125
real::wylDl_NBMMk_3_0to262,49.78904944844544,480.162109375
open_sora::wylDl_NBMMk_3_0to262,19.65304816327989,443.69970703125
real::b4k_9PlD2Ds_17_0to114,50.31991412676871,480.162109375
open_sora::b4k_9PlD2Ds_17_0to114,17.331779916770756,443.9345703125
real::k54O2ZoXi3Q_2_0to211,48.51951614487916,479.69287109375
open_sora::k54O2ZoXi3Q_2_0to211,17.84325618483126,443.23095703125
real::M3sjD1C4XGY_114_0to111,56.587891588918865,480.8642578125
open_sora::M3sjD1C4XGY_114_0to111,24.11071732547134,447.05859375
real::J0htRZc7Vew_4_24to147,46.50096832588315,480.162109375
open_sora::J0htRZc7Vew_4_24to147,21.418525148183107,443.4033203125
real::Os6eCSgUNto_16_0to122,47.85997572913766,479.45849609375
open_sora::Os6eCSgUNto_16_0to122,15.938179246149957,443.23095703125
real::HQcN-SPchhI_7_31to133,55.10199871100485,480.8642578125
open_sora::HQcN-SPchhI_7_31to133,20.46561657078564,444.9853515625
real::Tq5e0Lh117c_22_0to117,54.79172193817794,483.1416015625
open_sora::Tq5e0Lh117c_22_0to117,19.849011457525194,444.98583984375
real::z4FHgwCfbNs_5_31to256,68.652075573802,481.36474609375
open_sora::z4FHgwCfbNs_5_31to256,28.060912675224245,446.1328125
real::6p2KYW76Aeo_33_0to134,47.57551379222423,479.92724609375
open_sora::6p2KYW76Aeo_33_0to134,23.252614370547235,443.4033203125
real::ofurWzQTGeI_94_342to615,59.697405736893415,480.8642578125
open_sora::ofurWzQTGeI_94_342to615,19.447016716003418,443.4033203125
real::JZE2If6eT_4_27_0to807,47.48604744300246,479.92724609375
open_sora::JZE2If6eT_4_27_0to807,13.73297212831676,443.69970703125
real::aIGHTfekBqE_169_0to103,54.503387096337974,479.69287109375
open_sora::aIGHTfekBqE_169_0to103,15.670790262520313,443.23095703125
real::lwblHh_qHRc_8_49to161,58.21196151524782,483.08056640625
open_sora::lwblHh_qHRc_8_49to161,15.25046474300325,447.53076171875
real::H4m2NadSdFY_35_0to131,46.530559345148504,479.92724609375
open_sora::H4m2NadSdFY_35_0to131,15.229470909573138,443.69970703125
real::-RTWiKiqlDg_33_0to349,49.699446668848395,479.45849609375
open_sora::-RTWiKiqlDg_33_0to349,15.31052924785763,443.46533203125
real::4elIMVO4ytk_4_0to901,52.434586588293314,480.8642578125
open_sora::4elIMVO4ytk_4_0to901,17.614049702882767,443.46533203125
real::MdUQIfafCiQ_4_0to195,52.80427117925137,479.45849609375
open_sora::MdUQIfafCiQ_4_0to195,15.873970154672861,443.23095703125
real::-dbdyfmrQ60_19_139to248,85.83880106452852,483.7919921875
open_sora::-dbdyfmrQ60_19_139to248,30.22602350078523,447.2353515625
real::J3YiaYC7s4k_6_92to260,50.416667150333524,479.92724609375
open_sora::J3YiaYC7s4k_6_92to260,16.87116431351751,443.69970703125
real::_Q9iqWQkyu0_35_30to162,54.991150107234716,479.45849609375
open_sora::_Q9iqWQkyu0_35_30to162,15.962645128369331,443.23095703125
real::2N4Px6wS_KI_61_0to101,40.107274210080504,479.69287109375
open_sora::2N4Px6wS_KI_61_0to101,15.811498867347836,446.58203125
real::vQaInXtr6m8_31_0to492,72.59378674253821,480.8642578125
open_sora::vQaInXtr6m8_31_0to492,30.28548059053719,446.7333984375
real::ygt6W64gatE_24_0to1187,40.07162425015122,479.45849609375
open_sora::ygt6W64gatE_24_0to1187,16.077749158255756,443.46533203125
real::peZbzdef1Hs_8_0to315,52.788215077482164,480.8642578125
open_sora::peZbzdef1Hs_8_0to315,16.661915379576385,443.23095703125
real::mLc0QQiQyTE_4_18to400,79.33182767219841,482.59375
open_sora::mLc0QQiQyTE_4_18to400,24.583041958510876,446.5380859375
real::GfgMMB8IfcE_7_521to627,37.28871358279139,479.22314453125
open_sora::GfgMMB8IfcE_7_521to627,13.027981046587229,442.99560546875
real::9tyEdGJkoKg_18_0to165,38.558725042268634,479.6923828125
open_sora::9tyEdGJkoKg_18_0to165,14.93417533673346,443.46533203125
real::DyY1ckkFLAY_9_0to129,49.589255013503134,479.45849609375
open_sora::DyY1ckkFLAY_9_0to129,15.110893038101494,443.23095703125
real::7-cp_xLrHzk_29_0to290,39.66612461116165,479.45849609375
open_sora::7-cp_xLrHzk_29_0to290,16.17170098796487,443.23095703125
real::JZIEfgYvQio_37_106to215,60.34916298557073,482.56982421875
open_sora::JZIEfgYvQio_37_106to215,21.49149812106043,444.9853515625
real::H8L6geti0I0_10_0to113,43.56611311249435,479.45849609375
open_sora::H8L6geti0I0_10_0to113,14.449053884483874,443.23095703125
real::WeMNOGnmVcE_16_18to167,38.53294692747295,479.45849609375
open_sora::WeMNOGnmVcE_16_18to167,15.52128952741623,443.23095703125
real::FGHnVc1El8Y_52_0to238,42.579195104539394,479.92724609375
open_sora::FGHnVc1El8Y_52_0to238,19.90494073741138,443.4033203125
real::U0NTjd-Cx0I_2_19to216,47.27830406464636,479.69287109375
open_sora::U0NTjd-Cx0I_2_19to216,15.996210508048534,443.69970703125
real::yxbayDhqBQc_14_0to156,38.842370740137994,479.22314453125
open_sora::yxbayDhqBQc_14_0to156,12.452849735505879,443.46533203125
real::vz2lj5JFxE8_52_0to146,39.41605720669031,479.92724609375
open_sora::vz2lj5JFxE8_52_0to146,13.428157907910645,443.23046875
real::MdRiHvx2oz0_22_0to136,50.91386884171516,480.162109375
open_sora::MdRiHvx2oz0_22_0to136,16.419593123719096,443.46533203125
real::qi4zfI56x2M_16_0to104,40.29135561361909,479.92724609375
open_sora::qi4zfI56x2M_16_0to104,13.080571074038744,443.23046875
real::JzqqEDANwps_2_0to1338,46.27310008648783,479.45849609375
open_sora::JzqqEDANwps_2_0to1338,14.386419952847064,443.23095703125
real::yfrq7y1PqBo_83_0to136,46.486194116063416,479.45849609375
open_sora::yfrq7y1PqBo_83_0to136,17.97091704700142,443.69970703125
real::zxUsGZedLSQ_0_0to404,47.51225225441158,480.162109375
open_sora::zxUsGZedLSQ_0_0to404,19.056211064569652,443.4033203125
real::SheHMI0Cowo_22_0to519,42.27648224402219,479.4580078125
open_sora::SheHMI0Cowo_22_0to519,12.892691452987492,442.99560546875
real::GyhPEjXw1yA_5_0to107,43.799254981800914,479.45849609375
open_sora::GyhPEjXw1yA_5_0to107,15.324161388911307,443.23095703125
real::Z04M-o26qcg_82_41to159,44.50063490867615,480.162109375
open_sora::Z04M-o26qcg_82_41to159,15.114728971384466,443.9345703125
real::9kXAHch00SM_1_0to107,48.38971942383796,480.162109375
open_sora::9kXAHch00SM_1_0to107,17.7917195064947,443.69970703125
real::hU-KE7VvDfM_21_67to381,48.23021001648158,479.45849609375
open_sora::hU-KE7VvDfM_21_67to381,23.735835914500058,443.4033203125
real::vYEtS2eXY-c_0_0to587,72.37880341056734,481.69287109375
open_sora::vYEtS2eXY-c_0_0to587,25.370516856200993,446.58203125
real::8L4fzqZTm_M_10_0to519,46.25641096942127,479.45849609375
open_sora::8L4fzqZTm_M_10_0to519,11.084635565057397,443.23046875
real::OMPD4d2YaWM_28_89to392,50.092506382614374,479.69287109375
open_sora::OMPD4d2YaWM_28_89to392,18.241552856750786,443.69970703125
real::IMlAZsNPvYw_16_0to166,43.37568032275885,479.69287109375
open_sora::IMlAZsNPvYw_16_0to166,12.760508389212191,443.23095703125
real::WrrjOmZqUvc_28_0to135,43.351879821158946,481.205078125
open_sora::WrrjOmZqUvc_28_0to135,13.204308192245662,442.99609375
real::NgfBEINw48s_61_0to271,46.74160408694297,479.69287109375
open_sora::NgfBEINw48s_61_0to271,16.961989738978446,443.46533203125
real::m7V1i3jhomo_105_0to194,44.6877682460472,479.4580078125
open_sora::m7V1i3jhomo_105_0to194,14.851357968524098,443.69970703125
real::iWdkJPc7TV8_24_0to115,50.90250295214355,479.69287109375
open_sora::iWdkJPc7TV8_24_0to115,14.935844297520816,443.23095703125
real::wcY6nDp_HzM_58_22to134,53.804644007235765,479.69287109375
open_sora::wcY6nDp_HzM_58_22to134,20.395856488496065,444.9853515625
real::sWfMsD8gqWc_4_0to1090,41.58845576364547,479.92724609375
open_sora::sWfMsD8gqWc_4_0to1090,16.17912263609469,443.69970703125
real::5q6XOGXMrJA_34_90to339,86.47918503079563,483.0810546875
open_sora::5q6XOGXMrJA_34_90to339,24.490549369715154,446.29052734375
real::RmpBR91bFlg_29_0to504,44.851104385219514,479.45849609375
open_sora::RmpBR91bFlg_29_0to504,15.386364156380296,443.46533203125
real::4_Xdc3O1OGs_52_0to346,105.2663232171908,485.09814453125
open_sora::4_Xdc3O1OGs_52_0to346,20.350325730629265,444.9853515625
real::_icmM8z-QeM_16_0to230,81.43534752726555,483.001953125
open_sora::_icmM8z-QeM_16_0to230,21.361480987630785,444.9853515625
real::E3d0f7224A4_5_1123to1257,69.21695774421096,481.69287109375
open_sora::E3d0f7224A4_5_1123to1257,19.261884924024343,443.9345703125
real::okFxJc5z0BI_7_0to158,69.23119611106813,481.205078125
open_sora::okFxJc5z0BI_7_0to158,15.62009232211858,443.4033203125
real::PgRYzMZaGL0_11_0to245,36.91843989118934,479.4580078125
open_sora::PgRYzMZaGL0_11_0to245,13.114255160093307,442.99560546875
real::ifafaG1pqws_16_0to103,59.6947063524276,482.38623046875
open_sora::ifafaG1pqws_16_0to103,23.726128180511296,443.9345703125
real::UbBtUB4qfKs_7_0to116,52.28464648220688,479.69287109375
open_sora::UbBtUB4qfKs_7_0to116,18.223392013460398,443.46533203125
real::U4veMzcQWnw_40_0to113,46.4209610959515,479.69287109375
open_sora::U4veMzcQWnw_40_0to113,12.485682775266469,443.69921875
real::yGs8FDmiLZA_12_93to436,38.75920822750777,479.69287109375
open_sora::yGs8FDmiLZA_12_93to436,12.835760632529855,443.23095703125
real::_UszIjJounQ_35_23to233,43.02605238836259,479.69287109375
open_sora::_UszIjJounQ_35_23to233,17.44925674982369,443.9345703125
real::p7rc_WUPJNs_19_100to367,40.98138080909848,479.69287109375
open_sora::p7rc_WUPJNs_19_100to367,13.823377698659897,443.23046875
real::sLuL_msn9-c_30_0to135,46.18873430881649,480.162109375
open_sora::sLuL_msn9-c_30_0to135,18.18761351145804,443.69970703125
real::loOVcFRvCeE_32_45to195,39.59310081042349,479.22314453125
open_sora::loOVcFRvCeE_32_45to195,13.892137902788818,442.99560546875
real::ONjRr1-mjfY_32_42to223,56.6406808886677,481.69287109375
open_sora::ONjRr1-mjfY_32_42to223,22.138660104945302,443.4033203125
real::AcpZvx0p4X0_27_0to167,36.73746852669865,479.45849609375
open_sora::AcpZvx0p4X0_27_0to167,13.029356393963099,443.23095703125
real::QUpJf88FEhQ_17_26to179,54.16557724773884,479.69287109375
open_sora::QUpJf88FEhQ_17_26to179,16.22565340064466,443.46533203125
real::cpSjuQ_ZJvY_4_0to181,46.2969712279737,479.92724609375
open_sora::cpSjuQ_ZJvY_4_0to181,17.819746367633343,444.9853515625
real::7M4KJ8H14No_7_34to141,37.36886601988226,479.22314453125
open_sora::7M4KJ8H14No_7_34to141,12.77730602864176,443.23046875
real::L-YGf6sT4Nc_10_0to109,44.81488937139511,479.69287109375
open_sora::L-YGf6sT4Nc_10_0to109,13.408693947829306,443.46533203125
real::8FCVMFa2U48_1_0to136,154.919588890858,485.09814453125
open_sora::8FCVMFa2U48_1_0to136,28.095938871614635,446.29052734375
real::1SsRvQvzN8Y_9_0to118,96.26595655083656,483.30078125
open_sora::1SsRvQvzN8Y_9_0to118,24.978373043239117,446.53759765625
real::3cpxcBupvL4_1_0to1170,53.16824558284134,479.92724609375
open_sora::3cpxcBupvL4_1_0to1170,15.868015214800835,443.23095703125
real::pf2Lz2gkFwY_24_19to165,38.911542099900544,479.4580078125
open_sora::pf2Lz2gkFwY_24_19to165,11.716801274567842,443.69921875
real::3ebhqmMWg14_0_0to199,44.22868953924626,479.69287109375
open_sora::3ebhqmMWg14_0_0to199,12.816605758853257,443.69970703125
real::FKlzxOC_L7o_10_0to102,43.86460436228663,479.69287109375
open_sora::FKlzxOC_L7o_10_0to102,18.15592051949352,443.9345703125
real::4Ypgw119yBg_4_0to1602,58.078178245574236,479.92724609375
open_sora::4Ypgw119yBg_4_0to1602,19.967593706212938,443.69970703125
real::gnwQPORABR8_18_0to217,47.38699165079743,480.162109375
open_sora::gnwQPORABR8_18_0to217,19.7733639664948,444.9853515625
real::ZsxlTeh1BIo_42_20to148,55.14692073594779,479.92724609375
open_sora::ZsxlTeh1BIo_42_20to148,12.62874754704535,443.46533203125
real::2_0x9pY2dPA_0_287to388,46.989905372262,479.45849609375
open_sora::2_0x9pY2dPA_0_287to388,16.22918953280896,443.23095703125
