sample_id,dataset_name,source_video_id,group_id,official_split,split,label,generator_name,generation_task,video_id,prompt_sha256,selection_key,archive_path,archive_member_path,file_size_compressed,file_size_uncompressed,license_status,download_status
real::gJKsjHgG6sI_10_0to520,AIGVDBench,gJKsjHgG6sI_10_0to520,aigvdbench:gJKsjHgG6sI_10_0to520,train,train,0,,real_video,gJKsjHgG6sI_10_0to520.mp4,b98aa93dfb39f614a2698a4d0d4b37a99eaa71d1935142919bfc0edf8559d988,0007c1b7844e3063c9e4dfe15ea30cc0758670a782bc3d06838baa86a1248dd7,AIGVDBench/Real/Real.zip,videos/gJKsjHgG6sI_10_0to520.mp4,14368768,14370468,dataset_cc_by_4_0_component_partial,not_downloaded
open_sora::gJKsjHgG6sI_10_0to520,AIGVDBench,gJKsjHgG6sI_10_0to520,aigvdbench:gJKsjHgG6sI_10_0to520,train,train,1,Open-Sora,text_to_video,gJKsjHgG6sI_10_0to520.mp4,b98aa93dfb39f614a2698a4d0d4b37a99eaa71d1935142919bfc0edf8559d988,0007c1b7844e3063c9e4dfe15ea30cc0758670a782bc3d06838baa86a1248dd7,AIGVDBench/OpenSource/T2V/Open-Sora.zip,videos/gJKsjHgG6sI_10_0to520.mp4,45253,46006,dataset_cc_by_4_0_component_partial,not_downloaded
real::5Jt_XnncnVg_27_0to401,AIGVDBench,5Jt_XnncnVg_27_0to401,aigvdbench:5Jt_XnncnVg_27_0to401,train,train,0,,real_video,5Jt_XnncnVg_27_0to401.mp4,f3adb124b1250d4da599eb59ca5477c966c2feac2ec9597772fb53203d841073,00096152c8778a5999b8e515beffc73f6e977e318ba3f5d03e075e87ac067c47,AIGVDBench/Real/Real.zip,videos/5Jt_XnncnVg_27_0to401.mp4,11414387,11415309,dataset_cc_by_4_0_component_partial,not_downloaded
open_sora::5Jt_XnncnVg_27_0to401,AIGVDBench,5Jt_XnncnVg_27_0to401,aigvdbench:5Jt_XnncnVg_27_0to401,train,train,1,Open-Sora,text_to_video,5Jt_XnncnVg_27_0to401.mp4,f3adb124b1250d4da599eb59ca5477c966c2feac2ec9597772fb53203d841073,00096152c8778a5999b8e515beffc73f6e977e318ba3f5d03e075e87ac067c47,AIGVDBench/OpenSource/T2V/Open-Sora.zip,videos/5Jt_XnncnVg_27_0to401.mp4,42371,43190,dataset_cc_by_4_0_component_partial,not_downloaded
real::Dh0v721XH9A_4_0to224,AIGVDBench,Dh0v721XH9A_4_0to224,aigvdbench:Dh0v721XH9A_4_0to224,train,train,0,,real_video,Dh0v721XH9A_4_0to224.mp4,ea83118fe02b170aa55b9b361df15c82b9765263c2bb635e9304cb838ce44b05,000b7acef8f40301727aff6f2ee08c7dcfb3fd8e15ae13112c46f0493e323591,AIGVDBench/Real/Real.zip,videos/Dh0v721XH9A_4_0to224.mp4,2381606,2382338,dataset_cc_by_4_0_component_partial,not_downloaded
open_sora::Dh0v721XH9A_4_0to224,AIGVDBench,Dh0v721XH9A_4_0to224,aigvdbench:Dh0v721XH9A_4_0to224,train,train,1,Open-Sora,text_to_video,Dh0v721XH9A_4_0to224.mp4,ea83118fe02b170aa55b9b361df15c82b9765263c2bb635e9304cb838ce44b05,000b7acef8f40301727aff6f2ee08c7dcfb3fd8e15ae13112c46f0493e323591,AIGVDBench/OpenSource/T2V/Open-Sora.zip,videos/Dh0v721XH9A_4_0to224.mp4,71118,71870,dataset_cc_by_4_0_component_partial,not_downloaded
real::2f6LelxirVM_1_0to123,AIGVDBench,2f6LelxirVM_1_0to123,aigvdbench:2f6LelxirVM_1_0to123,train,train,0,,real_video,2f6LelxirVM_1_0to123.mp4,517e7c19c14e18cb121cec8d9d5bc488e7db523b6dc4bbcd5da4fbe506d522d5,000fd69a5f88fa49867fe1831e3821a769741134cf1246095e3b5d17cb52a29d,AIGVDBench/Real/Real.zip,videos/2f6LelxirVM_1_0to123.mp4,1122129,1122926,dataset_cc_by_4_0_component_partial,not_downloaded
open_sora::2f6LelxirVM_1_0to123,AIGVDBench,2f6LelxirVM_1_0to123,aigvdbench:2f6LelxirVM_1_0to123,train,train,1,Open-Sora,text_to_video,2f6LelxirVM_1_0to123.mp4,517e7c19c14e18cb121cec8d9d5bc488e7db523b6dc4bbcd5da4fbe506d522d5,000fd69a5f88fa49867fe1831e3821a769741134cf1246095e3b5d17cb52a29d,AIGVDBench/OpenSource/T2V/Open-Sora.zip,videos/2f6LelxirVM_1_0to123.mp4,46599,47437,dataset_cc_by_4_0_component_partial,not_downloaded
real::Ec101pAONBM_85_0to110,AIGVDBench,Ec101pAONBM_85_0to110,aigvdbench:Ec101pAONBM_85_0to110,train,train,0,,real_video,Ec101pAONBM_85_0to110.mp4,248f93cae0de3595d8d4d3d33747ab878e855d13f22286391dfd8ded2a9be6db,001120696131e9a5239f9528495bfcede7d957978eed9b416da9dd4e3682b2ca,AIGVDBench/Real/Real.zip,videos/Ec101pAONBM_85_0to110.mp4,1360065,1360529,dataset_cc_by_4_0_component_partial,not_downloaded
open_sora::Ec101pAONBM_85_0to110,AIGVDBench,Ec101pAONBM_85_0to110,aigvdbench:Ec101pAONBM_85_0to110,train,train,1,Open-Sora,text_to_video,Ec101pAONBM_85_0to110.mp4,248f93cae0de3595d8d4d3d33747ab878e855d13f22286391dfd8ded2a9be6db,001120696131e9a5239f9528495bfcede7d957978eed9b416da9dd4e3682b2ca,AIGVDBench/OpenSource/T2V/Open-Sora.zip,videos/Ec101pAONBM_85_0to110.mp4,51062,51925,dataset_cc_by_4_0_component_partial,not_downloaded
real::RN_7nPK_pYI_0_0to319,AIGVDBench,RN_7nPK_pYI_0_0to319,aigvdbench:RN_7nPK_pYI_0_0to319,train,train,0,,real_video,RN_7nPK_pYI_0_0to319.mp4,8d4adbffd556636a105f3f0c21e0cbf7d389d3e0a74ac0a90bbd556f81cb6030,001462b04390abd2080ce0dac8f13030f7e4ecaa8d774aa054e865e2d390f76d,AIGVDBench/Real/Real.zip,videos/RN_7nPK_pYI_0_0to319.mp4,8272611,8273604,dataset_cc_by_4_0_component_partial,not_downloaded
open_sora::RN_7nPK_pYI_0_0to319,AIGVDBench,RN_7nPK_pYI_0_0to319,aigvdbench:RN_7nPK_pYI_0_0to319,train,train,1,Open-Sora,text_to_video,RN_7nPK_pYI_0_0to319.mp4,8d4adbffd556636a105f3f0c21e0cbf7d389d3e0a74ac0a90bbd556f81cb6030,001462b04390abd2080ce0dac8f13030f7e4ecaa8d774aa054e865e2d390f76d,AIGVDBench/OpenSource/T2V/Open-Sora.zip,videos/RN_7nPK_pYI_0_0to319.mp4,50608,51493,dataset_cc_by_4_0_component_partial,not_downloaded
real::YUPQHE8dOyI_9_0to176,AIGVDBench,YUPQHE8dOyI_9_0to176,aigvdbench:YUPQHE8dOyI_9_0to176,train,train,0,,real_video,YUPQHE8dOyI_9_0to176.mp4,cb788dc0b5f088285c9dca169ce4527f240cf5c2b89319897280edfcf3215d88,001cdf92f4799bf09ba6f8001c95d09e9583391abc3d702889e09990ce4d6b4a,AIGVDBench/Real/Real.zip,videos/YUPQHE8dOyI_9_0to176.mp4,2063075,2064160,dataset_cc_by_4_0_component_partial,not_downloaded
open_sora::YUPQHE8dOyI_9_0to176,AIGVDBench,YUPQHE8dOyI_9_0to176,aigvdbench:YUPQHE8dOyI_9_0to176,train,train,1,Open-Sora,text_to_video,YUPQHE8dOyI_9_0to176.mp4,cb788dc0b5f088285c9dca169ce4527f240cf5c2b89319897280edfcf3215d88,001cdf92f4799bf09ba6f8001c95d09e9583391abc3d702889e09990ce4d6b4a,AIGVDBench/OpenSource/T2V/Open-Sora.zip,videos/YUPQHE8dOyI_9_0to176.mp4,48068,48923,dataset_cc_by_4_0_component_partial,not_downloaded
real::mHoO8vEm1co_1_34to168,AIGVDBench,mHoO8vEm1co_1_34to168,aigvdbench:mHoO8vEm1co_1_34to168,train,train,0,,real_video,mHoO8vEm1co_1_34to168.mp4,7186d5a367aca34e11a28f75772bb882b263fc98f200377f0b2a582471d0b5db,001d6691a34b0371ee856e43e8371f303db12596cbb7ff5a486624a5e9df61c4,AIGVDBench/Real/Real.zip,videos/mHoO8vEm1co_1_34to168.mp4,2300125,2301072,dataset_cc_by_4_0_component_partial,not_downloaded
open_sora::mHoO8vEm1co_1_34to168,AIGVDBench,mHoO8vEm1co_1_34to168,aigvdbench:mHoO8vEm1co_1_34to168,train,train,1,Open-Sora,text_to_video,mHoO8vEm1co_1_34to168.mp4,7186d5a367aca34e11a28f75772bb882b263fc98f200377f0b2a582471d0b5db,001d6691a34b0371ee856e43e8371f303db12596cbb7ff5a486624a5e9df61c4,AIGVDBench/OpenSource/T2V/Open-Sora.zip,videos/mHoO8vEm1co_1_34to168.mp4,38234,39046,dataset_cc_by_4_0_component_partial,not_downloaded
real::ci8GjIKQDKU_24_0to109,AIGVDBench,ci8GjIKQDKU_24_0to109,aigvdbench:ci8GjIKQDKU_24_0to109,train,train,0,,real_video,ci8GjIKQDKU_24_0to109.mp4,e0ad2b40bc02ebcaa952e4bdf5750b437d3ab0836016db2268673b7b48f5a8cf,001e95e3a4e5a79746779743b53f16d4313942c3e0234221c007e51649c67d3b,AIGVDBench/Real/Real.zip,videos/ci8GjIKQDKU_24_0to109.mp4,1354301,1355118,dataset_cc_by_4_0_component_partial,not_downloaded
open_sora::ci8GjIKQDKU_24_0to109,AIGVDBench,ci8GjIKQDKU_24_0to109,aigvdbench:ci8GjIKQDKU_24_0to109,train,train,1,Open-Sora,text_to_video,ci8GjIKQDKU_24_0to109.mp4,e0ad2b40bc02ebcaa952e4bdf5750b437d3ab0836016db2268673b7b48f5a8cf,001e95e3a4e5a79746779743b53f16d4313942c3e0234221c007e51649c67d3b,AIGVDBench/OpenSource/T2V/Open-Sora.zip,videos/ci8GjIKQDKU_24_0to109.mp4,39977,40815,dataset_cc_by_4_0_component_partial,not_downloaded
real::9S2-sD1HIbQ_21_126to247,AIGVDBench,9S2-sD1HIbQ_21_126to247,aigvdbench:9S2-sD1HIbQ_21_126to247,train,train,0,,real_video,9S2-sD1HIbQ_21_126to247.mp4,618816e69c11af14189bb11e7cce76eb2f703807b0d9a2ed5ec508c41143fdec,002bfa76210f204d8bed8b922ec98c66470cbf6683f69c6484d1f68cca13c078,AIGVDBench/Real/Real.zip,videos/9S2-sD1HIbQ_21_126to247.mp4,1711598,1712108,dataset_cc_by_4_0_component_partial,not_downloaded
open_sora::9S2-sD1HIbQ_21_126to247,AIGVDBench,9S2-sD1HIbQ_21_126to247,aigvdbench:9S2-sD1HIbQ_21_126to247,train,train,1,Open-Sora,text_to_video,9S2-sD1HIbQ_21_126to247.mp4,618816e69c11af14189bb11e7cce76eb2f703807b0d9a2ed5ec508c41143fdec,002bfa76210f204d8bed8b922ec98c66470cbf6683f69c6484d1f68cca13c078,AIGVDBench/OpenSource/T2V/Open-Sora.zip,videos/9S2-sD1HIbQ_21_126to247.mp4,37722,38581,dataset_cc_by_4_0_component_partial,not_downloaded
real::EXmiHun7d-8_29_776to898,AIGVDBench,EXmiHun7d-8_29_776to898,aigvdbench:EXmiHun7d-8_29_776to898,train,train,0,,real_video,EXmiHun7d-8_29_776to898.mp4,c494b6eb7b4c41dcbefc18e49f058ef331ffbcbd8c728a4b69a60255f228c4cf,0039e5641d8b623bb83aa4cdc937e38d7ccdf145d53cb5435a3c945e80485573,AIGVDBench/Real/Real.zip,videos/EXmiHun7d-8_29_776to898.mp4,2603902,2604191,dataset_cc_by_4_0_component_partial,not_downloaded
open_sora::EXmiHun7d-8_29_776to898,AIGVDBench,EXmiHun7d-8_29_776to898,aigvdbench:EXmiHun7d-8_29_776to898,train,train,1,Open-Sora,text_to_video,EXmiHun7d-8_29_776to898.mp4,c494b6eb7b4c41dcbefc18e49f058ef331ffbcbd8c728a4b69a60255f228c4cf,0039e5641d8b623bb83aa4cdc937e38d7ccdf145d53cb5435a3c945e80485573,AIGVDBench/OpenSource/T2V/Open-Sora.zip,videos/EXmiHun7d-8_29_776to898.mp4,67076,67946,dataset_cc_by_4_0_component_partial,not_downloaded
real::wmd4Nbunuyg_11_193to331,AIGVDBench,wmd4Nbunuyg_11_193to331,aigvdbench:wmd4Nbunuyg_11_193to331,train,train,0,,real_video,wmd4Nbunuyg_11_193to331.mp4,cf16c4214ade77743dc6f8ca1b1d46029358e26e8b4c25da631e1aab193986d3,004124838a6edb70652e25d725cf1cf1595e9f3501f04727161be2666eba0414,AIGVDBench/Real/Real.zip,videos/wmd4Nbunuyg_11_193to331.mp4,3723196,3723366,dataset_cc_by_4_0_component_partial,not_downloaded
open_sora::wmd4Nbunuyg_11_193to331,AIGVDBench,wmd4Nbunuyg_11_193to331,aigvdbench:wmd4Nbunuyg_11_193to331,train,train,1,Open-Sora,text_to_video,wmd4Nbunuyg_11_193to331.mp4,cf16c4214ade77743dc6f8ca1b1d46029358e26e8b4c25da631e1aab193986d3,004124838a6edb70652e25d725cf1cf1595e9f3501f04727161be2666eba0414,AIGVDBench/OpenSource/T2V/Open-Sora.zip,videos/wmd4Nbunuyg_11_193to331.mp4,46517,47328,dataset_cc_by_4_0_component_partial,not_downloaded
real::w7h--c54_O8_24_0to135,AIGVDBench,w7h--c54_O8_24_0to135,aigvdbench:w7h--c54_O8_24_0to135,train,train,0,,real_video,w7h--c54_O8_24_0to135.mp4,744c7e59ce4f11da82e61c45ef259bba763316eeb80349809eb3f69492af256a,004444f102200c6ed5b4997dd19333cb543450df2c4ac9ea16e64abed033a860,AIGVDBench/Real/Real.zip,videos/w7h--c54_O8_24_0to135.mp4,1220138,1220980,dataset_cc_by_4_0_component_partial,not_downloaded
open_sora::w7h--c54_O8_24_0to135,AIGVDBench,w7h--c54_O8_24_0to135,aigvdbench:w7h--c54_O8_24_0to135,train,train,1,Open-Sora,text_to_video,w7h--c54_O8_24_0to135.mp4,744c7e59ce4f11da82e61c45ef259bba763316eeb80349809eb3f69492af256a,004444f102200c6ed5b4997dd19333cb543450df2c4ac9ea16e64abed033a860,AIGVDBench/OpenSource/T2V/Open-Sora.zip,videos/w7h--c54_O8_24_0to135.mp4,46026,46872,dataset_cc_by_4_0_component_partial,not_downloaded
real::2lTq3d3vY04_0_96to280,AIGVDBench,2lTq3d3vY04_0_96to280,aigvdbench:2lTq3d3vY04_0_96to280,train,train,0,,real_video,2lTq3d3vY04_0_96to280.mp4,eec4109af964c66ceadf20bfaa9091b77d856411aa522c4ba2702725f11a39e2,0048b7c3c2da94dcc0ca4d19de42df2ec84ce9a83e009d7be97912d9638b66a1,AIGVDBench/Real/Real.zip,videos/2lTq3d3vY04_0_96to280.mp4,3383022,3383382,dataset_cc_by_4_0_component_partial,not_downloaded
open_sora::2lTq3d3vY04_0_96to280,AIGVDBench,2lTq3d3vY04_0_96to280,aigvdbench:2lTq3d3vY04_0_96to280,train,train,1,Open-Sora,text_to_video,2lTq3d3vY04_0_96to280.mp4,eec4109af964c66ceadf20bfaa9091b77d856411aa522c4ba2702725f11a39e2,0048b7c3c2da94dcc0ca4d19de42df2ec84ce9a83e009d7be97912d9638b66a1,AIGVDBench/OpenSource/T2V/Open-Sora.zip,videos/2lTq3d3vY04_0_96to280.mp4,62906,63631,dataset_cc_by_4_0_component_partial,not_downloaded
real::qb4DJAgNGiQ_87_29to141,AIGVDBench,qb4DJAgNGiQ_87_29to141,aigvdbench:qb4DJAgNGiQ_87_29to141,train,train,0,,real_video,qb4DJAgNGiQ_87_29to141.mp4,881bdd8437c3f41af82f6986cdbde9e42e4dcbc04cf449fb14c930ea6d110481,004ed5af938e6f1b8cd2030dd87b0586c923a0dad6c03b015e57043a4a8c092d,AIGVDBench/Real/Real.zip,videos/qb4DJAgNGiQ_87_29to141.mp4,2316273,2316523,dataset_cc_by_4_0_component_partial,not_downloaded
open_sora::qb4DJAgNGiQ_87_29to141,AIGVDBench,qb4DJAgNGiQ_87_29to141,aigvdbench:qb4DJAgNGiQ_87_29to141,train,train,1,Open-Sora,text_to_video,qb4DJAgNGiQ_87_29to141.mp4,881bdd8437c3f41af82f6986cdbde9e42e4dcbc04cf449fb14c930ea6d110481,004ed5af938e6f1b8cd2030dd87b0586c923a0dad6c03b015e57043a4a8c092d,AIGVDBench/OpenSource/T2V/Open-Sora.zip,videos/qb4DJAgNGiQ_87_29to141.mp4,62196,62975,dataset_cc_by_4_0_component_partial,not_downloaded
real::zEr5cbkNabY_38_39to140,AIGVDBench,zEr5cbkNabY_38_39to140,aigvdbench:zEr5cbkNabY_38_39to140,train,train,0,,real_video,zEr5cbkNabY_38_39to140.mp4,fd68452f28e3d696783e959ae1fef2ed7b97895be4f42568dc9074a46e2f12b6,00570c7acf4c5516ed3efcd11a5b7d0d60661d4892efd78b3676a6a2d9e8ec43,AIGVDBench/Real/Real.zip,videos/zEr5cbkNabY_38_39to140.mp4,1216190,1216645,dataset_cc_by_4_0_component_partial,not_downloaded
open_sora::zEr5cbkNabY_38_39to140,AIGVDBench,zEr5cbkNabY_38_39to140,aigvdbench:zEr5cbkNabY_38_39to140,train,train,1,Open-Sora,text_to_video,zEr5cbkNabY_38_39to140.mp4,fd68452f28e3d696783e959ae1fef2ed7b97895be4f42568dc9074a46e2f12b6,00570c7acf4c5516ed3efcd11a5b7d0d60661d4892efd78b3676a6a2d9e8ec43,AIGVDBench/OpenSource/T2V/Open-Sora.zip,videos/zEr5cbkNabY_38_39to140.mp4,46775,47662,dataset_cc_by_4_0_component_partial,not_downloaded
real::_Z5UMH8trWE_637_136to247,AIGVDBench,_Z5UMH8trWE_637_136to247,aigvdbench:_Z5UMH8trWE_637_136to247,train,train,0,,real_video,_Z5UMH8trWE_637_136to247.mp4,ea8dc9b6ae2831ee6754929b2bfffcb2227bf3583abd0cc27f8ccd3df831b321,00570cca3a8d5bc75640f8bc5574561891850e84e765f74b0b453867cb6769a1,AIGVDBench/Real/Real.zip,videos/_Z5UMH8trWE_637_136to247.mp4,2289972,2290445,dataset_cc_by_4_0_component_partial,not_downloaded
open_sora::_Z5UMH8trWE_637_136to247,AIGVDBench,_Z5UMH8trWE_637_136to247,aigvdbench:_Z5UMH8trWE_637_136to247,train,train,1,Open-Sora,text_to_video,_Z5UMH8trWE_637_136to247.mp4,ea8dc9b6ae2831ee6754929b2bfffcb2227bf3583abd0cc27f8ccd3df831b321,00570cca3a8d5bc75640f8bc5574561891850e84e765f74b0b453867cb6769a1,AIGVDBench/OpenSource/T2V/Open-Sora.zip,videos/_Z5UMH8trWE_637_136to247.mp4,46552,47368,dataset_cc_by_4_0_component_partial,not_downloaded
real::BjNdaV_Jz4U_5_0to151,AIGVDBench,BjNdaV_Jz4U_5_0to151,aigvdbench:BjNdaV_Jz4U_5_0to151,train,train,0,,real_video,BjNdaV_Jz4U_5_0to151.mp4,27df786a37e75409822084ed87e8972b644956cfb4e146e66755402e28298d6a,0062eed105ca288be1c68267e56954a256e111ee6aaa43ab8e819e3357890e83,AIGVDBench/Real/Real.zip,videos/BjNdaV_Jz4U_5_0to151.mp4,3219998,3220661,dataset_cc_by_4_0_component_partial,not_downloaded
open_sora::BjNdaV_Jz4U_5_0to151,AIGVDBench,BjNdaV_Jz4U_5_0to151,aigvdbench:BjNdaV_Jz4U_5_0to151,train,train,1,Open-Sora,text_to_video,BjNdaV_Jz4U_5_0to151.mp4,27df786a37e75409822084ed87e8972b644956cfb4e146e66755402e28298d6a,0062eed105ca288be1c68267e56954a256e111ee6aaa43ab8e819e3357890e83,AIGVDBench/OpenSource/T2V/Open-Sora.zip,videos/BjNdaV_Jz4U_5_0to151.mp4,48367,49233,dataset_cc_by_4_0_component_partial,not_downloaded
real::kNVy_zN3BHA_44_53to302,AIGVDBench,kNVy_zN3BHA_44_53to302,aigvdbench:kNVy_zN3BHA_44_53to302,train,train,0,,real_video,kNVy_zN3BHA_44_53to302.mp4,7e3788d241276ffbcd1804dde4cf90dc01b298ce4e3c2d380e49100ff8327435,0068a30af2653a9b461cf8796d2e6c00f2cf211a15ebc2865921e5b827b17e43,AIGVDBench/Real/Real.zip,videos/kNVy_zN3BHA_44_53to302.mp4,4654727,4655355,dataset_cc_by_4_0_component_partial,not_downloaded
open_sora::kNVy_zN3BHA_44_53to302,AIGVDBench,kNVy_zN3BHA_44_53to302,aigvdbench:kNVy_zN3BHA_44_53to302,train,train,1,Open-Sora,text_to_video,kNVy_zN3BHA_44_53to302.mp4,7e3788d241276ffbcd1804dde4cf90dc01b298ce4e3c2d380e49100ff8327435,0068a30af2653a9b461cf8796d2e6c00f2cf211a15ebc2865921e5b827b17e43,AIGVDBench/OpenSource/T2V/Open-Sora.zip,videos/kNVy_zN3BHA_44_53to302.mp4,49194,50016,dataset_cc_by_4_0_component_partial,not_downloaded
real::lExN3FdIvw8_26_0to110,AIGVDBench,lExN3FdIvw8_26_0to110,aigvdbench:lExN3FdIvw8_26_0to110,train,train,0,,real_video,lExN3FdIvw8_26_0to110.mp4,3fcc5ee6b1ff39a7a714954efadea74b486c6e07db56a015efc92a6b02281c2b,006ebd46941c38e0397f20234edf1c5c4d55931b30c1a62a16213b669116e769,AIGVDBench/Real/Real.zip,videos/lExN3FdIvw8_26_0to110.mp4,1889752,1890157,dataset_cc_by_4_0_component_partial,not_downloaded
open_sora::lExN3FdIvw8_26_0to110,AIGVDBench,lExN3FdIvw8_26_0to110,aigvdbench:lExN3FdIvw8_26_0to110,train,train,1,Open-Sora,text_to_video,lExN3FdIvw8_26_0to110.mp4,3fcc5ee6b1ff39a7a714954efadea74b486c6e07db56a015efc92a6b02281c2b,006ebd46941c38e0397f20234edf1c5c4d55931b30c1a62a16213b669116e769,AIGVDBench/OpenSource/T2V/Open-Sora.zip,videos/lExN3FdIvw8_26_0to110.mp4,40424,41236,dataset_cc_by_4_0_component_partial,not_downloaded
real::ym205HqYEnE_71_0to113,AIGVDBench,ym205HqYEnE_71_0to113,aigvdbench:ym205HqYEnE_71_0to113,train,train,0,,real_video,ym205HqYEnE_71_0to113.mp4,46cafad63666fc8a6c0112fef8324a497de82b45327b15685a2e5f47a0f59961,00822a1be0ef8f8c88a7e46f69ebe87fc5a2c22ead4bebc421b9a5aae1049cc0,AIGVDBench/Real/Real.zip,videos/ym205HqYEnE_71_0to113.mp4,1909253,1909669,dataset_cc_by_4_0_component_partial,not_downloaded
open_sora::ym205HqYEnE_71_0to113,AIGVDBench,ym205HqYEnE_71_0to113,aigvdbench:ym205HqYEnE_71_0to113,train,train,1,Open-Sora,text_to_video,ym205HqYEnE_71_0to113.mp4,46cafad63666fc8a6c0112fef8324a497de82b45327b15685a2e5f47a0f59961,00822a1be0ef8f8c88a7e46f69ebe87fc5a2c22ead4bebc421b9a5aae1049cc0,AIGVDBench/OpenSource/T2V/Open-Sora.zip,videos/ym205HqYEnE_71_0to113.mp4,32666,33578,dataset_cc_by_4_0_component_partial,not_downloaded
real::F29HGMNKcnk_63_0to191,AIGVDBench,F29HGMNKcnk_63_0to191,aigvdbench:F29HGMNKcnk_63_0to191,train,train,0,,real_video,F29HGMNKcnk_63_0to191.mp4,7c8da8000bfe70321b3acb64983e0ac24991539ff475e4365856a1d328776eba,008f7e3f93bd9aec056740d74d59ffa0a78c3fb931b084fa9955210be78db510,AIGVDBench/Real/Real.zip,videos/F29HGMNKcnk_63_0to191.mp4,7401914,7402233,dataset_cc_by_4_0_component_partial,not_downloaded
open_sora::F29HGMNKcnk_63_0to191,AIGVDBench,F29HGMNKcnk_63_0to191,aigvdbench:F29HGMNKcnk_63_0to191,train,train,1,Open-Sora,text_to_video,F29HGMNKcnk_63_0to191.mp4,7c8da8000bfe70321b3acb64983e0ac24991539ff475e4365856a1d328776eba,008f7e3f93bd9aec056740d74d59ffa0a78c3fb931b084fa9955210be78db510,AIGVDBench/OpenSource/T2V/Open-Sora.zip,videos/F29HGMNKcnk_63_0to191.mp4,85053,85804,dataset_cc_by_4_0_component_partial,not_downloaded
real::iPxDcHbS1xc_32_0to136,AIGVDBench,iPxDcHbS1xc_32_0to136,aigvdbench:iPxDcHbS1xc_32_0to136,train,train,0,,real_video,iPxDcHbS1xc_32_0to136.mp4,428cc47e49d117bd69f280df12370a442af4e673a793b278e5017800dd986708,009c744cd77c4b8d9c31844c5388338ac36efdfd74aef031f7155422588c1c44,AIGVDBench/Real/Real.zip,videos/iPxDcHbS1xc_32_0to136.mp4,1277901,1279258,dataset_cc_by_4_0_component_partial,not_downloaded
open_sora::iPxDcHbS1xc_32_0to136,AIGVDBench,iPxDcHbS1xc_32_0to136,aigvdbench:iPxDcHbS1xc_32_0to136,train,train,1,Open-Sora,text_to_video,iPxDcHbS1xc_32_0to136.mp4,428cc47e49d117bd69f280df12370a442af4e673a793b278e5017800dd986708,009c744cd77c4b8d9c31844c5388338ac36efdfd74aef031f7155422588c1c44,AIGVDBench/OpenSource/T2V/Open-Sora.zip,videos/iPxDcHbS1xc_32_0to136.mp4,82727,83446,dataset_cc_by_4_0_component_partial,not_downloaded
real::1IL7cpSq1t0_16_0to298,AIGVDBench,1IL7cpSq1t0_16_0to298,aigvdbench:1IL7cpSq1t0_16_0to298,train,train,0,,real_video,1IL7cpSq1t0_16_0to298.mp4,2561937dc753a05beb7c1a3fec2e797a04f47b3f730368c1e4605a1d535ba470,009e70fd0759149e09624d158a4cafdcd954650f72b1384dc84194e90cbfd29d,AIGVDBench/Real/Real.zip,videos/1IL7cpSq1t0_16_0to298.mp4,4521292,4522013,dataset_cc_by_4_0_component_partial,not_downloaded
open_sora::1IL7cpSq1t0_16_0to298,AIGVDBench,1IL7cpSq1t0_16_0to298,aigvdbench:1IL7cpSq1t0_16_0to298,train,train,1,Open-Sora,text_to_video,1IL7cpSq1t0_16_0to298.mp4,2561937dc753a05beb7c1a3fec2e797a04f47b3f730368c1e4605a1d535ba470,009e70fd0759149e09624d158a4cafdcd954650f72b1384dc84194e90cbfd29d,AIGVDBench/OpenSource/T2V/Open-Sora.zip,videos/1IL7cpSq1t0_16_0to298.mp4,48819,49595,dataset_cc_by_4_0_component_partial,not_downloaded
real::-i7R-fPF22c_6_108to292,AIGVDBench,-i7R-fPF22c_6_108to292,aigvdbench:-i7R-fPF22c_6_108to292,train,train,0,,real_video,-i7R-fPF22c_6_108to292.mp4,e54c18088685c0ae2f96dadf8b99612ee7a1bbf2980f3e7b5601698075fc4e27,00a1f075272181bc90fff7a4875216cd18dc99b97019cccbe2b8f48cef897f85,AIGVDBench/Real/Real.zip,videos/-i7R-fPF22c_6_108to292.mp4,3446144,3446607,dataset_cc_by_4_0_component_partial,not_downloaded
open_sora::-i7R-fPF22c_6_108to292,AIGVDBench,-i7R-fPF22c_6_108to292,aigvdbench:-i7R-fPF22c_6_108to292,train,train,1,Open-Sora,text_to_video,-i7R-fPF22c_6_108to292.mp4,e54c18088685c0ae2f96dadf8b99612ee7a1bbf2980f3e7b5601698075fc4e27,00a1f075272181bc90fff7a4875216cd18dc99b97019cccbe2b8f48cef897f85,AIGVDBench/OpenSource/T2V/Open-Sora.zip,videos/-i7R-fPF22c_6_108to292.mp4,59250,60119,dataset_cc_by_4_0_component_partial,not_downloaded
real::Y1UAh2rVzQ8_55_0to120,AIGVDBench,Y1UAh2rVzQ8_55_0to120,aigvdbench:Y1UAh2rVzQ8_55_0to120,train,train,0,,real_video,Y1UAh2rVzQ8_55_0to120.mp4,05e3d3ee281a72ecaff155a793430f19c8f1c1f18d0a8a1eb750f1e754c2db74,00a8cc6fff6e32bebefcdba33cfcd5ebbb3716c1f23a6af0141074611d9ba593,AIGVDBench/Real/Real.zip,videos/Y1UAh2rVzQ8_55_0to120.mp4,2312969,2313292,dataset_cc_by_4_0_component_partial,not_downloaded
open_sora::Y1UAh2rVzQ8_55_0to120,AIGVDBench,Y1UAh2rVzQ8_55_0to120,aigvdbench:Y1UAh2rVzQ8_55_0to120,train,train,1,Open-Sora,text_to_video,Y1UAh2rVzQ8_55_0to120.mp4,05e3d3ee281a72ecaff155a793430f19c8f1c1f18d0a8a1eb750f1e754c2db74,00a8cc6fff6e32bebefcdba33cfcd5ebbb3716c1f23a6af0141074611d9ba593,AIGVDBench/OpenSource/T2V/Open-Sora.zip,videos/Y1UAh2rVzQ8_55_0to120.mp4,65862,66632,dataset_cc_by_4_0_component_partial,not_downloaded
real::cSujpyEO_1g_53_0to114,AIGVDBench,cSujpyEO_1g_53_0to114,aigvdbench:cSujpyEO_1g_53_0to114,train,train,0,,real_video,cSujpyEO_1g_53_0to114.mp4,f601ca0de8b2a1c3cd58271960a99e2cc9ce9cb13a0ab5bd14a63ede9721bf99,00ae43bbe6109ca48e45991a1177b2ca6fcf686c1ff68fe6550d4bb373351fd2,AIGVDBench/Real/Real.zip,videos/cSujpyEO_1g_53_0to114.mp4,2164208,2164660,dataset_cc_by_4_0_component_partial,not_downloaded
open_sora::cSujpyEO_1g_53_0to114,AIGVDBench,cSujpyEO_1g_53_0to114,aigvdbench:cSujpyEO_1g_53_0to114,train,train,1,Open-Sora,text_to_video,cSujpyEO_1g_53_0to114.mp4,f601ca0de8b2a1c3cd58271960a99e2cc9ce9cb13a0ab5bd14a63ede9721bf99,00ae43bbe6109ca48e45991a1177b2ca6fcf686c1ff68fe6550d4bb373351fd2,AIGVDBench/OpenSource/T2V/Open-Sora.zip,videos/cSujpyEO_1g_53_0to114.mp4,70730,71475,dataset_cc_by_4_0_component_partial,not_downloaded
real::OmT-7Wp51fc_17_40to688,AIGVDBench,OmT-7Wp51fc_17_40to688,aigvdbench:OmT-7Wp51fc_17_40to688,train,train,0,,real_video,OmT-7Wp51fc_17_40to688.mp4,818762ebc0bce1ea3b4efbcf57fd9341165d2e14a66a655d0a892a122c2edbd0,00af8ec6fe672525766e3ccb3881f284f526d64ba7781604d64a744b6f079c6e,AIGVDBench/Real/Real.zip,videos/OmT-7Wp51fc_17_40to688.mp4,20529033,20530460,dataset_cc_by_4_0_component_partial,not_downloaded
open_sora::OmT-7Wp51fc_17_40to688,AIGVDBench,OmT-7Wp51fc_17_40to688,aigvdbench:OmT-7Wp51fc_17_40to688,train,train,1,Open-Sora,text_to_video,OmT-7Wp51fc_17_40to688.mp4,818762ebc0bce1ea3b4efbcf57fd9341165d2e14a66a655d0a892a122c2edbd0,00af8ec6fe672525766e3ccb3881f284f526d64ba7781604d64a744b6f079c6e,AIGVDBench/OpenSource/T2V/Open-Sora.zip,videos/OmT-7Wp51fc_17_40to688.mp4,68766,69531,dataset_cc_by_4_0_component_partial,not_downloaded
real::kzDGAGz-EW8_200_61to188,AIGVDBench,kzDGAGz-EW8_200_61to188,aigvdbench:kzDGAGz-EW8_200_61to188,train,train,0,,real_video,kzDGAGz-EW8_200_61to188.mp4,448246622086abdb4176bcf43dd59d7ca8eedaafe93b96c16997f6ce3fe63aa9,00b544f68de376684c8cc56b720d929ba6342e110c4e1194cb654ec849c8b649,AIGVDBench/Real/Real.zip,videos/kzDGAGz-EW8_200_61to188.mp4,1958147,1958769,dataset_cc_by_4_0_component_partial,not_downloaded
open_sora::kzDGAGz-EW8_200_61to188,AIGVDBench,kzDGAGz-EW8_200_61to188,aigvdbench:kzDGAGz-EW8_200_61to188,train,train,1,Open-Sora,text_to_video,kzDGAGz-EW8_200_61to188.mp4,448246622086abdb4176bcf43dd59d7ca8eedaafe93b96c16997f6ce3fe63aa9,00b544f68de376684c8cc56b720d929ba6342e110c4e1194cb654ec849c8b649,AIGVDBench/OpenSource/T2V/Open-Sora.zip,videos/kzDGAGz-EW8_200_61to188.mp4,53746,54543,dataset_cc_by_4_0_component_partial,not_downloaded
real::Q_KZpoxs7eY_34_0to138,AIGVDBench,Q_KZpoxs7eY_34_0to138,aigvdbench:Q_KZpoxs7eY_34_0to138,train,train,0,,real_video,Q_KZpoxs7eY_34_0to138.mp4,ab18a217bb4d3b83737b965688e8c2a656aae201b72e7c30428709d3bdd6710c,00b6071cbc4f85152fb84ef71f38b13d35c333f973506229ee36ec74755ddf20,AIGVDBench/Real/Real.zip,videos/Q_KZpoxs7eY_34_0to138.mp4,2324592,2325161,dataset_cc_by_4_0_component_partial,not_downloaded
open_sora::Q_KZpoxs7eY_34_0to138,AIGVDBench,Q_KZpoxs7eY_34_0to138,aigvdbench:Q_KZpoxs7eY_34_0to138,train,train,1,Open-Sora,text_to_video,Q_KZpoxs7eY_34_0to138.mp4,ab18a217bb4d3b83737b965688e8c2a656aae201b72e7c30428709d3bdd6710c,00b6071cbc4f85152fb84ef71f38b13d35c333f973506229ee36ec74755ddf20,AIGVDBench/OpenSource/T2V/Open-Sora.zip,videos/Q_KZpoxs7eY_34_0to138.mp4,37309,38210,dataset_cc_by_4_0_component_partial,not_downloaded
real::WAkqEg1P-6k_41_84to283,AIGVDBench,WAkqEg1P-6k_41_84to283,aigvdbench:WAkqEg1P-6k_41_84to283,train,train,0,,real_video,WAkqEg1P-6k_41_84to283.mp4,a8efacb2592942d4c1055a4033c82adae8dce3ced09ecc39dc0f9fa9af11cfa8,00b695149e2b7560388559885f359920a7b4b9afa822b9997a3597178fe59e5d,AIGVDBench/Real/Real.zip,videos/WAkqEg1P-6k_41_84to283.mp4,3862452,3862978,dataset_cc_by_4_0_component_partial,not_downloaded
open_sora::WAkqEg1P-6k_41_84to283,AIGVDBench,WAkqEg1P-6k_41_84to283,aigvdbench:WAkqEg1P-6k_41_84to283,train,train,1,Open-Sora,text_to_video,WAkqEg1P-6k_41_84to283.mp4,a8efacb2592942d4c1055a4033c82adae8dce3ced09ecc39dc0f9fa9af11cfa8,00b695149e2b7560388559885f359920a7b4b9afa822b9997a3597178fe59e5d,AIGVDBench/OpenSource/T2V/Open-Sora.zip,videos/WAkqEg1P-6k_41_84to283.mp4,57140,57954,dataset_cc_by_4_0_component_partial,not_downloaded
real::RFpJwdKwyjc_6_844to1110,AIGVDBench,RFpJwdKwyjc_6_844to1110,aigvdbench:RFpJwdKwyjc_6_844to1110,train,train,0,,real_video,RFpJwdKwyjc_6_844to1110.mp4,e92255b40c21e40ef9135ee4d03e799540e3b8b4e1c330af5429edfc82b4fb10,00b9fe7eb8ec74cbf2e55e8909c0c2ff9722f4f5c534327b9ac8e14fb0ab99fa,AIGVDBench/Real/Real.zip,videos/RFpJwdKwyjc_6_844to1110.mp4,10934588,10934220,dataset_cc_by_4_0_component_partial,not_downloaded
open_sora::RFpJwdKwyjc_6_844to1110,AIGVDBench,RFpJwdKwyjc_6_844to1110,aigvdbench:RFpJwdKwyjc_6_844to1110,train,train,1,Open-Sora,text_to_video,RFpJwdKwyjc_6_844to1110.mp4,e92255b40c21e40ef9135ee4d03e799540e3b8b4e1c330af5429edfc82b4fb10,00b9fe7eb8ec74cbf2e55e8909c0c2ff9722f4f5c534327b9ac8e14fb0ab99fa,AIGVDBench/OpenSource/T2V/Open-Sora.zip,videos/RFpJwdKwyjc_6_844to1110.mp4,63978,64764,dataset_cc_by_4_0_component_partial,not_downloaded
real::qY3kJalwJCA_19_0to102,AIGVDBench,qY3kJalwJCA_19_0to102,aigvdbench:qY3kJalwJCA_19_0to102,train,train,0,,real_video,qY3kJalwJCA_19_0to102.mp4,db24326dc74335baff873c52402e9a2dd403ce0167acaea5893dc8e57d499a4b,00bc4b9467923ee1bc4570c4d0989db1a39a8f764411f308b489c98fe17442e9,AIGVDBench/Real/Real.zip,videos/qY3kJalwJCA_19_0to102.mp4,2268385,2268808,dataset_cc_by_4_0_component_partial,not_downloaded
open_sora::qY3kJalwJCA_19_0to102,AIGVDBench,qY3kJalwJCA_19_0to102,aigvdbench:qY3kJalwJCA_19_0to102,train,train,1,Open-Sora,text_to_video,qY3kJalwJCA_19_0to102.mp4,db24326dc74335baff873c52402e9a2dd403ce0167acaea5893dc8e57d499a4b,00bc4b9467923ee1bc4570c4d0989db1a39a8f764411f308b489c98fe17442e9,AIGVDBench/OpenSource/T2V/Open-Sora.zip,videos/qY3kJalwJCA_19_0to102.mp4,66873,67689,dataset_cc_by_4_0_component_partial,not_downloaded
real::5t7wo8u5SRE_19_0to193,AIGVDBench,5t7wo8u5SRE_19_0to193,aigvdbench:5t7wo8u5SRE_19_0to193,train,train,0,,real_video,5t7wo8u5SRE_19_0to193.mp4,2bfdb7a98b077e1d358608d0a1beb1fd711e8e4a6e978419013ed475dc6f8de7,00c567af8e4216231387d6a443c1a1d6e2455e59a0eb24a6edb0e65eb94e6c53,AIGVDBench/Real/Real.zip,videos/5t7wo8u5SRE_19_0to193.mp4,2788667,2789823,dataset_cc_by_4_0_component_partial,not_downloaded
open_sora::5t7wo8u5SRE_19_0to193,AIGVDBench,5t7wo8u5SRE_19_0to193,aigvdbench:5t7wo8u5SRE_19_0to193,train,train,1,Open-Sora,text_to_video,5t7wo8u5SRE_19_0to193.mp4,2bfdb7a98b077e1d358608d0a1beb1fd711e8e4a6e978419013ed475dc6f8de7,00c567af8e4216231387d6a443c1a1d6e2455e59a0eb24a6edb0e65eb94e6c53,AIGVDBench/OpenSource/T2V/Open-Sora.zip,videos/5t7wo8u5SRE_19_0to193.mp4,43967,44820,dataset_cc_by_4_0_component_partial,not_downloaded
real::itiCqbxMSX0_5_0to132,AIGVDBench,itiCqbxMSX0_5_0to132,aigvdbench:itiCqbxMSX0_5_0to132,train,train,0,,real_video,itiCqbxMSX0_5_0to132.mp4,8fe46b5651d26e15dc560273a9deeb80d09977a50214250b1800f035998c6f9c,00cca7beb63c1d2832d6718ce64557043af64c453f32f3655ca91b30da199d01,AIGVDBench/Real/Real.zip,videos/itiCqbxMSX0_5_0to132.mp4,2251627,2252715,dataset_cc_by_4_0_component_partial,not_downloaded
open_sora::itiCqbxMSX0_5_0to132,AIGVDBench,itiCqbxMSX0_5_0to132,aigvdbench:itiCqbxMSX0_5_0to132,train,train,1,Open-Sora,text_to_video,itiCqbxMSX0_5_0to132.mp4,8fe46b5651d26e15dc560273a9deeb80d09977a50214250b1800f035998c6f9c,00cca7beb63c1d2832d6718ce64557043af64c453f32f3655ca91b30da199d01,AIGVDBench/OpenSource/T2V/Open-Sora.zip,videos/itiCqbxMSX0_5_0to132.mp4,90388,91086,dataset_cc_by_4_0_component_partial,not_downloaded
real::BqiSOb_Llh0_1_95to197,AIGVDBench,BqiSOb_Llh0_1_95to197,aigvdbench:BqiSOb_Llh0_1_95to197,train,train,0,,real_video,BqiSOb_Llh0_1_95to197.mp4,d38b241b336eb6b94664ad765429985d529ba4c0a4b7e8f404cb629377e1eadc,00d1ef4980af5e6b9f5342e22700363952ebc3021d809a1f5ef53fe5522a6f38,AIGVDBench/Real/Real.zip,videos/BqiSOb_Llh0_1_95to197.mp4,991679,992388,dataset_cc_by_4_0_component_partial,not_downloaded
open_sora::BqiSOb_Llh0_1_95to197,AIGVDBench,BqiSOb_Llh0_1_95to197,aigvdbench:BqiSOb_Llh0_1_95to197,train,train,1,Open-Sora,text_to_video,BqiSOb_Llh0_1_95to197.mp4,d38b241b336eb6b94664ad765429985d529ba4c0a4b7e8f404cb629377e1eadc,00d1ef4980af5e6b9f5342e22700363952ebc3021d809a1f5ef53fe5522a6f38,AIGVDBench/OpenSource/T2V/Open-Sora.zip,videos/BqiSOb_Llh0_1_95to197.mp4,39526,40303,dataset_cc_by_4_0_component_partial,not_downloaded
real::h2nUg0Hx81s_322_0to118,AIGVDBench,h2nUg0Hx81s_322_0to118,aigvdbench:h2nUg0Hx81s_322_0to118,train,train,0,,real_video,h2nUg0Hx81s_322_0to118.mp4,293ac4e256e79ba996f5175e8f512e4f81046375ca4d22a58f37e16c6e04a87b,00d2a3e056139c61c3734503950fe9c2639b91f72a54b1727f33581b31c531d3,AIGVDBench/Real/Real.zip,videos/h2nUg0Hx81s_322_0to118.mp4,2949520,2950363,dataset_cc_by_4_0_component_partial,not_downloaded
open_sora::h2nUg0Hx81s_322_0to118,AIGVDBench,h2nUg0Hx81s_322_0to118,aigvdbench:h2nUg0Hx81s_322_0to118,train,train,1,Open-Sora,text_to_video,h2nUg0Hx81s_322_0to118.mp4,293ac4e256e79ba996f5175e8f512e4f81046375ca4d22a58f37e16c6e04a87b,00d2a3e056139c61c3734503950fe9c2639b91f72a54b1727f33581b31c531d3,AIGVDBench/OpenSource/T2V/Open-Sora.zip,videos/h2nUg0Hx81s_322_0to118.mp4,42413,43205,dataset_cc_by_4_0_component_partial,not_downloaded
real::ZOlqY5QMisE_87_0to346,AIGVDBench,ZOlqY5QMisE_87_0to346,aigvdbench:ZOlqY5QMisE_87_0to346,train,train,0,,real_video,ZOlqY5QMisE_87_0to346.mp4,44acc50b124c12990150d0aef4797b6507b4140db447bea99a24fc69c22a0b49,00d5282c432e541443fbde8835a496dcd748648aa1a283d4382d38e0d32d6996,AIGVDBench/Real/Real.zip,videos/ZOlqY5QMisE_87_0to346.mp4,6813501,6814558,dataset_cc_by_4_0_component_partial,not_downloaded
open_sora::ZOlqY5QMisE_87_0to346,AIGVDBench,ZOlqY5QMisE_87_0to346,aigvdbench:ZOlqY5QMisE_87_0to346,train,train,1,Open-Sora,text_to_video,ZOlqY5QMisE_87_0to346.mp4,44acc50b124c12990150d0aef4797b6507b4140db447bea99a24fc69c22a0b49,00d5282c432e541443fbde8835a496dcd748648aa1a283d4382d38e0d32d6996,AIGVDBench/OpenSource/T2V/Open-Sora.zip,videos/ZOlqY5QMisE_87_0to346.mp4,57929,58681,dataset_cc_by_4_0_component_partial,not_downloaded
real::PHuXNq3p3Lw_89_0to244,AIGVDBench,PHuXNq3p3Lw_89_0to244,aigvdbench:PHuXNq3p3Lw_89_0to244,train,train,0,,real_video,PHuXNq3p3Lw_89_0to244.mp4,3722a8af0c820e2f202e3912b6ecc8135120aabd21594633cac468e77ae84493,00d9e7c9da2c246da3496cb3e45fbd23415429d9efd5f24cc8cdcb5d2310bbac,AIGVDBench/Real/Real.zip,videos/PHuXNq3p3Lw_89_0to244.mp4,3432664,3433269,dataset_cc_by_4_0_component_partial,not_downloaded
open_sora::PHuXNq3p3Lw_89_0to244,AIGVDBench,PHuXNq3p3Lw_89_0to244,aigvdbench:PHuXNq3p3Lw_89_0to244,train,train,1,Open-Sora,text_to_video,PHuXNq3p3Lw_89_0to244.mp4,3722a8af0c820e2f202e3912b6ecc8135120aabd21594633cac468e77ae84493,00d9e7c9da2c246da3496cb3e45fbd23415429d9efd5f24cc8cdcb5d2310bbac,AIGVDBench/OpenSource/T2V/Open-Sora.zip,videos/PHuXNq3p3Lw_89_0to244.mp4,91981,92684,dataset_cc_by_4_0_component_partial,not_downloaded
real::pR5j4IH86U0_88_0to253,AIGVDBench,pR5j4IH86U0_88_0to253,aigvdbench:pR5j4IH86U0_88_0to253,train,train,0,,real_video,pR5j4IH86U0_88_0to253.mp4,54815f53b30bf9c00b8fba8e08ae921c5c694b3248eedddd63eff75944c5ffeb,00df6afd454c8626b19b48d408cd152984e737704552525bdbbade2d9395ed39,AIGVDBench/Real/Real.zip,videos/pR5j4IH86U0_88_0to253.mp4,3122827,3123928,dataset_cc_by_4_0_component_partial,not_downloaded
open_sora::pR5j4IH86U0_88_0to253,AIGVDBench,pR5j4IH86U0_88_0to253,aigvdbench:pR5j4IH86U0_88_0to253,train,train,1,Open-Sora,text_to_video,pR5j4IH86U0_88_0to253.mp4,54815f53b30bf9c00b8fba8e08ae921c5c694b3248eedddd63eff75944c5ffeb,00df6afd454c8626b19b48d408cd152984e737704552525bdbbade2d9395ed39,AIGVDBench/OpenSource/T2V/Open-Sora.zip,videos/pR5j4IH86U0_88_0to253.mp4,63985,64741,dataset_cc_by_4_0_component_partial,not_downloaded
real::1VUz8j8qb9c_190_52to157,AIGVDBench,1VUz8j8qb9c_190_52to157,aigvdbench:1VUz8j8qb9c_190_52to157,train,train,0,,real_video,1VUz8j8qb9c_190_52to157.mp4,6195e08bd7b8f7f99882484ebaaaae2d57b1114dfed8d77e89ba06e57434d388,00eab56f1a384c603d00183095abac7980f2ed6bb9f2687b05e69bb8702108b0,AIGVDBench/Real/Real.zip,videos/1VUz8j8qb9c_190_52to157.mp4,1655906,1656638,dataset_cc_by_4_0_component_partial,not_downloaded
open_sora::1VUz8j8qb9c_190_52to157,AIGVDBench,1VUz8j8qb9c_190_52to157,aigvdbench:1VUz8j8qb9c_190_52to157,train,train,1,Open-Sora,text_to_video,1VUz8j8qb9c_190_52to157.mp4,6195e08bd7b8f7f99882484ebaaaae2d57b1114dfed8d77e89ba06e57434d388,00eab56f1a384c603d00183095abac7980f2ed6bb9f2687b05e69bb8702108b0,AIGVDBench/OpenSource/T2V/Open-Sora.zip,videos/1VUz8j8qb9c_190_52to157.mp4,74916,75671,dataset_cc_by_4_0_component_partial,not_downloaded
real::PwVIrEiSVcE_7_21to175,AIGVDBench,PwVIrEiSVcE_7_21to175,aigvdbench:PwVIrEiSVcE_7_21to175,train,train,0,,real_video,PwVIrEiSVcE_7_21to175.mp4,e02226ebeeb1b9ca88f48f5119d317f75c84342db1719448e5d494dee885f143,00ee3fc38d938aaf84e49bd1a8977960bb8cf16bff5b62a89a570bbec4c4dcc1,AIGVDBench/Real/Real.zip,videos/PwVIrEiSVcE_7_21to175.mp4,1197328,1198102,dataset_cc_by_4_0_component_partial,not_downloaded
open_sora::PwVIrEiSVcE_7_21to175,AIGVDBench,PwVIrEiSVcE_7_21to175,aigvdbench:PwVIrEiSVcE_7_21to175,train,train,1,Open-Sora,text_to_video,PwVIrEiSVcE_7_21to175.mp4,e02226ebeeb1b9ca88f48f5119d317f75c84342db1719448e5d494dee885f143,00ee3fc38d938aaf84e49bd1a8977960bb8cf16bff5b62a89a570bbec4c4dcc1,AIGVDBench/OpenSource/T2V/Open-Sora.zip,videos/PwVIrEiSVcE_7_21to175.mp4,22660,23652,dataset_cc_by_4_0_component_partial,not_downloaded
real::yqoUL6Mep4I_13_33to234,AIGVDBench,yqoUL6Mep4I_13_33to234,aigvdbench:yqoUL6Mep4I_13_33to234,train,train,0,,real_video,yqoUL6Mep4I_13_33to234.mp4,fc19f0c62bf6382834c8a1e1cafc9b1671ab965df33ff664f5f767ba99f0bfa8,00ee4a705641f5370ae12661598178603ad599ea8d6f9b4ac403721419a26a90,AIGVDBench/Real/Real.zip,videos/yqoUL6Mep4I_13_33to234.mp4,3852720,3853160,dataset_cc_by_4_0_component_partial,not_downloaded
open_sora::yqoUL6Mep4I_13_33to234,AIGVDBench,yqoUL6Mep4I_13_33to234,aigvdbench:yqoUL6Mep4I_13_33to234,train,train,1,Open-Sora,text_to_video,yqoUL6Mep4I_13_33to234.mp4,fc19f0c62bf6382834c8a1e1cafc9b1671ab965df33ff664f5f767ba99f0bfa8,00ee4a705641f5370ae12661598178603ad599ea8d6f9b4ac403721419a26a90,AIGVDBench/OpenSource/T2V/Open-Sora.zip,videos/yqoUL6Mep4I_13_33to234.mp4,58780,59576,dataset_cc_by_4_0_component_partial,not_downloaded
real::hdFNkcvvy5c_92_0to109,AIGVDBench,hdFNkcvvy5c_92_0to109,aigvdbench:hdFNkcvvy5c_92_0to109,train,train,0,,real_video,hdFNkcvvy5c_92_0to109.mp4,04bafa73923bb7c68ae1287341785ce441460e9ff74579a4aca94963ba30b9b2,00ee994c6fcf1979a4993c141ef17174706130329663556d5b0234cc92555196,AIGVDBench/Real/Real.zip,videos/hdFNkcvvy5c_92_0to109.mp4,1565483,1566102,dataset_cc_by_4_0_component_partial,not_downloaded
open_sora::hdFNkcvvy5c_92_0to109,AIGVDBench,hdFNkcvvy5c_92_0to109,aigvdbench:hdFNkcvvy5c_92_0to109,train,train,1,Open-Sora,text_to_video,hdFNkcvvy5c_92_0to109.mp4,04bafa73923bb7c68ae1287341785ce441460e9ff74579a4aca94963ba30b9b2,00ee994c6fcf1979a4993c141ef17174706130329663556d5b0234cc92555196,AIGVDBench/OpenSource/T2V/Open-Sora.zip,videos/hdFNkcvvy5c_92_0to109.mp4,41865,42655,dataset_cc_by_4_0_component_partial,not_downloaded
real::UUxXzjbZ4qE_44_0to131,AIGVDBench,UUxXzjbZ4qE_44_0to131,aigvdbench:UUxXzjbZ4qE_44_0to131,train,train,0,,real_video,UUxXzjbZ4qE_44_0to131.mp4,2c9a57bb3d20e1d60d2862c51bb57fecbc01309d36b2766dd39619ad36277420,00f22d54ae0506d3d8d6fac15e1f2a2db6204e9abc8eba88c61cecbb2c5296a8,AIGVDBench/Real/Real.zip,videos/UUxXzjbZ4qE_44_0to131.mp4,2444092,2444633,dataset_cc_by_4_0_component_partial,not_downloaded
open_sora::UUxXzjbZ4qE_44_0to131,AIGVDBench,UUxXzjbZ4qE_44_0to131,aigvdbench:UUxXzjbZ4qE_44_0to131,train,train,1,Open-Sora,text_to_video,UUxXzjbZ4qE_44_0to131.mp4,2c9a57bb3d20e1d60d2862c51bb57fecbc01309d36b2766dd39619ad36277420,00f22d54ae0506d3d8d6fac15e1f2a2db6204e9abc8eba88c61cecbb2c5296a8,AIGVDBench/OpenSource/T2V/Open-Sora.zip,videos/UUxXzjbZ4qE_44_0to131.mp4,47214,48101,dataset_cc_by_4_0_component_partial,not_downloaded
real::WjHMdrqpx3o_20_40to145,AIGVDBench,WjHMdrqpx3o_20_40to145,aigvdbench:WjHMdrqpx3o_20_40to145,train,train,0,,real_video,WjHMdrqpx3o_20_40to145.mp4,e0f7e71034d6b18e66934cbdeea9b21617f66259fd94a419f6c049680efab28a,00fa9e8322b9e6a2de89debef796142257bf8f15c6096ebb68950a15f691c963,AIGVDBench/Real/Real.zip,videos/WjHMdrqpx3o_20_40to145.mp4,2598869,2599554,dataset_cc_by_4_0_component_partial,not_downloaded
open_sora::WjHMdrqpx3o_20_40to145,AIGVDBench,WjHMdrqpx3o_20_40to145,aigvdbench:WjHMdrqpx3o_20_40to145,train,train,1,Open-Sora,text_to_video,WjHMdrqpx3o_20_40to145.mp4,e0f7e71034d6b18e66934cbdeea9b21617f66259fd94a419f6c049680efab28a,00fa9e8322b9e6a2de89debef796142257bf8f15c6096ebb68950a15f691c963,AIGVDBench/OpenSource/T2V/Open-Sora.zip,videos/WjHMdrqpx3o_20_40to145.mp4,80958,81723,dataset_cc_by_4_0_component_partial,not_downloaded
real::0QotszIgZso_31_0to313,AIGVDBench,0QotszIgZso_31_0to313,aigvdbench:0QotszIgZso_31_0to313,train,train,0,,real_video,0QotszIgZso_31_0to313.mp4,a5fd7614a2451df86ee5ec89406cb015ff415669ed22aa2042ac8a8e9966f71c,00fcc1d43380b02ca2a60b6e645cd7e7721abafce64ded6a531494f663563284,AIGVDBench/Real/Real.zip,videos/0QotszIgZso_31_0to313.mp4,7302524,7302729,dataset_cc_by_4_0_component_partial,not_downloaded
open_sora::0QotszIgZso_31_0to313,AIGVDBench,0QotszIgZso_31_0to313,aigvdbench:0QotszIgZso_31_0to313,train,train,1,Open-Sora,text_to_video,0QotszIgZso_31_0to313.mp4,a5fd7614a2451df86ee5ec89406cb015ff415669ed22aa2042ac8a8e9966f71c,00fcc1d43380b02ca2a60b6e645cd7e7721abafce64ded6a531494f663563284,AIGVDBench/OpenSource/T2V/Open-Sora.zip,videos/0QotszIgZso_31_0to313.mp4,48722,49587,dataset_cc_by_4_0_component_partial,not_downloaded
real::23i__Z-Hm9c_92_0to326,AIGVDBench,23i__Z-Hm9c_92_0to326,aigvdbench:23i__Z-Hm9c_92_0to326,train,train,0,,real_video,23i__Z-Hm9c_92_0to326.mp4,248342926d83463edd826d3d85c2d20c2b22c5c39ed68c3d39b07cfa306ca76f,00fec24357c5625dd6e1cfda54ea3d57a4659503983bee52aa7eb70612e74a22,AIGVDBench/Real/Real.zip,videos/23i__Z-Hm9c_92_0to326.mp4,5802788,5803773,dataset_cc_by_4_0_component_partial,not_downloaded
open_sora::23i__Z-Hm9c_92_0to326,AIGVDBench,23i__Z-Hm9c_92_0to326,aigvdbench:23i__Z-Hm9c_92_0to326,train,train,1,Open-Sora,text_to_video,23i__Z-Hm9c_92_0to326.mp4,248342926d83463edd826d3d85c2d20c2b22c5c39ed68c3d39b07cfa306ca76f,00fec24357c5625dd6e1cfda54ea3d57a4659503983bee52aa7eb70612e74a22,AIGVDBench/OpenSource/T2V/Open-Sora.zip,videos/23i__Z-Hm9c_92_0to326.mp4,63666,64438,dataset_cc_by_4_0_component_partial,not_downloaded
real::7pdva1luF4A_8_58to405,AIGVDBench,7pdva1luF4A_8_58to405,aigvdbench:7pdva1luF4A_8_58to405,train,train,0,,real_video,7pdva1luF4A_8_58to405.mp4,442a7477e815478ba47c0840ccc4ce3a73e9a24440687fcfcbb85387d884a4ee,0102d38c43645b87c1c6dde2ba53ffdfa5aaea5aa48e03239bfd0ee9a6153750,AIGVDBench/Real/Real.zip,videos/7pdva1luF4A_8_58to405.mp4,4807508,4808583,dataset_cc_by_4_0_component_partial,not_downloaded
open_sora::7pdva1luF4A_8_58to405,AIGVDBench,7pdva1luF4A_8_58to405,aigvdbench:7pdva1luF4A_8_58to405,train,train,1,Open-Sora,text_to_video,7pdva1luF4A_8_58to405.mp4,442a7477e815478ba47c0840ccc4ce3a73e9a24440687fcfcbb85387d884a4ee,0102d38c43645b87c1c6dde2ba53ffdfa5aaea5aa48e03239bfd0ee9a6153750,AIGVDBench/OpenSource/T2V/Open-Sora.zip,videos/7pdva1luF4A_8_58to405.mp4,64071,64893,dataset_cc_by_4_0_component_partial,not_downloaded
real::1c0W-iGw32Y_39_106to209,AIGVDBench,1c0W-iGw32Y_39_106to209,aigvdbench:1c0W-iGw32Y_39_106to209,train,train,0,,real_video,1c0W-iGw32Y_39_106to209.mp4,6c1e455ba45329354991aa2cc777d294574451b6e8c6026ee0b76417a8b31ece,01044a45019d3382a49648d7288500f3b7c9f41fe4d3b9863dab18253df481df,AIGVDBench/Real/Real.zip,videos/1c0W-iGw32Y_39_106to209.mp4,951430,952004,dataset_cc_by_4_0_component_partial,not_downloaded
open_sora::1c0W-iGw32Y_39_106to209,AIGVDBench,1c0W-iGw32Y_39_106to209,aigvdbench:1c0W-iGw32Y_39_106to209,train,train,1,Open-Sora,text_to_video,1c0W-iGw32Y_39_106to209.mp4,6c1e455ba45329354991aa2cc777d294574451b6e8c6026ee0b76417a8b31ece,01044a45019d3382a49648d7288500f3b7c9f41fe4d3b9863dab18253df481df,AIGVDBench/OpenSource/T2V/Open-Sora.zip,videos/1c0W-iGw32Y_39_106to209.mp4,31355,32298,dataset_cc_by_4_0_component_partial,not_downloaded
real::yxzqc321CF8_2_0to104,AIGVDBench,yxzqc321CF8_2_0to104,aigvdbench:yxzqc321CF8_2_0to104,train,train,0,,real_video,yxzqc321CF8_2_0to104.mp4,06bc7305d7d14c844d64be35fe904cfe92af6a3ccd4dab1aa86358d652c71c47,0107759733ecb1e55f568aeb93bacdb4e87a729e49aa83d6f7140dea67e1112f,AIGVDBench/Real/Real.zip,videos/yxzqc321CF8_2_0to104.mp4,2206473,2206962,dataset_cc_by_4_0_component_partial,not_downloaded
open_sora::yxzqc321CF8_2_0to104,AIGVDBench,yxzqc321CF8_2_0to104,aigvdbench:yxzqc321CF8_2_0to104,train,train,1,Open-Sora,text_to_video,yxzqc321CF8_2_0to104.mp4,06bc7305d7d14c844d64be35fe904cfe92af6a3ccd4dab1aa86358d652c71c47,0107759733ecb1e55f568aeb93bacdb4e87a729e49aa83d6f7140dea67e1112f,AIGVDBench/OpenSource/T2V/Open-Sora.zip,videos/yxzqc321CF8_2_0to104.mp4,88579,89288,dataset_cc_by_4_0_component_partial,not_downloaded
real::jT3UZ4qI1ro_70_742to846,AIGVDBench,jT3UZ4qI1ro_70_742to846,aigvdbench:jT3UZ4qI1ro_70_742to846,train,train,0,,real_video,jT3UZ4qI1ro_70_742to846.mp4,194bd448d6ae45c59daea949a39c3d9c1a1d48dd6a9bcca7da81a1f52595cd65,0109f20457aac5dbae913993876ce79f317ecd86d4462f6a48f3a6e597b41741,AIGVDBench/Real/Real.zip,videos/jT3UZ4qI1ro_70_742to846.mp4,1453348,1453943,dataset_cc_by_4_0_component_partial,not_downloaded
open_sora::jT3UZ4qI1ro_70_742to846,AIGVDBench,jT3UZ4qI1ro_70_742to846,aigvdbench:jT3UZ4qI1ro_70_742to846,train,train,1,Open-Sora,text_to_video,jT3UZ4qI1ro_70_742to846.mp4,194bd448d6ae45c59daea949a39c3d9c1a1d48dd6a9bcca7da81a1f52595cd65,0109f20457aac5dbae913993876ce79f317ecd86d4462f6a48f3a6e597b41741,AIGVDBench/OpenSource/T2V/Open-Sora.zip,videos/jT3UZ4qI1ro_70_742to846.mp4,67404,68216,dataset_cc_by_4_0_component_partial,not_downloaded
real::NxeoiCBphb8_45_0to173,AIGVDBench,NxeoiCBphb8_45_0to173,aigvdbench:NxeoiCBphb8_45_0to173,train,train,0,,real_video,NxeoiCBphb8_45_0to173.mp4,95cad76baefb6c280f55f2fc54eafbd1ac2c0557daddefd30477955cf5b3e822,01153c20c126a7b568dab94c4b42f9f88ec01c880f84bed1281dcbef7710d45a,AIGVDBench/Real/Real.zip,videos/NxeoiCBphb8_45_0to173.mp4,1646031,1646791,dataset_cc_by_4_0_component_partial,not_downloaded
open_sora::NxeoiCBphb8_45_0to173,AIGVDBench,NxeoiCBphb8_45_0to173,aigvdbench:NxeoiCBphb8_45_0to173,train,train,1,Open-Sora,text_to_video,NxeoiCBphb8_45_0to173.mp4,95cad76baefb6c280f55f2fc54eafbd1ac2c0557daddefd30477955cf5b3e822,01153c20c126a7b568dab94c4b42f9f88ec01c880f84bed1281dcbef7710d45a,AIGVDBench/OpenSource/T2V/Open-Sora.zip,videos/NxeoiCBphb8_45_0to173.mp4,32906,33752,dataset_cc_by_4_0_component_partial,not_downloaded
real::cjp1xjOzJqY_10_0to135,AIGVDBench,cjp1xjOzJqY_10_0to135,aigvdbench:cjp1xjOzJqY_10_0to135,train,train,0,,real_video,cjp1xjOzJqY_10_0to135.mp4,aa8e00fa97b93a35fb31659b7ed3c8b76ff295493dccea8c9ff6e4550eed62ac,011904c63840284f18526c911881429ad5a7766f7a5bcafcea0a52aca6563413,AIGVDBench/Real/Real.zip,videos/cjp1xjOzJqY_10_0to135.mp4,1260565,1261344,dataset_cc_by_4_0_component_partial,not_downloaded
open_sora::cjp1xjOzJqY_10_0to135,AIGVDBench,cjp1xjOzJqY_10_0to135,aigvdbench:cjp1xjOzJqY_10_0to135,train,train,1,Open-Sora,text_to_video,cjp1xjOzJqY_10_0to135.mp4,aa8e00fa97b93a35fb31659b7ed3c8b76ff295493dccea8c9ff6e4550eed62ac,011904c63840284f18526c911881429ad5a7766f7a5bcafcea0a52aca6563413,AIGVDBench/OpenSource/T2V/Open-Sora.zip,videos/cjp1xjOzJqY_10_0to135.mp4,47548,48369,dataset_cc_by_4_0_component_partial,not_downloaded
real::gpzjvW6nJu8_18_0to112,AIGVDBench,gpzjvW6nJu8_18_0to112,aigvdbench:gpzjvW6nJu8_18_0to112,train,train,0,,real_video,gpzjvW6nJu8_18_0to112.mp4,3ea6b57c049bf881b93565bd7171833d02923dd4cb6ddf20db68d4744bc9140a,011d14c753e2670a030fb3607bfd3d398c5c6d9e562a3d7a6dae2cf4a02f622a,AIGVDBench/Real/Real.zip,videos/gpzjvW6nJu8_18_0to112.mp4,1691452,1692298,dataset_cc_by_4_0_component_partial,not_downloaded
open_sora::gpzjvW6nJu8_18_0to112,AIGVDBench,gpzjvW6nJu8_18_0to112,aigvdbench:gpzjvW6nJu8_18_0to112,train,train,1,Open-Sora,text_to_video,gpzjvW6nJu8_18_0to112.mp4,3ea6b57c049bf881b93565bd7171833d02923dd4cb6ddf20db68d4744bc9140a,011d14c753e2670a030fb3607bfd3d398c5c6d9e562a3d7a6dae2cf4a02f622a,AIGVDBench/OpenSource/T2V/Open-Sora.zip,videos/gpzjvW6nJu8_18_0to112.mp4,50659,51481,dataset_cc_by_4_0_component_partial,not_downloaded
real::GXi_pbrzdvc_24_0to192,AIGVDBench,GXi_pbrzdvc_24_0to192,aigvdbench:GXi_pbrzdvc_24_0to192,train,train,0,,real_video,GXi_pbrzdvc_24_0to192.mp4,029242912855bd97dcd57eb3e9aa5828c669e744e4040a59e539bc5f5006b64c,011e6587a4c9d3a11dd2b870908cd365136c36ec360c32f0f7ded67e741d5547,AIGVDBench/Real/Real.zip,videos/GXi_pbrzdvc_24_0to192.mp4,1489449,1491023,dataset_cc_by_4_0_component_partial,not_downloaded
open_sora::GXi_pbrzdvc_24_0to192,AIGVDBench,GXi_pbrzdvc_24_0to192,aigvdbench:GXi_pbrzdvc_24_0to192,train,train,1,Open-Sora,text_to_video,GXi_pbrzdvc_24_0to192.mp4,029242912855bd97dcd57eb3e9aa5828c669e744e4040a59e539bc5f5006b64c,011e6587a4c9d3a11dd2b870908cd365136c36ec360c32f0f7ded67e741d5547,AIGVDBench/OpenSource/T2V/Open-Sora.zip,videos/GXi_pbrzdvc_24_0to192.mp4,59901,60671,dataset_cc_by_4_0_component_partial,not_downloaded
real::TBwmqIlqEnE_1_88to245,AIGVDBench,TBwmqIlqEnE_1_88to245,aigvdbench:TBwmqIlqEnE_1_88to245,train,train,0,,real_video,TBwmqIlqEnE_1_88to245.mp4,63893322d003c7aa29b1bb0b7add92a97ac2a8bf8733d7f5d6d8770ff05e3c40,0122058e058e093c48dbd56070ed545334733fe9a1a14fea3e7fcc3082ed68d9,AIGVDBench/Real/Real.zip,videos/TBwmqIlqEnE_1_88to245.mp4,2855800,2856187,dataset_cc_by_4_0_component_partial,not_downloaded
open_sora::TBwmqIlqEnE_1_88to245,AIGVDBench,TBwmqIlqEnE_1_88to245,aigvdbench:TBwmqIlqEnE_1_88to245,train,train,1,Open-Sora,text_to_video,TBwmqIlqEnE_1_88to245.mp4,63893322d003c7aa29b1bb0b7add92a97ac2a8bf8733d7f5d6d8770ff05e3c40,0122058e058e093c48dbd56070ed545334733fe9a1a14fea3e7fcc3082ed68d9,AIGVDBench/OpenSource/T2V/Open-Sora.zip,videos/TBwmqIlqEnE_1_88to245.mp4,54006,54796,dataset_cc_by_4_0_component_partial,not_downloaded
real::krgVcdAJcH4_12_0to163,AIGVDBench,krgVcdAJcH4_12_0to163,aigvdbench:krgVcdAJcH4_12_0to163,train,train,0,,real_video,krgVcdAJcH4_12_0to163.mp4,7e46f628f48ece7f6c9ba7808d30fedc9217dbd39778b1e468eefe0f0ec073ab,0130d01dc3b12d7c2e8e6d5a8d185e8e03a5691228b8b38c380f21d39145c451,AIGVDBench/Real/Real.zip,videos/krgVcdAJcH4_12_0to163.mp4,1748973,1750468,dataset_cc_by_4_0_component_partial,not_downloaded
open_sora::krgVcdAJcH4_12_0to163,AIGVDBench,krgVcdAJcH4_12_0to163,aigvdbench:krgVcdAJcH4_12_0to163,train,train,1,Open-Sora,text_to_video,krgVcdAJcH4_12_0to163.mp4,7e46f628f48ece7f6c9ba7808d30fedc9217dbd39778b1e468eefe0f0ec073ab,0130d01dc3b12d7c2e8e6d5a8d185e8e03a5691228b8b38c380f21d39145c451,AIGVDBench/OpenSource/T2V/Open-Sora.zip,videos/krgVcdAJcH4_12_0to163.mp4,37875,38747,dataset_cc_by_4_0_component_partial,not_downloaded
real::yevgxWF5Ldc_0_0to142,AIGVDBench,yevgxWF5Ldc_0_0to142,aigvdbench:yevgxWF5Ldc_0_0to142,train,train,0,,real_video,yevgxWF5Ldc_0_0to142.mp4,3bbca17ba63539955c4027ebe10f269c7e8538ecab3bfa68cf0360be3cbc08c5,01454b0c0fa3cdcc71aba8d29d3fe9b82aa88b132593e7e53a25160b3099afe9,AIGVDBench/Real/Real.zip,videos/yevgxWF5Ldc_0_0to142.mp4,1777599,1778190,dataset_cc_by_4_0_component_partial,not_downloaded
open_sora::yevgxWF5Ldc_0_0to142,AIGVDBench,yevgxWF5Ldc_0_0to142,aigvdbench:yevgxWF5Ldc_0_0to142,train,train,1,Open-Sora,text_to_video,yevgxWF5Ldc_0_0to142.mp4,3bbca17ba63539955c4027ebe10f269c7e8538ecab3bfa68cf0360be3cbc08c5,01454b0c0fa3cdcc71aba8d29d3fe9b82aa88b132593e7e53a25160b3099afe9,AIGVDBench/OpenSource/T2V/Open-Sora.zip,videos/yevgxWF5Ldc_0_0to142.mp4,49914,50748,dataset_cc_by_4_0_component_partial,not_downloaded
real::iQb6qX8uwPU_18_0to620,AIGVDBench,iQb6qX8uwPU_18_0to620,aigvdbench:iQb6qX8uwPU_18_0to620,train,train,0,,real_video,iQb6qX8uwPU_18_0to620.mp4,b58fe0ab8081d97d043cadb57d0a4cd0eef1112f843462014854322b5d263563,0145d23bad84b12685006dbffaac9eccf0cb28cbadf552a4a1c0ff5397c3eabc,AIGVDBench/Real/Real.zip,videos/iQb6qX8uwPU_18_0to620.mp4,15345830,15347930,dataset_cc_by_4_0_component_partial,not_downloaded
open_sora::iQb6qX8uwPU_18_0to620,AIGVDBench,iQb6qX8uwPU_18_0to620,aigvdbench:iQb6qX8uwPU_18_0to620,train,train,1,Open-Sora,text_to_video,iQb6qX8uwPU_18_0to620.mp4,b58fe0ab8081d97d043cadb57d0a4cd0eef1112f843462014854322b5d263563,0145d23bad84b12685006dbffaac9eccf0cb28cbadf552a4a1c0ff5397c3eabc,AIGVDBench/OpenSource/T2V/Open-Sora.zip,videos/iQb6qX8uwPU_18_0to620.mp4,58033,58796,dataset_cc_by_4_0_component_partial,not_downloaded
real::bS4ZAtMcCcU_38_0to131,AIGVDBench,bS4ZAtMcCcU_38_0to131,aigvdbench:bS4ZAtMcCcU_38_0to131,train,train,0,,real_video,bS4ZAtMcCcU_38_0to131.mp4,6068640cc12b11558820b6355b4bc49e048c04b8142933d7bf41e71cb1fe1433,01499caacfeed9f2593067a1b799df147c780a4a100197a1e6300746d98f1f07,AIGVDBench/Real/Real.zip,videos/bS4ZAtMcCcU_38_0to131.mp4,1691143,1691630,dataset_cc_by_4_0_component_partial,not_downloaded
open_sora::bS4ZAtMcCcU_38_0to131,AIGVDBench,bS4ZAtMcCcU_38_0to131,aigvdbench:bS4ZAtMcCcU_38_0to131,train,train,1,Open-Sora,text_to_video,bS4ZAtMcCcU_38_0to131.mp4,6068640cc12b11558820b6355b4bc49e048c04b8142933d7bf41e71cb1fe1433,01499caacfeed9f2593067a1b799df147c780a4a100197a1e6300746d98f1f07,AIGVDBench/OpenSource/T2V/Open-Sora.zip,videos/bS4ZAtMcCcU_38_0to131.mp4,66774,67618,dataset_cc_by_4_0_component_partial,not_downloaded
real::YgeQ1lL3u8U_0_0to771,AIGVDBench,YgeQ1lL3u8U_0_0to771,aigvdbench:YgeQ1lL3u8U_0_0to771,train,train,0,,real_video,YgeQ1lL3u8U_0_0to771.mp4,37cdedb221280a77433461bb6c3588cccedbc49567ddf3bf72a09e95d55d5f25,014bb2af2947c2206050aef23ef1e621bc1f4c4e7f77b7338b4a92bd7788b746,AIGVDBench/Real/Real.zip,videos/YgeQ1lL3u8U_0_0to771.mp4,22260147,22259427,dataset_cc_by_4_0_component_partial,not_downloaded
open_sora::YgeQ1lL3u8U_0_0to771,AIGVDBench,YgeQ1lL3u8U_0_0to771,aigvdbench:YgeQ1lL3u8U_0_0to771,train,train,1,Open-Sora,text_to_video,YgeQ1lL3u8U_0_0to771.mp4,37cdedb221280a77433461bb6c3588cccedbc49567ddf3bf72a09e95d55d5f25,014bb2af2947c2206050aef23ef1e621bc1f4c4e7f77b7338b4a92bd7788b746,AIGVDBench/OpenSource/T2V/Open-Sora.zip,videos/YgeQ1lL3u8U_0_0to771.mp4,53979,54764,dataset_cc_by_4_0_component_partial,not_downloaded
real::fp6u7Xk5Cjs_8_0to164,AIGVDBench,fp6u7Xk5Cjs_8_0to164,aigvdbench:fp6u7Xk5Cjs_8_0to164,train,train,0,,real_video,fp6u7Xk5Cjs_8_0to164.mp4,76eb2e8d4e23b0f3700624f817046c5eb44b8a738a48fc3cdfa9d69b821433dd,0150ef6880db16be34a971d9866eb5bfa0b0e12f73ae44bb09a27c67abfcdb6e,AIGVDBench/Real/Real.zip,videos/fp6u7Xk5Cjs_8_0to164.mp4,1864322,1865803,dataset_cc_by_4_0_component_partial,not_downloaded
open_sora::fp6u7Xk5Cjs_8_0to164,AIGVDBench,fp6u7Xk5Cjs_8_0to164,aigvdbench:fp6u7Xk5Cjs_8_0to164,train,train,1,Open-Sora,text_to_video,fp6u7Xk5Cjs_8_0to164.mp4,76eb2e8d4e23b0f3700624f817046c5eb44b8a738a48fc3cdfa9d69b821433dd,0150ef6880db16be34a971d9866eb5bfa0b0e12f73ae44bb09a27c67abfcdb6e,AIGVDBench/OpenSource/T2V/Open-Sora.zip,videos/fp6u7Xk5Cjs_8_0to164.mp4,55818,56618,dataset_cc_by_4_0_component_partial,not_downloaded
real::RalnMa2Z7rs_60_64to221,AIGVDBench,RalnMa2Z7rs_60_64to221,aigvdbench:RalnMa2Z7rs_60_64to221,train,train,0,,real_video,RalnMa2Z7rs_60_64to221.mp4,82cfc11cfe82b7c2c7ae1899dca0f63d9c18f9098fd59182f0e7cb523000caa3,0151595d09f261161d5ca8d2da32f2c7a3aba2ef7979ef3f498f735d078f20b3,AIGVDBench/Real/Real.zip,videos/RalnMa2Z7rs_60_64to221.mp4,2817381,2818079,dataset_cc_by_4_0_component_partial,not_downloaded
open_sora::RalnMa2Z7rs_60_64to221,AIGVDBench,RalnMa2Z7rs_60_64to221,aigvdbench:RalnMa2Z7rs_60_64to221,train,train,1,Open-Sora,text_to_video,RalnMa2Z7rs_60_64to221.mp4,82cfc11cfe82b7c2c7ae1899dca0f63d9c18f9098fd59182f0e7cb523000caa3,0151595d09f261161d5ca8d2da32f2c7a3aba2ef7979ef3f498f735d078f20b3,AIGVDBench/OpenSource/T2V/Open-Sora.zip,videos/RalnMa2Z7rs_60_64to221.mp4,49303,50145,dataset_cc_by_4_0_component_partial,not_downloaded
real::tZGLRJD10jA_10_57to191,AIGVDBench,tZGLRJD10jA_10_57to191,aigvdbench:tZGLRJD10jA_10_57to191,train,train,0,,real_video,tZGLRJD10jA_10_57to191.mp4,448a5de27f869f4829210543ae421d21caebd876c5586b7bb19de77441e6e5c6,015265a30e3f56b77f0416e81b669c27f30c57936f67ffe12ef2848fda8d2d5e,AIGVDBench/Real/Real.zip,videos/tZGLRJD10jA_10_57to191.mp4,1937989,1938449,dataset_cc_by_4_0_component_partial,not_downloaded
open_sora::tZGLRJD10jA_10_57to191,AIGVDBench,tZGLRJD10jA_10_57to191,aigvdbench:tZGLRJD10jA_10_57to191,train,train,1,Open-Sora,text_to_video,tZGLRJD10jA_10_57to191.mp4,448a5de27f869f4829210543ae421d21caebd876c5586b7bb19de77441e6e5c6,015265a30e3f56b77f0416e81b669c27f30c57936f67ffe12ef2848fda8d2d5e,AIGVDBench/OpenSource/T2V/Open-Sora.zip,videos/tZGLRJD10jA_10_57to191.mp4,46575,47397,dataset_cc_by_4_0_component_partial,not_downloaded
real::mRXXGHzkCb4_38_0to148,AIGVDBench,mRXXGHzkCb4_38_0to148,aigvdbench:mRXXGHzkCb4_38_0to148,train,train,0,,real_video,mRXXGHzkCb4_38_0to148.mp4,fd36971dc4d8904ad84dc62d26c8fafb838492ab8e909b53ec834ee94cd36357,0159dcb6c6dbd9caaeaa4a7636fb8423fe7b276bbc58b4bdf89029c0144c1219,AIGVDBench/Real/Real.zip,videos/mRXXGHzkCb4_38_0to148.mp4,3617743,3618147,dataset_cc_by_4_0_component_partial,not_downloaded
open_sora::mRXXGHzkCb4_38_0to148,AIGVDBench,mRXXGHzkCb4_38_0to148,aigvdbench:mRXXGHzkCb4_38_0to148,train,train,1,Open-Sora,text_to_video,mRXXGHzkCb4_38_0to148.mp4,fd36971dc4d8904ad84dc62d26c8fafb838492ab8e909b53ec834ee94cd36357,0159dcb6c6dbd9caaeaa4a7636fb8423fe7b276bbc58b4bdf89029c0144c1219,AIGVDBench/OpenSource/T2V/Open-Sora.zip,videos/mRXXGHzkCb4_38_0to148.mp4,52998,53851,dataset_cc_by_4_0_component_partial,not_downloaded
real::YVHr9RFVfJQ_37_0to210,AIGVDBench,YVHr9RFVfJQ_37_0to210,aigvdbench:YVHr9RFVfJQ_37_0to210,train,train,0,,real_video,YVHr9RFVfJQ_37_0to210.mp4,e398fb80db66e195dfd1af772f18a598e1434ea64229a6bbfe801f1cc9185ea0,015aec2b20108f62be26fa12c366c8e0efe12ec971c96e9e6d6925d2a5f5909d,AIGVDBench/Real/Real.zip,videos/YVHr9RFVfJQ_37_0to210.mp4,2636717,2637549,dataset_cc_by_4_0_component_partial,not_downloaded
open_sora::YVHr9RFVfJQ_37_0to210,AIGVDBench,YVHr9RFVfJQ_37_0to210,aigvdbench:YVHr9RFVfJQ_37_0to210,train,train,1,Open-Sora,text_to_video,YVHr9RFVfJQ_37_0to210.mp4,e398fb80db66e195dfd1af772f18a598e1434ea64229a6bbfe801f1cc9185ea0,015aec2b20108f62be26fa12c366c8e0efe12ec971c96e9e6d6925d2a5f5909d,AIGVDBench/OpenSource/T2V/Open-Sora.zip,videos/YVHr9RFVfJQ_37_0to210.mp4,37927,38739,dataset_cc_by_4_0_component_partial,not_downloaded
real::4wknw32uv6E_9_0to324,AIGVDBench,4wknw32uv6E_9_0to324,aigvdbench:4wknw32uv6E_9_0to324,train,train,0,,real_video,4wknw32uv6E_9_0to324.mp4,3c3a0eefbbad0e67e38dfa8d983e826dfbcc5414d82d3f3aef4dd56c9ec054a4,015c943674d3daaa5198b6d6d009391692e4dcb083d9d85a6357a9a8e241c8bd,AIGVDBench/Real/Real.zip,videos/4wknw32uv6E_9_0to324.mp4,3345601,3347382,dataset_cc_by_4_0_component_partial,not_downloaded
open_sora::4wknw32uv6E_9_0to324,AIGVDBench,4wknw32uv6E_9_0to324,aigvdbench:4wknw32uv6E_9_0to324,train,train,1,Open-Sora,text_to_video,4wknw32uv6E_9_0to324.mp4,3c3a0eefbbad0e67e38dfa8d983e826dfbcc5414d82d3f3aef4dd56c9ec054a4,015c943674d3daaa5198b6d6d009391692e4dcb083d9d85a6357a9a8e241c8bd,AIGVDBench/OpenSource/T2V/Open-Sora.zip,videos/4wknw32uv6E_9_0to324.mp4,51190,52044,dataset_cc_by_4_0_component_partial,not_downloaded
real::FID0rlfHBjU_9_0to320,AIGVDBench,FID0rlfHBjU_9_0to320,aigvdbench:FID0rlfHBjU_9_0to320,train,train,0,,real_video,FID0rlfHBjU_9_0to320.mp4,1a9489f2cf1dd8d47f94534957d106a3d0059840da444fde314537bdc3bdc350,016afb58d035dba3817d16f9db601af556fb8d58c8f5ce514ae47b235eca1835,AIGVDBench/Real/Real.zip,videos/FID0rlfHBjU_9_0to320.mp4,5585005,5585995,dataset_cc_by_4_0_component_partial,not_downloaded
open_sora::FID0rlfHBjU_9_0to320,AIGVDBench,FID0rlfHBjU_9_0to320,aigvdbench:FID0rlfHBjU_9_0to320,train,train,1,Open-Sora,text_to_video,FID0rlfHBjU_9_0to320.mp4,1a9489f2cf1dd8d47f94534957d106a3d0059840da444fde314537bdc3bdc350,016afb58d035dba3817d16f9db601af556fb8d58c8f5ce514ae47b235eca1835,AIGVDBench/OpenSource/T2V/Open-Sora.zip,videos/FID0rlfHBjU_9_0to320.mp4,68862,69603,dataset_cc_by_4_0_component_partial,not_downloaded
real::9OacZ3E49cU_23_0to279,AIGVDBench,9OacZ3E49cU_23_0to279,aigvdbench:9OacZ3E49cU_23_0to279,train,train,0,,real_video,9OacZ3E49cU_23_0to279.mp4,d4a23de5a5cb8da62c8087b58ed359acde6dfa5f039308ef96205926b743325c,017bfa383ce199d9e72695a816aa6a122c7d1352dfbff27c5a518a3504bc2148,AIGVDBench/Real/Real.zip,videos/9OacZ3E49cU_23_0to279.mp4,2976730,2977761,dataset_cc_by_4_0_component_partial,not_downloaded
open_sora::9OacZ3E49cU_23_0to279,AIGVDBench,9OacZ3E49cU_23_0to279,aigvdbench:9OacZ3E49cU_23_0to279,train,train,1,Open-Sora,text_to_video,9OacZ3E49cU_23_0to279.mp4,d4a23de5a5cb8da62c8087b58ed359acde6dfa5f039308ef96205926b743325c,017bfa383ce199d9e72695a816aa6a122c7d1352dfbff27c5a518a3504bc2148,AIGVDBench/OpenSource/T2V/Open-Sora.zip,videos/9OacZ3E49cU_23_0to279.mp4,39844,40652,dataset_cc_by_4_0_component_partial,not_downloaded
real::RCBUSkFX8Vs_0_0to139,AIGVDBench,RCBUSkFX8Vs_0_0to139,aigvdbench:RCBUSkFX8Vs_0_0to139,train,train,0,,real_video,RCBUSkFX8Vs_0_0to139.mp4,f9ad0d1b91e00973a5c529d5ff999da0dbc09c3596e97fa64bd266442727fc17,017d39cc2f39e4ebea374be5fdd8c11c61d21a94f06308618d42d173ba34bfec,AIGVDBench/Real/Real.zip,videos/RCBUSkFX8Vs_0_0to139.mp4,3088342,3089311,dataset_cc_by_4_0_component_partial,not_downloaded
open_sora::RCBUSkFX8Vs_0_0to139,AIGVDBench,RCBUSkFX8Vs_0_0to139,aigvdbench:RCBUSkFX8Vs_0_0to139,train,train,1,Open-Sora,text_to_video,RCBUSkFX8Vs_0_0to139.mp4,f9ad0d1b91e00973a5c529d5ff999da0dbc09c3596e97fa64bd266442727fc17,017d39cc2f39e4ebea374be5fdd8c11c61d21a94f06308618d42d173ba34bfec,AIGVDBench/OpenSource/T2V/Open-Sora.zip,videos/RCBUSkFX8Vs_0_0to139.mp4,56620,57365,dataset_cc_by_4_0_component_partial,not_downloaded
real::uK2P6fVlbb8_79_16to170,AIGVDBench,uK2P6fVlbb8_79_16to170,aigvdbench:uK2P6fVlbb8_79_16to170,train,train,0,,real_video,uK2P6fVlbb8_79_16to170.mp4,58dfa5f4bb68a648521c1887cc9b1759ad41f013b2904310fe3c0b67a2e9dc44,0182134cbd0d22893847d3b74b2896828c73b594bb19813fce1649d80187fdba,AIGVDBench/Real/Real.zip,videos/uK2P6fVlbb8_79_16to170.mp4,1530372,1531085,dataset_cc_by_4_0_component_partial,not_downloaded
open_sora::uK2P6fVlbb8_79_16to170,AIGVDBench,uK2P6fVlbb8_79_16to170,aigvdbench:uK2P6fVlbb8_79_16to170,train,train,1,Open-Sora,text_to_video,uK2P6fVlbb8_79_16to170.mp4,58dfa5f4bb68a648521c1887cc9b1759ad41f013b2904310fe3c0b67a2e9dc44,0182134cbd0d22893847d3b74b2896828c73b594bb19813fce1649d80187fdba,AIGVDBench/OpenSource/T2V/Open-Sora.zip,videos/uK2P6fVlbb8_79_16to170.mp4,44516,45367,dataset_cc_by_4_0_component_partial,not_downloaded
real::mezFIMP8FEU_4_19to143,AIGVDBench,mezFIMP8FEU_4_19to143,aigvdbench:mezFIMP8FEU_4_19to143,train,train,0,,real_video,mezFIMP8FEU_4_19to143.mp4,6fa084d5ff8f783130cc99d6e77659f668011f34175b3328d07ff7884f3477cf,0187da7217cfc37073777744eb6e293f23f0935bf41cd897c4d29a0c37a071ab,AIGVDBench/Real/Real.zip,videos/mezFIMP8FEU_4_19to143.mp4,2445067,2445605,dataset_cc_by_4_0_component_partial,not_downloaded
open_sora::mezFIMP8FEU_4_19to143,AIGVDBench,mezFIMP8FEU_4_19to143,aigvdbench:mezFIMP8FEU_4_19to143,train,train,1,Open-Sora,text_to_video,mezFIMP8FEU_4_19to143.mp4,6fa084d5ff8f783130cc99d6e77659f668011f34175b3328d07ff7884f3477cf,0187da7217cfc37073777744eb6e293f23f0935bf41cd897c4d29a0c37a071ab,AIGVDBench/OpenSource/T2V/Open-Sora.zip,videos/mezFIMP8FEU_4_19to143.mp4,49015,49844,dataset_cc_by_4_0_component_partial,not_downloaded
real::eB__nT0rP2c_9_38to273,AIGVDBench,eB__nT0rP2c_9_38to273,aigvdbench:eB__nT0rP2c_9_38to273,train,train,0,,real_video,eB__nT0rP2c_9_38to273.mp4,01c75bf99a97d9b552fd5afe503bee9f1b7c609afe665b942fd34bd7524a3b1e,018bca74e0dbfa56ecc6471fc64951f2ae615682a567b827a83b22bdd21602f2,AIGVDBench/Real/Real.zip,videos/eB__nT0rP2c_9_38to273.mp4,3466775,3467309,dataset_cc_by_4_0_component_partial,not_downloaded
open_sora::eB__nT0rP2c_9_38to273,AIGVDBench,eB__nT0rP2c_9_38to273,aigvdbench:eB__nT0rP2c_9_38to273,train,train,1,Open-Sora,text_to_video,eB__nT0rP2c_9_38to273.mp4,01c75bf99a97d9b552fd5afe503bee9f1b7c609afe665b942fd34bd7524a3b1e,018bca74e0dbfa56ecc6471fc64951f2ae615682a567b827a83b22bdd21602f2,AIGVDBench/OpenSource/T2V/Open-Sora.zip,videos/eB__nT0rP2c_9_38to273.mp4,45706,46508,dataset_cc_by_4_0_component_partial,not_downloaded
real::1GyjsUbq19U_7_169to1448,AIGVDBench,1GyjsUbq19U_7_169to1448,aigvdbench:1GyjsUbq19U_7_169to1448,train,train,0,,real_video,1GyjsUbq19U_7_169to1448.mp4,cd5773fc152d6eb09622231cf83ac7ef8bc6adac7d9bdb148a042780800ca815,019586cd2946aee73abd4ff425c8e2656e6b411a7ac1fcdf2347c79fd906a689,AIGVDBench/Real/Real.zip,videos/1GyjsUbq19U_7_169to1448.mp4,19328882,19332020,dataset_cc_by_4_0_component_partial,not_downloaded
open_sora::1GyjsUbq19U_7_169to1448,AIGVDBench,1GyjsUbq19U_7_169to1448,aigvdbench:1GyjsUbq19U_7_169to1448,train,train,1,Open-Sora,text_to_video,1GyjsUbq19U_7_169to1448.mp4,cd5773fc152d6eb09622231cf83ac7ef8bc6adac7d9bdb148a042780800ca815,019586cd2946aee73abd4ff425c8e2656e6b411a7ac1fcdf2347c79fd906a689,AIGVDBench/OpenSource/T2V/Open-Sora.zip,videos/1GyjsUbq19U_7_169to1448.mp4,47427,48213,dataset_cc_by_4_0_component_partial,not_downloaded
real::4folx0ORjoE_7_0to184,AIGVDBench,4folx0ORjoE_7_0to184,aigvdbench:4folx0ORjoE_7_0to184,train,train,0,,real_video,4folx0ORjoE_7_0to184.mp4,ab2506b76b3f8a25b0f062126bd2ee3168edf32869e227a68fc56de2230750f3,019a0015efad4d78c950f99084d720adef787d5732f99da9ae46f14df047b616,AIGVDBench/Real/Real.zip,videos/4folx0ORjoE_7_0to184.mp4,2066235,2067608,dataset_cc_by_4_0_component_partial,not_downloaded
open_sora::4folx0ORjoE_7_0to184,AIGVDBench,4folx0ORjoE_7_0to184,aigvdbench:4folx0ORjoE_7_0to184,train,train,1,Open-Sora,text_to_video,4folx0ORjoE_7_0to184.mp4,ab2506b76b3f8a25b0f062126bd2ee3168edf32869e227a68fc56de2230750f3,019a0015efad4d78c950f99084d720adef787d5732f99da9ae46f14df047b616,AIGVDBench/OpenSource/T2V/Open-Sora.zip,videos/4folx0ORjoE_7_0to184.mp4,38828,39655,dataset_cc_by_4_0_component_partial,not_downloaded
real::vTqNLJG2ExE_8_142to273,AIGVDBench,vTqNLJG2ExE_8_142to273,aigvdbench:vTqNLJG2ExE_8_142to273,train,train,0,,real_video,vTqNLJG2ExE_8_142to273.mp4,e17a1e0b866fec2d91cd7be23b8a36bbe25a46cf6177629472d02953551bbca4,019ba36e2a783125493b698e80a3efade7aaf1423298067e0645e016a95b6c2d,AIGVDBench/Real/Real.zip,videos/vTqNLJG2ExE_8_142to273.mp4,2509994,2510335,dataset_cc_by_4_0_component_partial,not_downloaded
open_sora::vTqNLJG2ExE_8_142to273,AIGVDBench,vTqNLJG2ExE_8_142to273,aigvdbench:vTqNLJG2ExE_8_142to273,train,train,1,Open-Sora,text_to_video,vTqNLJG2ExE_8_142to273.mp4,e17a1e0b866fec2d91cd7be23b8a36bbe25a46cf6177629472d02953551bbca4,019ba36e2a783125493b698e80a3efade7aaf1423298067e0645e016a95b6c2d,AIGVDBench/OpenSource/T2V/Open-Sora.zip,videos/vTqNLJG2ExE_8_142to273.mp4,80214,80968,dataset_cc_by_4_0_component_partial,not_downloaded
real::FZFCeoOqZ9M_11_0to475,AIGVDBench,FZFCeoOqZ9M_11_0to475,aigvdbench:FZFCeoOqZ9M_11_0to475,train,train,0,,real_video,FZFCeoOqZ9M_11_0to475.mp4,3584eea5a2c5bf2916a24edaf6126c6c7b8d3843cc5eca57033dc792fa17851c,01ad12638c26d52c12d4b7ce7ea5d4d9972ca7ad43fc4ccd4d7f3c322339927b,AIGVDBench/Real/Real.zip,videos/FZFCeoOqZ9M_11_0to475.mp4,9745408,9746071,dataset_cc_by_4_0_component_partial,not_downloaded
open_sora::FZFCeoOqZ9M_11_0to475,AIGVDBench,FZFCeoOqZ9M_11_0to475,aigvdbench:FZFCeoOqZ9M_11_0to475,train,train,1,Open-Sora,text_to_video,FZFCeoOqZ9M_11_0to475.mp4,3584eea5a2c5bf2916a24edaf6126c6c7b8d3843cc5eca57033dc792fa17851c,01ad12638c26d52c12d4b7ce7ea5d4d9972ca7ad43fc4ccd4d7f3c322339927b,AIGVDBench/OpenSource/T2V/Open-Sora.zip,videos/FZFCeoOqZ9M_11_0to475.mp4,44525,45308,dataset_cc_by_4_0_component_partial,not_downloaded
real::Pft8mdtW8lc_32_0to109,AIGVDBench,Pft8mdtW8lc_32_0to109,aigvdbench:Pft8mdtW8lc_32_0to109,train,train,0,,real_video,Pft8mdtW8lc_32_0to109.mp4,97d5533ed27a048a6639150d02567313a07afb35e830e0cb306ab4cea30987e5,01b10e8f92453682d9e58ac847e87acb53d16cb9910b662f6fcb8d429fd5fc02,AIGVDBench/Real/Real.zip,videos/Pft8mdtW8lc_32_0to109.mp4,1582263,1582939,dataset_cc_by_4_0_component_partial,not_downloaded
open_sora::Pft8mdtW8lc_32_0to109,AIGVDBench,Pft8mdtW8lc_32_0to109,aigvdbench:Pft8mdtW8lc_32_0to109,train,train,1,Open-Sora,text_to_video,Pft8mdtW8lc_32_0to109.mp4,97d5533ed27a048a6639150d02567313a07afb35e830e0cb306ab4cea30987e5,01b10e8f92453682d9e58ac847e87acb53d16cb9910b662f6fcb8d429fd5fc02,AIGVDBench/OpenSource/T2V/Open-Sora.zip,videos/Pft8mdtW8lc_32_0to109.mp4,48060,48846,dataset_cc_by_4_0_component_partial,not_downloaded
real::YmN8Uza1Cg0_27_0to141,AIGVDBench,YmN8Uza1Cg0_27_0to141,aigvdbench:YmN8Uza1Cg0_27_0to141,train,train,0,,real_video,YmN8Uza1Cg0_27_0to141.mp4,0f63e4592dd26be8de9f38adaa235f0228da285715acb0984fb9f448448d5fa1,01b563cdf74bb243a0b9f2754d26266bdd9dd0f5b855524c8c191078f9a457e5,AIGVDBench/Real/Real.zip,videos/YmN8Uza1Cg0_27_0to141.mp4,1748431,1749245,dataset_cc_by_4_0_component_partial,not_downloaded
open_sora::YmN8Uza1Cg0_27_0to141,AIGVDBench,YmN8Uza1Cg0_27_0to141,aigvdbench:YmN8Uza1Cg0_27_0to141,train,train,1,Open-Sora,text_to_video,YmN8Uza1Cg0_27_0to141.mp4,0f63e4592dd26be8de9f38adaa235f0228da285715acb0984fb9f448448d5fa1,01b563cdf74bb243a0b9f2754d26266bdd9dd0f5b855524c8c191078f9a457e5,AIGVDBench/OpenSource/T2V/Open-Sora.zip,videos/YmN8Uza1Cg0_27_0to141.mp4,48770,49582,dataset_cc_by_4_0_component_partial,not_downloaded
real::vprQHQTTkks_49_0to318,AIGVDBench,vprQHQTTkks_49_0to318,aigvdbench:vprQHQTTkks_49_0to318,train,train,0,,real_video,vprQHQTTkks_49_0to318.mp4,5c60ffc6ad67b9a5131da6902ff335ed415b1ced656f9b4f2e45d5d430baf570,01b68044e24aee2509fa3a1f6ae070ab493fc437dd86a17f69d2dc8ed40f5851,AIGVDBench/Real/Real.zip,videos/vprQHQTTkks_49_0to318.mp4,3206554,3208684,dataset_cc_by_4_0_component_partial,not_downloaded
open_sora::vprQHQTTkks_49_0to318,AIGVDBench,vprQHQTTkks_49_0to318,aigvdbench:vprQHQTTkks_49_0to318,train,train,1,Open-Sora,text_to_video,vprQHQTTkks_49_0to318.mp4,5c60ffc6ad67b9a5131da6902ff335ed415b1ced656f9b4f2e45d5d430baf570,01b68044e24aee2509fa3a1f6ae070ab493fc437dd86a17f69d2dc8ed40f5851,AIGVDBench/OpenSource/T2V/Open-Sora.zip,videos/vprQHQTTkks_49_0to318.mp4,44046,44935,dataset_cc_by_4_0_component_partial,not_downloaded
real::nxraujoMuic_3_21to163,AIGVDBench,nxraujoMuic_3_21to163,aigvdbench:nxraujoMuic_3_21to163,train,train,0,,real_video,nxraujoMuic_3_21to163.mp4,49a80c030097c02c9f4b08377fb2c5a85502e1a6bb13c8b1bab4b577f90bb8af,01b7f707d24338c04f7f8f5f9785aa86034e39f653b394d35ca953feefa1abb8,AIGVDBench/Real/Real.zip,videos/nxraujoMuic_3_21to163.mp4,1736300,1736858,dataset_cc_by_4_0_component_partial,not_downloaded
open_sora::nxraujoMuic_3_21to163,AIGVDBench,nxraujoMuic_3_21to163,aigvdbench:nxraujoMuic_3_21to163,train,train,1,Open-Sora,text_to_video,nxraujoMuic_3_21to163.mp4,49a80c030097c02c9f4b08377fb2c5a85502e1a6bb13c8b1bab4b577f90bb8af,01b7f707d24338c04f7f8f5f9785aa86034e39f653b394d35ca953feefa1abb8,AIGVDBench/OpenSource/T2V/Open-Sora.zip,videos/nxraujoMuic_3_21to163.mp4,50565,51478,dataset_cc_by_4_0_component_partial,not_downloaded
real::_Fpe0Z0IfcI_18_0to199,AIGVDBench,_Fpe0Z0IfcI_18_0to199,aigvdbench:_Fpe0Z0IfcI_18_0to199,train,train,0,,real_video,_Fpe0Z0IfcI_18_0to199.mp4,31e2c63b547a63dd14a4e7b7332f7597ec68d958ad758113724a9a85ab784ae7,01b9d29e1c7cc95f6e463066b900c2cacb7797bafec1d6912f8f4eb7cfd31acf,AIGVDBench/Real/Real.zip,videos/_Fpe0Z0IfcI_18_0to199.mp4,1879314,1880794,dataset_cc_by_4_0_component_partial,not_downloaded
open_sora::_Fpe0Z0IfcI_18_0to199,AIGVDBench,_Fpe0Z0IfcI_18_0to199,aigvdbench:_Fpe0Z0IfcI_18_0to199,train,train,1,Open-Sora,text_to_video,_Fpe0Z0IfcI_18_0to199.mp4,31e2c63b547a63dd14a4e7b7332f7597ec68d958ad758113724a9a85ab784ae7,01b9d29e1c7cc95f6e463066b900c2cacb7797bafec1d6912f8f4eb7cfd31acf,AIGVDBench/OpenSource/T2V/Open-Sora.zip,videos/_Fpe0Z0IfcI_18_0to199.mp4,48099,48867,dataset_cc_by_4_0_component_partial,not_downloaded
real::Av0ULngGQA4_31_0to161,AIGVDBench,Av0ULngGQA4_31_0to161,aigvdbench:Av0ULngGQA4_31_0to161,train,train,0,,real_video,Av0ULngGQA4_31_0to161.mp4,c090109c205aaff59c3c930e518860af693240756f11f78a8f89f9040993e622,01bc60ad7ad25ae5cf2cfe9c322616a104b701a0fcc0cf72f14a119320258480,AIGVDBench/Real/Real.zip,videos/Av0ULngGQA4_31_0to161.mp4,2251349,2251835,dataset_cc_by_4_0_component_partial,not_downloaded
open_sora::Av0ULngGQA4_31_0to161,AIGVDBench,Av0ULngGQA4_31_0to161,aigvdbench:Av0ULngGQA4_31_0to161,train,train,1,Open-Sora,text_to_video,Av0ULngGQA4_31_0to161.mp4,c090109c205aaff59c3c930e518860af693240756f11f78a8f89f9040993e622,01bc60ad7ad25ae5cf2cfe9c322616a104b701a0fcc0cf72f14a119320258480,AIGVDBench/OpenSource/T2V/Open-Sora.zip,videos/Av0ULngGQA4_31_0to161.mp4,45372,46211,dataset_cc_by_4_0_component_partial,not_downloaded
real::pGKNTpVVVz4_7_0to161,AIGVDBench,pGKNTpVVVz4_7_0to161,aigvdbench:pGKNTpVVVz4_7_0to161,train,train,0,,real_video,pGKNTpVVVz4_7_0to161.mp4,0854d78f46ba32f62a3deedd96988cb596fdec8b3aa1f90335e729bed2c1061f,01bf12fb5d67bfa8802264fd1f19d0dc8b799400a6396a6c90782c426962e8be,AIGVDBench/Real/Real.zip,videos/pGKNTpVVVz4_7_0to161.mp4,2722913,2723441,dataset_cc_by_4_0_component_partial,not_downloaded
open_sora::pGKNTpVVVz4_7_0to161,AIGVDBench,pGKNTpVVVz4_7_0to161,aigvdbench:pGKNTpVVVz4_7_0to161,train,train,1,Open-Sora,text_to_video,pGKNTpVVVz4_7_0to161.mp4,0854d78f46ba32f62a3deedd96988cb596fdec8b3aa1f90335e729bed2c1061f,01bf12fb5d67bfa8802264fd1f19d0dc8b799400a6396a6c90782c426962e8be,AIGVDBench/OpenSource/T2V/Open-Sora.zip,videos/pGKNTpVVVz4_7_0to161.mp4,43754,44588,dataset_cc_by_4_0_component_partial,not_downloaded
real::dh9QWPuxZoE_103_0to253,AIGVDBench,dh9QWPuxZoE_103_0to253,aigvdbench:dh9QWPuxZoE_103_0to253,train,train,0,,real_video,dh9QWPuxZoE_103_0to253.mp4,d95c711cb942b5ae6bd2788241230ca0847e498820af0f7c0825da57f8488929,01bfab81c765960a31cb900c3e177b792c39a50c99e60c47204b0e9c10a29f03,AIGVDBench/Real/Real.zip,videos/dh9QWPuxZoE_103_0to253.mp4,8976945,8976903,dataset_cc_by_4_0_component_partial,not_downloaded
open_sora::dh9QWPuxZoE_103_0to253,AIGVDBench,dh9QWPuxZoE_103_0to253,aigvdbench:dh9QWPuxZoE_103_0to253,train,train,1,Open-Sora,text_to_video,dh9QWPuxZoE_103_0to253.mp4,d95c711cb942b5ae6bd2788241230ca0847e498820af0f7c0825da57f8488929,01bfab81c765960a31cb900c3e177b792c39a50c99e60c47204b0e9c10a29f03,AIGVDBench/OpenSource/T2V/Open-Sora.zip,videos/dh9QWPuxZoE_103_0to253.mp4,76626,77404,dataset_cc_by_4_0_component_partial,not_downloaded
real::a2rAMOcmUms_149_49to177,AIGVDBench,a2rAMOcmUms_149_49to177,aigvdbench:a2rAMOcmUms_149_49to177,train,train,0,,real_video,a2rAMOcmUms_149_49to177.mp4,0ab5112a2daa6700e3c7070d017fdd68a70c63a7d2120066a123fef60ea54404,01c1ee9b67f1f039541f9db73278f6df17b496e16bb78b867427c6abba653ebd,AIGVDBench/Real/Real.zip,videos/a2rAMOcmUms_149_49to177.mp4,2033593,2034112,dataset_cc_by_4_0_component_partial,not_downloaded
open_sora::a2rAMOcmUms_149_49to177,AIGVDBench,a2rAMOcmUms_149_49to177,aigvdbench:a2rAMOcmUms_149_49to177,train,train,1,Open-Sora,text_to_video,a2rAMOcmUms_149_49to177.mp4,0ab5112a2daa6700e3c7070d017fdd68a70c63a7d2120066a123fef60ea54404,01c1ee9b67f1f039541f9db73278f6df17b496e16bb78b867427c6abba653ebd,AIGVDBench/OpenSource/T2V/Open-Sora.zip,videos/a2rAMOcmUms_149_49to177.mp4,37714,38593,dataset_cc_by_4_0_component_partial,not_downloaded
real::pGAkDG4qc_4_12_22to136,AIGVDBench,pGAkDG4qc_4_12_22to136,aigvdbench:pGAkDG4qc_4_12_22to136,train,train,0,,real_video,pGAkDG4qc_4_12_22to136.mp4,8960098c29e21a2241617e64dbb739f8e3d71da843dba15a833464d9d27807a8,01c63e536c9277f3512dc670f8efbbc050989ab58929bf91e29d263f54faf503,AIGVDBench/Real/Real.zip,videos/pGAkDG4qc_4_12_22to136.mp4,1575692,1576134,dataset_cc_by_4_0_component_partial,not_downloaded
open_sora::pGAkDG4qc_4_12_22to136,AIGVDBench,pGAkDG4qc_4_12_22to136,aigvdbench:pGAkDG4qc_4_12_22to136,train,train,1,Open-Sora,text_to_video,pGAkDG4qc_4_12_22to136.mp4,8960098c29e21a2241617e64dbb739f8e3d71da843dba15a833464d9d27807a8,01c63e536c9277f3512dc670f8efbbc050989ab58929bf91e29d263f54faf503,AIGVDBench/OpenSource/T2V/Open-Sora.zip,videos/pGAkDG4qc_4_12_22to136.mp4,69211,70001,dataset_cc_by_4_0_component_partial,not_downloaded
real::T9fcBLy8Fm4_5_451to604,AIGVDBench,T9fcBLy8Fm4_5_451to604,aigvdbench:T9fcBLy8Fm4_5_451to604,train,train,0,,real_video,T9fcBLy8Fm4_5_451to604.mp4,bec6e8a5b18bf861b9f3c1dcfd877d50a490c4f4f8b54eaa04773c981533512c,01ca30a7abd7d1b11735b1e7e414e24f77c64ab10cf68122b239488c26371b49,AIGVDBench/Real/Real.zip,videos/T9fcBLy8Fm4_5_451to604.mp4,1121273,1121904,dataset_cc_by_4_0_component_partial,not_downloaded
open_sora::T9fcBLy8Fm4_5_451to604,AIGVDBench,T9fcBLy8Fm4_5_451to604,aigvdbench:T9fcBLy8Fm4_5_451to604,train,train,1,Open-Sora,text_to_video,T9fcBLy8Fm4_5_451to604.mp4,bec6e8a5b18bf861b9f3c1dcfd877d50a490c4f4f8b54eaa04773c981533512c,01ca30a7abd7d1b11735b1e7e414e24f77c64ab10cf68122b239488c26371b49,AIGVDBench/OpenSource/T2V/Open-Sora.zip,videos/T9fcBLy8Fm4_5_451to604.mp4,46535,47301,dataset_cc_by_4_0_component_partial,not_downloaded
real::yU81UzKfL1M_21_0to255,AIGVDBench,yU81UzKfL1M_21_0to255,aigvdbench:yU81UzKfL1M_21_0to255,train,train,0,,real_video,yU81UzKfL1M_21_0to255.mp4,8a1327f3a5772c482253a00d0eb1525b09312d7da9ea5dacf8090e5e5bde8e42,01ce3d909b1925ca87038611c3dfc48c697a5793c3068ab16f20478bf42cd185,AIGVDBench/Real/Real.zip,videos/yU81UzKfL1M_21_0to255.mp4,6327924,6328856,dataset_cc_by_4_0_component_partial,not_downloaded
open_sora::yU81UzKfL1M_21_0to255,AIGVDBench,yU81UzKfL1M_21_0to255,aigvdbench:yU81UzKfL1M_21_0to255,train,train,1,Open-Sora,text_to_video,yU81UzKfL1M_21_0to255.mp4,8a1327f3a5772c482253a00d0eb1525b09312d7da9ea5dacf8090e5e5bde8e42,01ce3d909b1925ca87038611c3dfc48c697a5793c3068ab16f20478bf42cd185,AIGVDBench/OpenSource/T2V/Open-Sora.zip,videos/yU81UzKfL1M_21_0to255.mp4,63577,64345,dataset_cc_by_4_0_component_partial,not_downloaded
real::Ze2bPiUdhlA_65_0to102,AIGVDBench,Ze2bPiUdhlA_65_0to102,aigvdbench:Ze2bPiUdhlA_65_0to102,train,train,0,,real_video,Ze2bPiUdhlA_65_0to102.mp4,22ef0d9c0a05be2e0d5d31720f3c325fbcc60914dc686cbfe4a245056e1be43f,01ce4bb0f97cc3fb98e9d019213d081b5a0c6e9a09ba5d61ae10a515c91ee6c4,AIGVDBench/Real/Real.zip,videos/Ze2bPiUdhlA_65_0to102.mp4,1433069,1433543,dataset_cc_by_4_0_component_partial,not_downloaded
open_sora::Ze2bPiUdhlA_65_0to102,AIGVDBench,Ze2bPiUdhlA_65_0to102,aigvdbench:Ze2bPiUdhlA_65_0to102,train,train,1,Open-Sora,text_to_video,Ze2bPiUdhlA_65_0to102.mp4,22ef0d9c0a05be2e0d5d31720f3c325fbcc60914dc686cbfe4a245056e1be43f,01ce4bb0f97cc3fb98e9d019213d081b5a0c6e9a09ba5d61ae10a515c91ee6c4,AIGVDBench/OpenSource/T2V/Open-Sora.zip,videos/Ze2bPiUdhlA_65_0to102.mp4,48025,48886,dataset_cc_by_4_0_component_partial,not_downloaded
real::AG_5_Welxvo_0_0to373,AIGVDBench,AG_5_Welxvo_0_0to373,aigvdbench:AG_5_Welxvo_0_0to373,train,train,0,,real_video,AG_5_Welxvo_0_0to373.mp4,855b70c6fa5c805e96937a87d93831f7fe992a32230cab5ea4a69645130c2599,01d11babf53e74f7441df9c8c24d3d08c56600995f0092653a5220a1a9eb2cc1,AIGVDBench/Real/Real.zip,videos/AG_5_Welxvo_0_0to373.mp4,6470368,6471410,dataset_cc_by_4_0_component_partial,not_downloaded
open_sora::AG_5_Welxvo_0_0to373,AIGVDBench,AG_5_Welxvo_0_0to373,aigvdbench:AG_5_Welxvo_0_0to373,train,train,1,Open-Sora,text_to_video,AG_5_Welxvo_0_0to373.mp4,855b70c6fa5c805e96937a87d93831f7fe992a32230cab5ea4a69645130c2599,01d11babf53e74f7441df9c8c24d3d08c56600995f0092653a5220a1a9eb2cc1,AIGVDBench/OpenSource/T2V/Open-Sora.zip,videos/AG_5_Welxvo_0_0to373.mp4,53933,54731,dataset_cc_by_4_0_component_partial,not_downloaded
real::Lbr-7B2HCpQ_13_109to247,AIGVDBench,Lbr-7B2HCpQ_13_109to247,aigvdbench:Lbr-7B2HCpQ_13_109to247,train,train,0,,real_video,Lbr-7B2HCpQ_13_109to247.mp4,fb230aa919a6db27006479c8e3290bfd6e3c3d4d2d220d2a92b604df912542d2,01d128a9c23bdafdcdd013a9ae2e9aa9c1aca1d2fb37cb12cb6d6b96d6550ecb,AIGVDBench/Real/Real.zip,videos/Lbr-7B2HCpQ_13_109to247.mp4,961166,962404,dataset_cc_by_4_0_component_partial,not_downloaded
open_sora::Lbr-7B2HCpQ_13_109to247,AIGVDBench,Lbr-7B2HCpQ_13_109to247,aigvdbench:Lbr-7B2HCpQ_13_109to247,train,train,1,Open-Sora,text_to_video,Lbr-7B2HCpQ_13_109to247.mp4,fb230aa919a6db27006479c8e3290bfd6e3c3d4d2d220d2a92b604df912542d2,01d128a9c23bdafdcdd013a9ae2e9aa9c1aca1d2fb37cb12cb6d6b96d6550ecb,AIGVDBench/OpenSource/T2V/Open-Sora.zip,videos/Lbr-7B2HCpQ_13_109to247.mp4,47226,48059,dataset_cc_by_4_0_component_partial,not_downloaded
real::ep3KthzB50s_3_438to576,AIGVDBench,ep3KthzB50s_3_438to576,aigvdbench:ep3KthzB50s_3_438to576,train,train,0,,real_video,ep3KthzB50s_3_438to576.mp4,0e66fa8cbf998100f7a3e08abdd230b6132058ca8b2d29dfbc591e88bb589964,01d48004276902393f655605900a676f3868eff78d3cf53916a4aa3ebef444b8,AIGVDBench/Real/Real.zip,videos/ep3KthzB50s_3_438to576.mp4,3496970,3497138,dataset_cc_by_4_0_component_partial,not_downloaded
open_sora::ep3KthzB50s_3_438to576,AIGVDBench,ep3KthzB50s_3_438to576,aigvdbench:ep3KthzB50s_3_438to576,train,train,1,Open-Sora,text_to_video,ep3KthzB50s_3_438to576.mp4,0e66fa8cbf998100f7a3e08abdd230b6132058ca8b2d29dfbc591e88bb589964,01d48004276902393f655605900a676f3868eff78d3cf53916a4aa3ebef444b8,AIGVDBench/OpenSource/T2V/Open-Sora.zip,videos/ep3KthzB50s_3_438to576.mp4,60338,61128,dataset_cc_by_4_0_component_partial,not_downloaded
real::YP707X6ZzJA_0_891to1046,AIGVDBench,YP707X6ZzJA_0_891to1046,aigvdbench:YP707X6ZzJA_0_891to1046,train,train,0,,real_video,YP707X6ZzJA_0_891to1046.mp4,78de18905ba09ef99dd8ac957fa00f4e7e937ab6dac15c5d1d73b2b8e4efa74f,01d81c571e2985bab5aa752c7948dd8905f7f04f1be9140c1d0ec86a064ca9c4,AIGVDBench/Real/Real.zip,videos/YP707X6ZzJA_0_891to1046.mp4,2024952,2025406,dataset_cc_by_4_0_component_partial,not_downloaded
open_sora::YP707X6ZzJA_0_891to1046,AIGVDBench,YP707X6ZzJA_0_891to1046,aigvdbench:YP707X6ZzJA_0_891to1046,train,train,1,Open-Sora,text_to_video,YP707X6ZzJA_0_891to1046.mp4,78de18905ba09ef99dd8ac957fa00f4e7e937ab6dac15c5d1d73b2b8e4efa74f,01d81c571e2985bab5aa752c7948dd8905f7f04f1be9140c1d0ec86a064ca9c4,AIGVDBench/OpenSource/T2V/Open-Sora.zip,videos/YP707X6ZzJA_0_891to1046.mp4,42493,43315,dataset_cc_by_4_0_component_partial,not_downloaded
real::giY8abP-vU0_13_92to411,AIGVDBench,giY8abP-vU0_13_92to411,aigvdbench:giY8abP-vU0_13_92to411,train,train,0,,real_video,giY8abP-vU0_13_92to411.mp4,315efbc7d91fd8bf96266c3e44694e574d7c93539b379120dd397dea2f16dd41,01e108bfd9038a130d8eadb11610562364b985c2ec37c7c0cb56cda3682a2b2b,AIGVDBench/Real/Real.zip,videos/giY8abP-vU0_13_92to411.mp4,1676796,1679497,dataset_cc_by_4_0_component_partial,not_downloaded
open_sora::giY8abP-vU0_13_92to411,AIGVDBench,giY8abP-vU0_13_92to411,aigvdbench:giY8abP-vU0_13_92to411,train,train,1,Open-Sora,text_to_video,giY8abP-vU0_13_92to411.mp4,315efbc7d91fd8bf96266c3e44694e574d7c93539b379120dd397dea2f16dd41,01e108bfd9038a130d8eadb11610562364b985c2ec37c7c0cb56cda3682a2b2b,AIGVDBench/OpenSource/T2V/Open-Sora.zip,videos/giY8abP-vU0_13_92to411.mp4,52669,53443,dataset_cc_by_4_0_component_partial,not_downloaded
real::pnfPzermXxk_28_24to178,AIGVDBench,pnfPzermXxk_28_24to178,aigvdbench:pnfPzermXxk_28_24to178,train,train,0,,real_video,pnfPzermXxk_28_24to178.mp4,b3d928dcd2e1d9afb96f687db760370fb5f4a7e77cb5b7fe873b698373c68530,01e2d7227ac818660c6b4b482d7be06edbee0b401adb594b3871749f6adda05b,AIGVDBench/Real/Real.zip,videos/pnfPzermXxk_28_24to178.mp4,1996770,1997466,dataset_cc_by_4_0_component_partial,not_downloaded
open_sora::pnfPzermXxk_28_24to178,AIGVDBench,pnfPzermXxk_28_24to178,aigvdbench:pnfPzermXxk_28_24to178,train,train,1,Open-Sora,text_to_video,pnfPzermXxk_28_24to178.mp4,b3d928dcd2e1d9afb96f687db760370fb5f4a7e77cb5b7fe873b698373c68530,01e2d7227ac818660c6b4b482d7be06edbee0b401adb594b3871749f6adda05b,AIGVDBench/OpenSource/T2V/Open-Sora.zip,videos/pnfPzermXxk_28_24to178.mp4,56063,56917,dataset_cc_by_4_0_component_partial,not_downloaded
real::lI9YkbW0yJg_84_0to117,AIGVDBench,lI9YkbW0yJg_84_0to117,aigvdbench:lI9YkbW0yJg_84_0to117,train,train,0,,real_video,lI9YkbW0yJg_84_0to117.mp4,8471f0bb9246a94a3f766d4bdcf56d7343ae98cbb380c4e0dcb7f9bb4742649c,01e8fdf4e4fa7cb28e30034758f84b0d8219c2a965c85eba14ff4254327f7e60,AIGVDBench/Real/Real.zip,videos/lI9YkbW0yJg_84_0to117.mp4,1540659,1541701,dataset_cc_by_4_0_component_partial,not_downloaded
open_sora::lI9YkbW0yJg_84_0to117,AIGVDBench,lI9YkbW0yJg_84_0to117,aigvdbench:lI9YkbW0yJg_84_0to117,train,train,1,Open-Sora,text_to_video,lI9YkbW0yJg_84_0to117.mp4,8471f0bb9246a94a3f766d4bdcf56d7343ae98cbb380c4e0dcb7f9bb4742649c,01e8fdf4e4fa7cb28e30034758f84b0d8219c2a965c85eba14ff4254327f7e60,AIGVDBench/OpenSource/T2V/Open-Sora.zip,videos/lI9YkbW0yJg_84_0to117.mp4,53765,54576,dataset_cc_by_4_0_component_partial,not_downloaded
real::4s6KIP0XB_A_1_744to862,AIGVDBench,4s6KIP0XB_A_1_744to862,aigvdbench:4s6KIP0XB_A_1_744to862,train,train,0,,real_video,4s6KIP0XB_A_1_744to862.mp4,e618dde1a2dd7ba748dfedb9bffad774283a0e2ab5542f52e425689648ab075c,01e9358723cbdc9760db3e94f7af69414254e2cb3c55addc3d4849790d9746dc,AIGVDBench/Real/Real.zip,videos/4s6KIP0XB_A_1_744to862.mp4,1589499,1589911,dataset_cc_by_4_0_component_partial,not_downloaded
open_sora::4s6KIP0XB_A_1_744to862,AIGVDBench,4s6KIP0XB_A_1_744to862,aigvdbench:4s6KIP0XB_A_1_744to862,train,train,1,Open-Sora,text_to_video,4s6KIP0XB_A_1_744to862.mp4,e618dde1a2dd7ba748dfedb9bffad774283a0e2ab5542f52e425689648ab075c,01e9358723cbdc9760db3e94f7af69414254e2cb3c55addc3d4849790d9746dc,AIGVDBench/OpenSource/T2V/Open-Sora.zip,videos/4s6KIP0XB_A_1_744to862.mp4,40621,41431,dataset_cc_by_4_0_component_partial,not_downloaded
real::JO39mqWVjvk_1_0to137,AIGVDBench,JO39mqWVjvk_1_0to137,aigvdbench:JO39mqWVjvk_1_0to137,train,train,0,,real_video,JO39mqWVjvk_1_0to137.mp4,cfb5c02945997c10aad79c92acc3a15a1987094367a0bd63abed6bab1c405b16,01e9d2a9fe9c66fcb33e4dd389c79d8065858d262f702c4c660476d7cd259382,AIGVDBench/Real/Real.zip,videos/JO39mqWVjvk_1_0to137.mp4,2748016,2748278,dataset_cc_by_4_0_component_partial,not_downloaded
open_sora::JO39mqWVjvk_1_0to137,AIGVDBench,JO39mqWVjvk_1_0to137,aigvdbench:JO39mqWVjvk_1_0to137,train,train,1,Open-Sora,text_to_video,JO39mqWVjvk_1_0to137.mp4,cfb5c02945997c10aad79c92acc3a15a1987094367a0bd63abed6bab1c405b16,01e9d2a9fe9c66fcb33e4dd389c79d8065858d262f702c4c660476d7cd259382,AIGVDBench/OpenSource/T2V/Open-Sora.zip,videos/JO39mqWVjvk_1_0to137.mp4,64914,65675,dataset_cc_by_4_0_component_partial,not_downloaded
real::T1q3-2aeRVM_0_0to109,AIGVDBench,T1q3-2aeRVM_0_0to109,aigvdbench:T1q3-2aeRVM_0_0to109,train,train,0,,real_video,T1q3-2aeRVM_0_0to109.mp4,21b822f401992ccb4960964d10e607e0dbcadbb69227c73be818bd46f7f902ad,01ed41ffd731a26340593bff852e11a54b455f0fdce5efa560b211b74f06c116,AIGVDBench/Real/Real.zip,videos/T1q3-2aeRVM_0_0to109.mp4,1520030,1520443,dataset_cc_by_4_0_component_partial,not_downloaded
open_sora::T1q3-2aeRVM_0_0to109,AIGVDBench,T1q3-2aeRVM_0_0to109,aigvdbench:T1q3-2aeRVM_0_0to109,train,train,1,Open-Sora,text_to_video,T1q3-2aeRVM_0_0to109.mp4,21b822f401992ccb4960964d10e607e0dbcadbb69227c73be818bd46f7f902ad,01ed41ffd731a26340593bff852e11a54b455f0fdce5efa560b211b74f06c116,AIGVDBench/OpenSource/T2V/Open-Sora.zip,videos/T1q3-2aeRVM_0_0to109.mp4,57801,58610,dataset_cc_by_4_0_component_partial,not_downloaded
real::5-frzgT_XDo_3_0to112,AIGVDBench,5-frzgT_XDo_3_0to112,aigvdbench:5-frzgT_XDo_3_0to112,train,train,0,,real_video,5-frzgT_XDo_3_0to112.mp4,b6fc9b5b0084e3c24999aa44a616c2d310a299d938f7f977dd602ff93bdf45c7,01f754a0898ae77436002b7070962e505f4284903ba4ab74828a0642ceaa9448,AIGVDBench/Real/Real.zip,videos/5-frzgT_XDo_3_0to112.mp4,1679258,1679665,dataset_cc_by_4_0_component_partial,not_downloaded
open_sora::5-frzgT_XDo_3_0to112,AIGVDBench,5-frzgT_XDo_3_0to112,aigvdbench:5-frzgT_XDo_3_0to112,train,train,1,Open-Sora,text_to_video,5-frzgT_XDo_3_0to112.mp4,b6fc9b5b0084e3c24999aa44a616c2d310a299d938f7f977dd602ff93bdf45c7,01f754a0898ae77436002b7070962e505f4284903ba4ab74828a0642ceaa9448,AIGVDBench/OpenSource/T2V/Open-Sora.zip,videos/5-frzgT_XDo_3_0to112.mp4,62125,62837,dataset_cc_by_4_0_component_partial,not_downloaded
real::BDT39Gglirc_5_80to203,AIGVDBench,BDT39Gglirc_5_80to203,aigvdbench:BDT39Gglirc_5_80to203,train,train,0,,real_video,BDT39Gglirc_5_80to203.mp4,ad0210cdb3a8f8419621a756547d8a6df6071e6ef18fcd39109cbe8eda3d9d4c,01fb80061173a5032d2ebfe602386d22fd8daf6aba1bf3edc9789e450046bdb8,AIGVDBench/Real/Real.zip,videos/BDT39Gglirc_5_80to203.mp4,1377770,1378642,dataset_cc_by_4_0_component_partial,not_downloaded
open_sora::BDT39Gglirc_5_80to203,AIGVDBench,BDT39Gglirc_5_80to203,aigvdbench:BDT39Gglirc_5_80to203,train,train,1,Open-Sora,text_to_video,BDT39Gglirc_5_80to203.mp4,ad0210cdb3a8f8419621a756547d8a6df6071e6ef18fcd39109cbe8eda3d9d4c,01fb80061173a5032d2ebfe602386d22fd8daf6aba1bf3edc9789e450046bdb8,AIGVDBench/OpenSource/T2V/Open-Sora.zip,videos/BDT39Gglirc_5_80to203.mp4,57329,58144,dataset_cc_by_4_0_component_partial,not_downloaded
real::RhkWtAysuO8_29_147to283,AIGVDBench,RhkWtAysuO8_29_147to283,aigvdbench:RhkWtAysuO8_29_147to283,train,train,0,,real_video,RhkWtAysuO8_29_147to283.mp4,bf85e8cb0fa71df1477f3a4973d695530ee8c19793b05541ae6f0145b097ebf4,02045dde95a93f61e2e78b1546ab6d7d8fef2175b6982454a7683bdbfe5814d7,AIGVDBench/Real/Real.zip,videos/RhkWtAysuO8_29_147to283.mp4,1044410,1044957,dataset_cc_by_4_0_component_partial,not_downloaded
open_sora::RhkWtAysuO8_29_147to283,AIGVDBench,RhkWtAysuO8_29_147to283,aigvdbench:RhkWtAysuO8_29_147to283,train,train,1,Open-Sora,text_to_video,RhkWtAysuO8_29_147to283.mp4,bf85e8cb0fa71df1477f3a4973d695530ee8c19793b05541ae6f0145b097ebf4,02045dde95a93f61e2e78b1546ab6d7d8fef2175b6982454a7683bdbfe5814d7,AIGVDBench/OpenSource/T2V/Open-Sora.zip,videos/RhkWtAysuO8_29_147to283.mp4,45569,46375,dataset_cc_by_4_0_component_partial,not_downloaded
real::UxemEf5Neyc_6_0to273,AIGVDBench,UxemEf5Neyc_6_0to273,aigvdbench:UxemEf5Neyc_6_0to273,train,train,0,,real_video,UxemEf5Neyc_6_0to273.mp4,a12d0cc564a868d5f6daad39c59d6b1e17b47df00f4e59ef99601b271f26f9f4,020a763348038329d2f60e312496aedaeceee01af4f823d90c8a83b451bb2668,AIGVDBench/Real/Real.zip,videos/UxemEf5Neyc_6_0to273.mp4,9448178,9448987,dataset_cc_by_4_0_component_partial,not_downloaded
open_sora::UxemEf5Neyc_6_0to273,AIGVDBench,UxemEf5Neyc_6_0to273,aigvdbench:UxemEf5Neyc_6_0to273,train,train,1,Open-Sora,text_to_video,UxemEf5Neyc_6_0to273.mp4,a12d0cc564a868d5f6daad39c59d6b1e17b47df00f4e59ef99601b271f26f9f4,020a763348038329d2f60e312496aedaeceee01af4f823d90c8a83b451bb2668,AIGVDBench/OpenSource/T2V/Open-Sora.zip,videos/UxemEf5Neyc_6_0to273.mp4,63192,63989,dataset_cc_by_4_0_component_partial,not_downloaded
real::q9UhGkA9iHg_19_0to136,AIGVDBench,q9UhGkA9iHg_19_0to136,aigvdbench:q9UhGkA9iHg_19_0to136,train,train,0,,real_video,q9UhGkA9iHg_19_0to136.mp4,af930d4206d7adba6c6da843f53c8af0c701268b5f6976298984a2664ae40f45,020bcf055bfac959d2485ead2bed16c11a8408f3463aa20081300c49bc8c1a2d,AIGVDBench/Real/Real.zip,videos/q9UhGkA9iHg_19_0to136.mp4,2942376,2942962,dataset_cc_by_4_0_component_partial,not_downloaded
open_sora::q9UhGkA9iHg_19_0to136,AIGVDBench,q9UhGkA9iHg_19_0to136,aigvdbench:q9UhGkA9iHg_19_0to136,train,train,1,Open-Sora,text_to_video,q9UhGkA9iHg_19_0to136.mp4,af930d4206d7adba6c6da843f53c8af0c701268b5f6976298984a2664ae40f45,020bcf055bfac959d2485ead2bed16c11a8408f3463aa20081300c49bc8c1a2d,AIGVDBench/OpenSource/T2V/Open-Sora.zip,videos/q9UhGkA9iHg_19_0to136.mp4,83606,84408,dataset_cc_by_4_0_component_partial,not_downloaded
real::HC-b92nUpqg_9_0to108,AIGVDBench,HC-b92nUpqg_9_0to108,aigvdbench:HC-b92nUpqg_9_0to108,train,train,0,,real_video,HC-b92nUpqg_9_0to108.mp4,6c019e325b6664060476377ce6505e93cfb0324d888412cb9a0974b6d7f2808e,020df472def43db528e170c8c4b3c0edd9597527979447e842bdc42ace371429,AIGVDBench/Real/Real.zip,videos/HC-b92nUpqg_9_0to108.mp4,2215953,2216317,dataset_cc_by_4_0_component_partial,not_downloaded
open_sora::HC-b92nUpqg_9_0to108,AIGVDBench,HC-b92nUpqg_9_0to108,aigvdbench:HC-b92nUpqg_9_0to108,train,train,1,Open-Sora,text_to_video,HC-b92nUpqg_9_0to108.mp4,6c019e325b6664060476377ce6505e93cfb0324d888412cb9a0974b6d7f2808e,020df472def43db528e170c8c4b3c0edd9597527979447e842bdc42ace371429,AIGVDBench/OpenSource/T2V/Open-Sora.zip,videos/HC-b92nUpqg_9_0to108.mp4,32040,32984,dataset_cc_by_4_0_component_partial,not_downloaded
real::u3HyQKFkLKk_17_1063to1202,AIGVDBench,u3HyQKFkLKk_17_1063to1202,aigvdbench:u3HyQKFkLKk_17_1063to1202,train,train,0,,real_video,u3HyQKFkLKk_17_1063to1202.mp4,8a3ccaf69c5a525ba3a630fb312206e3804b237caeb676e65e157707ce66de03,020f173260473ee525c8f802dfab447c80c574b43c6da665bd296fc9f783c5e9,AIGVDBench/Real/Real.zip,videos/u3HyQKFkLKk_17_1063to1202.mp4,1481607,1482273,dataset_cc_by_4_0_component_partial,not_downloaded
open_sora::u3HyQKFkLKk_17_1063to1202,AIGVDBench,u3HyQKFkLKk_17_1063to1202,aigvdbench:u3HyQKFkLKk_17_1063to1202,train,train,1,Open-Sora,text_to_video,u3HyQKFkLKk_17_1063to1202.mp4,8a3ccaf69c5a525ba3a630fb312206e3804b237caeb676e65e157707ce66de03,020f173260473ee525c8f802dfab447c80c574b43c6da665bd296fc9f783c5e9,AIGVDBench/OpenSource/T2V/Open-Sora.zip,videos/u3HyQKFkLKk_17_1063to1202.mp4,40824,41714,dataset_cc_by_4_0_component_partial,not_downloaded
real::zb79c2x8JY4_60_0to118,AIGVDBench,zb79c2x8JY4_60_0to118,aigvdbench:zb79c2x8JY4_60_0to118,train,train,0,,real_video,zb79c2x8JY4_60_0to118.mp4,5d88e7dcda49338a6b7cc3d5bdcd6059b363e0fb040e05458ba27b1f52e0e760,0213bd598fabeb5726cbf7d67c4e00f34ebb0d191b25ad72382679e71f8bc6ee,AIGVDBench/Real/Real.zip,videos/zb79c2x8JY4_60_0to118.mp4,1957314,1958062,dataset_cc_by_4_0_component_partial,not_downloaded
open_sora::zb79c2x8JY4_60_0to118,AIGVDBench,zb79c2x8JY4_60_0to118,aigvdbench:zb79c2x8JY4_60_0to118,train,train,1,Open-Sora,text_to_video,zb79c2x8JY4_60_0to118.mp4,5d88e7dcda49338a6b7cc3d5bdcd6059b363e0fb040e05458ba27b1f52e0e760,0213bd598fabeb5726cbf7d67c4e00f34ebb0d191b25ad72382679e71f8bc6ee,AIGVDBench/OpenSource/T2V/Open-Sora.zip,videos/zb79c2x8JY4_60_0to118.mp4,61259,62017,dataset_cc_by_4_0_component_partial,not_downloaded
real::2IfSrPdfL1g_19_339to466,AIGVDBench,2IfSrPdfL1g_19_339to466,aigvdbench:2IfSrPdfL1g_19_339to466,train,train,0,,real_video,2IfSrPdfL1g_19_339to466.mp4,33b0ee8255e9ede483b2806b1d19f3f32510e000dfd332412e94391ff8256b20,021c3c02f8e16740d8a5787d7246a309a99efa57a8b0604331f35de9a46c7fd4,AIGVDBench/Real/Real.zip,videos/2IfSrPdfL1g_19_339to466.mp4,2271896,2272586,dataset_cc_by_4_0_component_partial,not_downloaded
open_sora::2IfSrPdfL1g_19_339to466,AIGVDBench,2IfSrPdfL1g_19_339to466,aigvdbench:2IfSrPdfL1g_19_339to466,train,train,1,Open-Sora,text_to_video,2IfSrPdfL1g_19_339to466.mp4,33b0ee8255e9ede483b2806b1d19f3f32510e000dfd332412e94391ff8256b20,021c3c02f8e16740d8a5787d7246a309a99efa57a8b0604331f35de9a46c7fd4,AIGVDBench/OpenSource/T2V/Open-Sora.zip,videos/2IfSrPdfL1g_19_339to466.mp4,65932,66663,dataset_cc_by_4_0_component_partial,not_downloaded
real::yOJMG_fkDo0_21_0to145,AIGVDBench,yOJMG_fkDo0_21_0to145,aigvdbench:yOJMG_fkDo0_21_0to145,train,train,0,,real_video,yOJMG_fkDo0_21_0to145.mp4,f0e96e1ca8f471b02ae46e6b92cd146598e8178067f17a7e4824e5cd5665c4d8,021ca7d2daf6deeecb7021795c8884e0b3c68b69fff761c618b414521db71782,AIGVDBench/Real/Real.zip,videos/yOJMG_fkDo0_21_0to145.mp4,1935088,1935993,dataset_cc_by_4_0_component_partial,not_downloaded
open_sora::yOJMG_fkDo0_21_0to145,AIGVDBench,yOJMG_fkDo0_21_0to145,aigvdbench:yOJMG_fkDo0_21_0to145,train,train,1,Open-Sora,text_to_video,yOJMG_fkDo0_21_0to145.mp4,f0e96e1ca8f471b02ae46e6b92cd146598e8178067f17a7e4824e5cd5665c4d8,021ca7d2daf6deeecb7021795c8884e0b3c68b69fff761c618b414521db71782,AIGVDBench/OpenSource/T2V/Open-Sora.zip,videos/yOJMG_fkDo0_21_0to145.mp4,45156,45999,dataset_cc_by_4_0_component_partial,not_downloaded
real::Ot32XbvdOL8_15_0to166,AIGVDBench,Ot32XbvdOL8_15_0to166,aigvdbench:Ot32XbvdOL8_15_0to166,train,train,0,,real_video,Ot32XbvdOL8_15_0to166.mp4,bb3b679b2360c99cd08bef2db42c71ccff26f365374f97d7ec071665e22c3db3,021e1d26ea4468c560e84a2c3a89ed73dbde8028e046789da166c4eaba5ad340,AIGVDBench/Real/Real.zip,videos/Ot32XbvdOL8_15_0to166.mp4,4678182,4678539,dataset_cc_by_4_0_component_partial,not_downloaded
open_sora::Ot32XbvdOL8_15_0to166,AIGVDBench,Ot32XbvdOL8_15_0to166,aigvdbench:Ot32XbvdOL8_15_0to166,train,train,1,Open-Sora,text_to_video,Ot32XbvdOL8_15_0to166.mp4,bb3b679b2360c99cd08bef2db42c71ccff26f365374f97d7ec071665e22c3db3,021e1d26ea4468c560e84a2c3a89ed73dbde8028e046789da166c4eaba5ad340,AIGVDBench/OpenSource/T2V/Open-Sora.zip,videos/Ot32XbvdOL8_15_0to166.mp4,70207,70921,dataset_cc_by_4_0_component_partial,not_downloaded
real::L0Hv_QCdJys_21_0to114,AIGVDBench,L0Hv_QCdJys_21_0to114,aigvdbench:L0Hv_QCdJys_21_0to114,train,train,0,,real_video,L0Hv_QCdJys_21_0to114.mp4,715fe114b5023d54bedcd806abe15b6d820e74671f7f07a174d575527c5be66f,022060d2a27d811de325ea15a6bff44207bd14b4a1a73f1bc15bd5a6407f2363,AIGVDBench/Real/Real.zip,videos/L0Hv_QCdJys_21_0to114.mp4,4050231,4050300,dataset_cc_by_4_0_component_partial,not_downloaded
open_sora::L0Hv_QCdJys_21_0to114,AIGVDBench,L0Hv_QCdJys_21_0to114,aigvdbench:L0Hv_QCdJys_21_0to114,train,train,1,Open-Sora,text_to_video,L0Hv_QCdJys_21_0to114.mp4,715fe114b5023d54bedcd806abe15b6d820e74671f7f07a174d575527c5be66f,022060d2a27d811de325ea15a6bff44207bd14b4a1a73f1bc15bd5a6407f2363,AIGVDBench/OpenSource/T2V/Open-Sora.zip,videos/L0Hv_QCdJys_21_0to114.mp4,97033,97730,dataset_cc_by_4_0_component_partial,not_downloaded
real::4ceHlXNuJ6E_3_0to122,AIGVDBench,4ceHlXNuJ6E_3_0to122,aigvdbench:4ceHlXNuJ6E_3_0to122,train,train,0,,real_video,4ceHlXNuJ6E_3_0to122.mp4,051401cb7ec0116061c65857a6c55614a5ee1710f6e712fcf577fbecf112454c,022966c9f6e929e4aa0d8d703ab08cd3d6df8e24bd889a3e24d8d24bd6c66e38,AIGVDBench/Real/Real.zip,videos/4ceHlXNuJ6E_3_0to122.mp4,3120531,3121412,dataset_cc_by_4_0_component_partial,not_downloaded
open_sora::4ceHlXNuJ6E_3_0to122,AIGVDBench,4ceHlXNuJ6E_3_0to122,aigvdbench:4ceHlXNuJ6E_3_0to122,train,train,1,Open-Sora,text_to_video,4ceHlXNuJ6E_3_0to122.mp4,051401cb7ec0116061c65857a6c55614a5ee1710f6e712fcf577fbecf112454c,022966c9f6e929e4aa0d8d703ab08cd3d6df8e24bd889a3e24d8d24bd6c66e38,AIGVDBench/OpenSource/T2V/Open-Sora.zip,videos/4ceHlXNuJ6E_3_0to122.mp4,21819,22813,dataset_cc_by_4_0_component_partial,not_downloaded
real::MPEKigHLjaM_38_0to126,AIGVDBench,MPEKigHLjaM_38_0to126,aigvdbench:MPEKigHLjaM_38_0to126,train,train,0,,real_video,MPEKigHLjaM_38_0to126.mp4,4ab2aee4bf7d3e58c14d980d073d5b3693e31038d77f0e7177ec1c64cac45340,022b72a795138b205902f102477055af88fe7221fb62b512dc9fb60060d05b14,AIGVDBench/Real/Real.zip,videos/MPEKigHLjaM_38_0to126.mp4,853690,854563,dataset_cc_by_4_0_component_partial,not_downloaded
open_sora::MPEKigHLjaM_38_0to126,AIGVDBench,MPEKigHLjaM_38_0to126,aigvdbench:MPEKigHLjaM_38_0to126,train,train,1,Open-Sora,text_to_video,MPEKigHLjaM_38_0to126.mp4,4ab2aee4bf7d3e58c14d980d073d5b3693e31038d77f0e7177ec1c64cac45340,022b72a795138b205902f102477055af88fe7221fb62b512dc9fb60060d05b14,AIGVDBench/OpenSource/T2V/Open-Sora.zip,videos/MPEKigHLjaM_38_0to126.mp4,37343,38160,dataset_cc_by_4_0_component_partial,not_downloaded
real::6GuUbIL8RVM_11_19to269,AIGVDBench,6GuUbIL8RVM_11_19to269,aigvdbench:6GuUbIL8RVM_11_19to269,train,train,0,,real_video,6GuUbIL8RVM_11_19to269.mp4,2bb6722dcc961ba299ebd93555588c5055b075da0110b86c20422e960e82295b,0234777add816fc2dc3231c1b96c6803bb733165c337d7e90d51543be9ac23f0,AIGVDBench/Real/Real.zip,videos/6GuUbIL8RVM_11_19to269.mp4,2580039,2580855,dataset_cc_by_4_0_component_partial,not_downloaded
open_sora::6GuUbIL8RVM_11_19to269,AIGVDBench,6GuUbIL8RVM_11_19to269,aigvdbench:6GuUbIL8RVM_11_19to269,train,train,1,Open-Sora,text_to_video,6GuUbIL8RVM_11_19to269.mp4,2bb6722dcc961ba299ebd93555588c5055b075da0110b86c20422e960e82295b,0234777add816fc2dc3231c1b96c6803bb733165c337d7e90d51543be9ac23f0,AIGVDBench/OpenSource/T2V/Open-Sora.zip,videos/6GuUbIL8RVM_11_19to269.mp4,28653,29640,dataset_cc_by_4_0_component_partial,not_downloaded
real::VVj2rFRYmG4_13_88to197,AIGVDBench,VVj2rFRYmG4_13_88to197,aigvdbench:VVj2rFRYmG4_13_88to197,train,train,0,,real_video,VVj2rFRYmG4_13_88to197.mp4,5797856fb50148ca2373dc8253ac674ff65ec3d597b3930885a5b308b7e78618,0235fa554e8dae503b4830c4198d04643822a9dea0569998ad208f03bc265a51,AIGVDBench/Real/Real.zip,videos/VVj2rFRYmG4_13_88to197.mp4,2066561,2066859,dataset_cc_by_4_0_component_partial,not_downloaded
open_sora::VVj2rFRYmG4_13_88to197,AIGVDBench,VVj2rFRYmG4_13_88to197,aigvdbench:VVj2rFRYmG4_13_88to197,train,train,1,Open-Sora,text_to_video,VVj2rFRYmG4_13_88to197.mp4,5797856fb50148ca2373dc8253ac674ff65ec3d597b3930885a5b308b7e78618,0235fa554e8dae503b4830c4198d04643822a9dea0569998ad208f03bc265a51,AIGVDBench/OpenSource/T2V/Open-Sora.zip,videos/VVj2rFRYmG4_13_88to197.mp4,52731,53510,dataset_cc_by_4_0_component_partial,not_downloaded
real::GqEDVfQ8lIM_51_237to381,AIGVDBench,GqEDVfQ8lIM_51_237to381,aigvdbench:GqEDVfQ8lIM_51_237to381,train,train,0,,real_video,GqEDVfQ8lIM_51_237to381.mp4,712f6f61b5d4adb130589755e0c5752651bd69569ce08bb22bc4b196fac3acb8,02366db900428a17069bb7c9af99263d003fcb667cebd8ca7b20c26643a85d6c,AIGVDBench/Real/Real.zip,videos/GqEDVfQ8lIM_51_237to381.mp4,1762007,1762836,dataset_cc_by_4_0_component_partial,not_downloaded
open_sora::GqEDVfQ8lIM_51_237to381,AIGVDBench,GqEDVfQ8lIM_51_237to381,aigvdbench:GqEDVfQ8lIM_51_237to381,train,train,1,Open-Sora,text_to_video,GqEDVfQ8lIM_51_237to381.mp4,712f6f61b5d4adb130589755e0c5752651bd69569ce08bb22bc4b196fac3acb8,02366db900428a17069bb7c9af99263d003fcb667cebd8ca7b20c26643a85d6c,AIGVDBench/OpenSource/T2V/Open-Sora.zip,videos/GqEDVfQ8lIM_51_237to381.mp4,62156,62855,dataset_cc_by_4_0_component_partial,not_downloaded
real::2pKgYZOS8Os_1_21to559,AIGVDBench,2pKgYZOS8Os_1_21to559,aigvdbench:2pKgYZOS8Os_1_21to559,train,train,0,,real_video,2pKgYZOS8Os_1_21to559.mp4,3ff577f1beceddd5e9faf1b1869dde726476da2ea7ef77c0510b89d3d46830a3,023be68321f9e31f9951d59e5873dc631a4fca2718eb72bf9511a32c188d7166,AIGVDBench/Real/Real.zip,videos/2pKgYZOS8Os_1_21to559.mp4,3571722,3575795,dataset_cc_by_4_0_component_partial,not_downloaded
open_sora::2pKgYZOS8Os_1_21to559,AIGVDBench,2pKgYZOS8Os_1_21to559,aigvdbench:2pKgYZOS8Os_1_21to559,train,train,1,Open-Sora,text_to_video,2pKgYZOS8Os_1_21to559.mp4,3ff577f1beceddd5e9faf1b1869dde726476da2ea7ef77c0510b89d3d46830a3,023be68321f9e31f9951d59e5873dc631a4fca2718eb72bf9511a32c188d7166,AIGVDBench/OpenSource/T2V/Open-Sora.zip,videos/2pKgYZOS8Os_1_21to559.mp4,89387,90135,dataset_cc_by_4_0_component_partial,not_downloaded
real::2ghuQypZEMU_14_34to383,AIGVDBench,2ghuQypZEMU_14_34to383,aigvdbench:2ghuQypZEMU_14_34to383,train,train,0,,real_video,2ghuQypZEMU_14_34to383.mp4,942b97dae885ad1b917fcee552b9b0f0da75f630fa03a91d965c4b6ee915598b,0244978fe122b353602431b33003af7165f5e37f422d4ca7ce03e3a80545a702,AIGVDBench/Real/Real.zip,videos/2ghuQypZEMU_14_34to383.mp4,3811182,3812492,dataset_cc_by_4_0_component_partial,not_downloaded
open_sora::2ghuQypZEMU_14_34to383,AIGVDBench,2ghuQypZEMU_14_34to383,aigvdbench:2ghuQypZEMU_14_34to383,train,train,1,Open-Sora,text_to_video,2ghuQypZEMU_14_34to383.mp4,942b97dae885ad1b917fcee552b9b0f0da75f630fa03a91d965c4b6ee915598b,0244978fe122b353602431b33003af7165f5e37f422d4ca7ce03e3a80545a702,AIGVDBench/OpenSource/T2V/Open-Sora.zip,videos/2ghuQypZEMU_14_34to383.mp4,68879,69669,dataset_cc_by_4_0_component_partial,not_downloaded
real::pYp81LS_O0Q_33_0to295,AIGVDBench,pYp81LS_O0Q_33_0to295,aigvdbench:pYp81LS_O0Q_33_0to295,train,train,0,,real_video,pYp81LS_O0Q_33_0to295.mp4,f2dd8acc1b855991b087d66609a85fb52b131f062607866b4395fd13fcb732ba,02479ef78aa68f33c2cad8f32bcb6db1de3cd7e4d07804cb0128a74095cc3a6a,AIGVDBench/Real/Real.zip,videos/pYp81LS_O0Q_33_0to295.mp4,4667652,4668096,dataset_cc_by_4_0_component_partial,not_downloaded
open_sora::pYp81LS_O0Q_33_0to295,AIGVDBench,pYp81LS_O0Q_33_0to295,aigvdbench:pYp81LS_O0Q_33_0to295,train,train,1,Open-Sora,text_to_video,pYp81LS_O0Q_33_0to295.mp4,f2dd8acc1b855991b087d66609a85fb52b131f062607866b4395fd13fcb732ba,02479ef78aa68f33c2cad8f32bcb6db1de3cd7e4d07804cb0128a74095cc3a6a,AIGVDBench/OpenSource/T2V/Open-Sora.zip,videos/pYp81LS_O0Q_33_0to295.mp4,40963,41766,dataset_cc_by_4_0_component_partial,not_downloaded
real::ZmAuHYg5EG0_28_0to343,AIGVDBench,ZmAuHYg5EG0_28_0to343,aigvdbench:ZmAuHYg5EG0_28_0to343,train,train,0,,real_video,ZmAuHYg5EG0_28_0to343.mp4,653109a93ef12bd377ccdd9f42c6c17aac38368fe8abd2d3eca71f556a3e044b,024d11c819920d6b2395d74689d26a971dde8ce18753c2c4f7e10f5dadf1a968,AIGVDBench/Real/Real.zip,videos/ZmAuHYg5EG0_28_0to343.mp4,4644377,4645325,dataset_cc_by_4_0_component_partial,not_downloaded
open_sora::ZmAuHYg5EG0_28_0to343,AIGVDBench,ZmAuHYg5EG0_28_0to343,aigvdbench:ZmAuHYg5EG0_28_0to343,train,train,1,Open-Sora,text_to_video,ZmAuHYg5EG0_28_0to343.mp4,653109a93ef12bd377ccdd9f42c6c17aac38368fe8abd2d3eca71f556a3e044b,024d11c819920d6b2395d74689d26a971dde8ce18753c2c4f7e10f5dadf1a968,AIGVDBench/OpenSource/T2V/Open-Sora.zip,videos/ZmAuHYg5EG0_28_0to343.mp4,26351,27287,dataset_cc_by_4_0_component_partial,not_downloaded
real::MZQw-TcAX4Q_16_95to231,AIGVDBench,MZQw-TcAX4Q_16_95to231,aigvdbench:MZQw-TcAX4Q_16_95to231,train,train,0,,real_video,MZQw-TcAX4Q_16_95to231.mp4,3317dbbb20bff034812341db5cb48bc0fe1dd43f3436c06a7ba5eb12aa715769,0252c24ba81d9910f603e50b53cb6e6f3f86ae898b38cb8da86360cc2bc26aaf,AIGVDBench/Real/Real.zip,videos/MZQw-TcAX4Q_16_95to231.mp4,2122753,2123519,dataset_cc_by_4_0_component_partial,not_downloaded
open_sora::MZQw-TcAX4Q_16_95to231,AIGVDBench,MZQw-TcAX4Q_16_95to231,aigvdbench:MZQw-TcAX4Q_16_95to231,train,train,1,Open-Sora,text_to_video,MZQw-TcAX4Q_16_95to231.mp4,3317dbbb20bff034812341db5cb48bc0fe1dd43f3436c06a7ba5eb12aa715769,0252c24ba81d9910f603e50b53cb6e6f3f86ae898b38cb8da86360cc2bc26aaf,AIGVDBench/OpenSource/T2V/Open-Sora.zip,videos/MZQw-TcAX4Q_16_95to231.mp4,58743,59466,dataset_cc_by_4_0_component_partial,not_downloaded
real::VW-NXFTWPA8_19_0to261,AIGVDBench,VW-NXFTWPA8_19_0to261,aigvdbench:VW-NXFTWPA8_19_0to261,train,train,0,,real_video,VW-NXFTWPA8_19_0to261.mp4,d8a36da7e2190285505bc253b24de5dc619827a6586f8a7acea55cf9b1462834,02562e87e8a9048ca97d50e526ee7c48f25e87f0511b9d6ba37a834bff4ab247,AIGVDBench/Real/Real.zip,videos/VW-NXFTWPA8_19_0to261.mp4,3383817,3385813,dataset_cc_by_4_0_component_partial,not_downloaded
open_sora::VW-NXFTWPA8_19_0to261,AIGVDBench,VW-NXFTWPA8_19_0to261,aigvdbench:VW-NXFTWPA8_19_0to261,train,train,1,Open-Sora,text_to_video,VW-NXFTWPA8_19_0to261.mp4,d8a36da7e2190285505bc253b24de5dc619827a6586f8a7acea55cf9b1462834,02562e87e8a9048ca97d50e526ee7c48f25e87f0511b9d6ba37a834bff4ab247,AIGVDBench/OpenSource/T2V/Open-Sora.zip,videos/VW-NXFTWPA8_19_0to261.mp4,53263,54045,dataset_cc_by_4_0_component_partial,not_downloaded
real::4kfC0xu---s_10_0to190,AIGVDBench,4kfC0xu---s_10_0to190,aigvdbench:4kfC0xu---s_10_0to190,train,train,0,,real_video,4kfC0xu---s_10_0to190.mp4,ebce9b058b08b1a86f66902175276d055c38c1e73f93314f9138ccc25eac7ad6,025e3d69aa9768383f05af8d0479155b52c4119d586208fef032e953ede01249,AIGVDBench/Real/Real.zip,videos/4kfC0xu---s_10_0to190.mp4,5610505,5611409,dataset_cc_by_4_0_component_partial,not_downloaded
open_sora::4kfC0xu---s_10_0to190,AIGVDBench,4kfC0xu---s_10_0to190,aigvdbench:4kfC0xu---s_10_0to190,train,train,1,Open-Sora,text_to_video,4kfC0xu---s_10_0to190.mp4,ebce9b058b08b1a86f66902175276d055c38c1e73f93314f9138ccc25eac7ad6,025e3d69aa9768383f05af8d0479155b52c4119d586208fef032e953ede01249,AIGVDBench/OpenSource/T2V/Open-Sora.zip,videos/4kfC0xu---s_10_0to190.mp4,58151,58903,dataset_cc_by_4_0_component_partial,not_downloaded
real::B8YGMGaOUAM_69_0to186,AIGVDBench,B8YGMGaOUAM_69_0to186,aigvdbench:B8YGMGaOUAM_69_0to186,train,train,0,,real_video,B8YGMGaOUAM_69_0to186.mp4,fad889a1cbb06ebc47c4816230c0a376dd6ab6f749632eabf85f56bd86be605c,025fafb6abade7a20bb9cbc0e90696c30db271abfa658267e432685aa19633c8,AIGVDBench/Real/Real.zip,videos/B8YGMGaOUAM_69_0to186.mp4,2830144,2831014,dataset_cc_by_4_0_component_partial,not_downloaded
open_sora::B8YGMGaOUAM_69_0to186,AIGVDBench,B8YGMGaOUAM_69_0to186,aigvdbench:B8YGMGaOUAM_69_0to186,train,train,1,Open-Sora,text_to_video,B8YGMGaOUAM_69_0to186.mp4,fad889a1cbb06ebc47c4816230c0a376dd6ab6f749632eabf85f56bd86be605c,025fafb6abade7a20bb9cbc0e90696c30db271abfa658267e432685aa19633c8,AIGVDBench/OpenSource/T2V/Open-Sora.zip,videos/B8YGMGaOUAM_69_0to186.mp4,51387,52250,dataset_cc_by_4_0_component_partial,not_downloaded
real::uIwBXtxxePw_47_162to288,AIGVDBench,uIwBXtxxePw_47_162to288,aigvdbench:uIwBXtxxePw_47_162to288,train,train,0,,real_video,uIwBXtxxePw_47_162to288.mp4,3ea5395a72d7fdae43f9968ee973a2d6e5589ad238598074140607d2f094fe8e,02627009a65bc43dbb0b7bf649d769f77213b83a608aae7a69219d0cb628665b,AIGVDBench/Real/Real.zip,videos/uIwBXtxxePw_47_162to288.mp4,2882442,2883248,dataset_cc_by_4_0_component_partial,not_downloaded
open_sora::uIwBXtxxePw_47_162to288,AIGVDBench,uIwBXtxxePw_47_162to288,aigvdbench:uIwBXtxxePw_47_162to288,train,train,1,Open-Sora,text_to_video,uIwBXtxxePw_47_162to288.mp4,3ea5395a72d7fdae43f9968ee973a2d6e5589ad238598074140607d2f094fe8e,02627009a65bc43dbb0b7bf649d769f77213b83a608aae7a69219d0cb628665b,AIGVDBench/OpenSource/T2V/Open-Sora.zip,videos/uIwBXtxxePw_47_162to288.mp4,38188,39096,dataset_cc_by_4_0_component_partial,not_downloaded
real::30Ub3hf0VUw_12_0to629,AIGVDBench,30Ub3hf0VUw_12_0to629,aigvdbench:30Ub3hf0VUw_12_0to629,train,train,0,,real_video,30Ub3hf0VUw_12_0to629.mp4,f323b3b5595ba4071db34b0c5ff93ef14f2d446f80df8fd5fe0572e53862cce6,026478c3e20599ec99d3aa7cc03ff7e373c1ebd068d2aa1f48896498728cac22,AIGVDBench/Real/Real.zip,videos/30Ub3hf0VUw_12_0to629.mp4,6550496,6553829,dataset_cc_by_4_0_component_partial,not_downloaded
open_sora::30Ub3hf0VUw_12_0to629,AIGVDBench,30Ub3hf0VUw_12_0to629,aigvdbench:30Ub3hf0VUw_12_0to629,train,train,1,Open-Sora,text_to_video,30Ub3hf0VUw_12_0to629.mp4,f323b3b5595ba4071db34b0c5ff93ef14f2d446f80df8fd5fe0572e53862cce6,026478c3e20599ec99d3aa7cc03ff7e373c1ebd068d2aa1f48896498728cac22,AIGVDBench/OpenSource/T2V/Open-Sora.zip,videos/30Ub3hf0VUw_12_0to629.mp4,50079,50919,dataset_cc_by_4_0_component_partial,not_downloaded
real::b1BYr5vTvho_13_0to109,AIGVDBench,b1BYr5vTvho_13_0to109,aigvdbench:b1BYr5vTvho_13_0to109,train,train,0,,real_video,b1BYr5vTvho_13_0to109.mp4,d849846974f101255946aa5eb63910128555c79e049fe1d89670b94115967689,0265ff8c31f4c8ac1b26a4201cba969de5debc603e876bfa7547f8fcd8b4676f,AIGVDBench/Real/Real.zip,videos/b1BYr5vTvho_13_0to109.mp4,2150435,2151094,dataset_cc_by_4_0_component_partial,not_downloaded
open_sora::b1BYr5vTvho_13_0to109,AIGVDBench,b1BYr5vTvho_13_0to109,aigvdbench:b1BYr5vTvho_13_0to109,train,train,1,Open-Sora,text_to_video,b1BYr5vTvho_13_0to109.mp4,d849846974f101255946aa5eb63910128555c79e049fe1d89670b94115967689,0265ff8c31f4c8ac1b26a4201cba969de5debc603e876bfa7547f8fcd8b4676f,AIGVDBench/OpenSource/T2V/Open-Sora.zip,videos/b1BYr5vTvho_13_0to109.mp4,53907,54708,dataset_cc_by_4_0_component_partial,not_downloaded
real::H_2h6gChu88_4_0to111,AIGVDBench,H_2h6gChu88_4_0to111,aigvdbench:H_2h6gChu88_4_0to111,train,train,0,,real_video,H_2h6gChu88_4_0to111.mp4,7eb755ec9b0d42718b0b29b8cbf626640f0eecba046c4674a04d25e5c017cf03,0266f53fb0b0c0828ea526327947b8589caf9d9c864745f95602225598a20031,AIGVDBench/Real/Real.zip,videos/H_2h6gChu88_4_0to111.mp4,3464689,3464993,dataset_cc_by_4_0_component_partial,not_downloaded
open_sora::H_2h6gChu88_4_0to111,AIGVDBench,H_2h6gChu88_4_0to111,aigvdbench:H_2h6gChu88_4_0to111,train,train,1,Open-Sora,text_to_video,H_2h6gChu88_4_0to111.mp4,7eb755ec9b0d42718b0b29b8cbf626640f0eecba046c4674a04d25e5c017cf03,0266f53fb0b0c0828ea526327947b8589caf9d9c864745f95602225598a20031,AIGVDBench/OpenSource/T2V/Open-Sora.zip,videos/H_2h6gChu88_4_0to111.mp4,52027,52892,dataset_cc_by_4_0_component_partial,not_downloaded
real::d-DpJdkLzx0_1_76to214,AIGVDBench,d-DpJdkLzx0_1_76to214,aigvdbench:d-DpJdkLzx0_1_76to214,train,train,0,,real_video,d-DpJdkLzx0_1_76to214.mp4,eda69907428b0332c72fc044271c7c485cbd3d1774566a11d2a02b039db14c53,026b79f334d2f419e3faa136d8175ab433ab589903999612125bb986361b53e0,AIGVDBench/Real/Real.zip,videos/d-DpJdkLzx0_1_76to214.mp4,1827290,1828138,dataset_cc_by_4_0_component_partial,not_downloaded
open_sora::d-DpJdkLzx0_1_76to214,AIGVDBench,d-DpJdkLzx0_1_76to214,aigvdbench:d-DpJdkLzx0_1_76to214,train,train,1,Open-Sora,text_to_video,d-DpJdkLzx0_1_76to214.mp4,eda69907428b0332c72fc044271c7c485cbd3d1774566a11d2a02b039db14c53,026b79f334d2f419e3faa136d8175ab433ab589903999612125bb986361b53e0,AIGVDBench/OpenSource/T2V/Open-Sora.zip,videos/d-DpJdkLzx0_1_76to214.mp4,45330,46172,dataset_cc_by_4_0_component_partial,not_downloaded
real::aqaBeGdz-yI_3_0to225,AIGVDBench,aqaBeGdz-yI_3_0to225,aigvdbench:aqaBeGdz-yI_3_0to225,train,train,0,,real_video,aqaBeGdz-yI_3_0to225.mp4,51b422a19748752daa6d45b897256e39d254f49a477fb628092b11990ff8e296,026bc6f8fa9cc9382721dd3d5b04a0373fa2a1807370b016d82c8da6d70e30d5,AIGVDBench/Real/Real.zip,videos/aqaBeGdz-yI_3_0to225.mp4,1925623,1927420,dataset_cc_by_4_0_component_partial,not_downloaded
open_sora::aqaBeGdz-yI_3_0to225,AIGVDBench,aqaBeGdz-yI_3_0to225,aigvdbench:aqaBeGdz-yI_3_0to225,train,train,1,Open-Sora,text_to_video,aqaBeGdz-yI_3_0to225.mp4,51b422a19748752daa6d45b897256e39d254f49a477fb628092b11990ff8e296,026bc6f8fa9cc9382721dd3d5b04a0373fa2a1807370b016d82c8da6d70e30d5,AIGVDBench/OpenSource/T2V/Open-Sora.zip,videos/aqaBeGdz-yI_3_0to225.mp4,43829,44692,dataset_cc_by_4_0_component_partial,not_downloaded
real::4yFGFzopMLo_5_185to361,AIGVDBench,4yFGFzopMLo_5_185to361,aigvdbench:4yFGFzopMLo_5_185to361,train,train,0,,real_video,4yFGFzopMLo_5_185to361.mp4,6253744c62fc05fe8f181ddd8974b240b76927bf7102b07fdd448d5e6f703671,02731ca9fd7f1f85b20c8b3104ca5d56f796b9e477a797f803c0bcbf4323a858,AIGVDBench/Real/Real.zip,videos/4yFGFzopMLo_5_185to361.mp4,2626931,2627518,dataset_cc_by_4_0_component_partial,not_downloaded
open_sora::4yFGFzopMLo_5_185to361,AIGVDBench,4yFGFzopMLo_5_185to361,aigvdbench:4yFGFzopMLo_5_185to361,train,train,1,Open-Sora,text_to_video,4yFGFzopMLo_5_185to361.mp4,6253744c62fc05fe8f181ddd8974b240b76927bf7102b07fdd448d5e6f703671,02731ca9fd7f1f85b20c8b3104ca5d56f796b9e477a797f803c0bcbf4323a858,AIGVDBench/OpenSource/T2V/Open-Sora.zip,videos/4yFGFzopMLo_5_185to361.mp4,62127,62821,dataset_cc_by_4_0_component_partial,not_downloaded
real::5nPHMLahBcs_19_0to139,AIGVDBench,5nPHMLahBcs_19_0to139,aigvdbench:5nPHMLahBcs_19_0to139,train,train,0,,real_video,5nPHMLahBcs_19_0to139.mp4,926112adcec8a0bda0074a79d092d6a1651c6202c268ba47d0b45c618a8cda5c,027a3469b00955e6aa92b20336dc57be8d23a86cdc2e03975922f0e3c315f5ee,AIGVDBench/Real/Real.zip,videos/5nPHMLahBcs_19_0to139.mp4,2397862,2398268,dataset_cc_by_4_0_component_partial,not_downloaded
open_sora::5nPHMLahBcs_19_0to139,AIGVDBench,5nPHMLahBcs_19_0to139,aigvdbench:5nPHMLahBcs_19_0to139,train,train,1,Open-Sora,text_to_video,5nPHMLahBcs_19_0to139.mp4,926112adcec8a0bda0074a79d092d6a1651c6202c268ba47d0b45c618a8cda5c,027a3469b00955e6aa92b20336dc57be8d23a86cdc2e03975922f0e3c315f5ee,AIGVDBench/OpenSource/T2V/Open-Sora.zip,videos/5nPHMLahBcs_19_0to139.mp4,36978,37813,dataset_cc_by_4_0_component_partial,not_downloaded
real::DpxSVWnlH0o_34_22to439,AIGVDBench,DpxSVWnlH0o_34_22to439,aigvdbench:DpxSVWnlH0o_34_22to439,train,train,0,,real_video,DpxSVWnlH0o_34_22to439.mp4,a6fefe5341d705e39d95093a9995e9badd4a503c0bbaeea2c72a650b5a04e302,027c2a92f0cb2d64d6f25ef96c717db7f0a8f9825fd83e992de2dc93244c98ff,AIGVDBench/Real/Real.zip,videos/DpxSVWnlH0o_34_22to439.mp4,6988557,6989163,dataset_cc_by_4_0_component_partial,not_downloaded
open_sora::DpxSVWnlH0o_34_22to439,AIGVDBench,DpxSVWnlH0o_34_22to439,aigvdbench:DpxSVWnlH0o_34_22to439,train,train,1,Open-Sora,text_to_video,DpxSVWnlH0o_34_22to439.mp4,a6fefe5341d705e39d95093a9995e9badd4a503c0bbaeea2c72a650b5a04e302,027c2a92f0cb2d64d6f25ef96c717db7f0a8f9825fd83e992de2dc93244c98ff,AIGVDBench/OpenSource/T2V/Open-Sora.zip,videos/DpxSVWnlH0o_34_22to439.mp4,63692,64470,dataset_cc_by_4_0_component_partial,not_downloaded
real::77v7cMXDAoo_5_0to131,AIGVDBench,77v7cMXDAoo_5_0to131,aigvdbench:77v7cMXDAoo_5_0to131,train,train,0,,real_video,77v7cMXDAoo_5_0to131.mp4,f3486cc8c536a0a6a5fa6e45d1832495bbec0b16e12e4240900d6a37110cb9b1,027e1400c8de0ff782e7b2e0c5c4e9eb3de7928393a24a94acf1717de09fefe2,AIGVDBench/Real/Real.zip,videos/77v7cMXDAoo_5_0to131.mp4,1953411,1954291,dataset_cc_by_4_0_component_partial,not_downloaded
open_sora::77v7cMXDAoo_5_0to131,AIGVDBench,77v7cMXDAoo_5_0to131,aigvdbench:77v7cMXDAoo_5_0to131,train,train,1,Open-Sora,text_to_video,77v7cMXDAoo_5_0to131.mp4,f3486cc8c536a0a6a5fa6e45d1832495bbec0b16e12e4240900d6a37110cb9b1,027e1400c8de0ff782e7b2e0c5c4e9eb3de7928393a24a94acf1717de09fefe2,AIGVDBench/OpenSource/T2V/Open-Sora.zip,videos/77v7cMXDAoo_5_0to131.mp4,67134,67940,dataset_cc_by_4_0_component_partial,not_downloaded
real::97onxOBIFE4_158_37to216,AIGVDBench,97onxOBIFE4_158_37to216,aigvdbench:97onxOBIFE4_158_37to216,train,train,0,,real_video,97onxOBIFE4_158_37to216.mp4,c6ee5c7602f9d795b6a84aead0423eb857afaef476ae7a6b976333c13755aa2a,0281af5a6884b924cb73a5f2f0f134ef03aca427f6ca7b8a1d3ea7fe3eeb25f7,AIGVDBench/Real/Real.zip,videos/97onxOBIFE4_158_37to216.mp4,3608391,3608743,dataset_cc_by_4_0_component_partial,not_downloaded
open_sora::97onxOBIFE4_158_37to216,AIGVDBench,97onxOBIFE4_158_37to216,aigvdbench:97onxOBIFE4_158_37to216,train,train,1,Open-Sora,text_to_video,97onxOBIFE4_158_37to216.mp4,c6ee5c7602f9d795b6a84aead0423eb857afaef476ae7a6b976333c13755aa2a,0281af5a6884b924cb73a5f2f0f134ef03aca427f6ca7b8a1d3ea7fe3eeb25f7,AIGVDBench/OpenSource/T2V/Open-Sora.zip,videos/97onxOBIFE4_158_37to216.mp4,52495,53298,dataset_cc_by_4_0_component_partial,not_downloaded
real::FDPBk67FO0U_27_18to123,AIGVDBench,FDPBk67FO0U_27_18to123,aigvdbench:FDPBk67FO0U_27_18to123,train,train,0,,real_video,FDPBk67FO0U_27_18to123.mp4,528976cc2834efd36493e46dd70fb1cbbe6c8606fc970cdd462a2dec6b9db74d,0284604ba48c27685e13286e6717cc587ed72af78db3f976e1dfb08f38d1a289,AIGVDBench/Real/Real.zip,videos/FDPBk67FO0U_27_18to123.mp4,1218845,1219261,dataset_cc_by_4_0_component_partial,not_downloaded
open_sora::FDPBk67FO0U_27_18to123,AIGVDBench,FDPBk67FO0U_27_18to123,aigvdbench:FDPBk67FO0U_27_18to123,train,train,1,Open-Sora,text_to_video,FDPBk67FO0U_27_18to123.mp4,528976cc2834efd36493e46dd70fb1cbbe6c8606fc970cdd462a2dec6b9db74d,0284604ba48c27685e13286e6717cc587ed72af78db3f976e1dfb08f38d1a289,AIGVDBench/OpenSource/T2V/Open-Sora.zip,videos/FDPBk67FO0U_27_18to123.mp4,48392,49203,dataset_cc_by_4_0_component_partial,not_downloaded
real::AApWlauaoWw_12_0to102,AIGVDBench,AApWlauaoWw_12_0to102,aigvdbench:AApWlauaoWw_12_0to102,train,train,0,,real_video,AApWlauaoWw_12_0to102.mp4,630c285a89a0376ac38756ce3360a646d88e4560f0aab2fb8822fd64c06bc532,02854f71ba30578245307cd62e350263b727598b372011518c8f6f90657c05f5,AIGVDBench/Real/Real.zip,videos/AApWlauaoWw_12_0to102.mp4,4144033,4144166,dataset_cc_by_4_0_component_partial,not_downloaded
open_sora::AApWlauaoWw_12_0to102,AIGVDBench,AApWlauaoWw_12_0to102,aigvdbench:AApWlauaoWw_12_0to102,train,train,1,Open-Sora,text_to_video,AApWlauaoWw_12_0to102.mp4,630c285a89a0376ac38756ce3360a646d88e4560f0aab2fb8822fd64c06bc532,02854f71ba30578245307cd62e350263b727598b372011518c8f6f90657c05f5,AIGVDBench/OpenSource/T2V/Open-Sora.zip,videos/AApWlauaoWw_12_0to102.mp4,55430,56221,dataset_cc_by_4_0_component_partial,not_downloaded
real::PcvAzZfzFVo_361_574to804,AIGVDBench,PcvAzZfzFVo_361_574to804,aigvdbench:PcvAzZfzFVo_361_574to804,train,train,0,,real_video,PcvAzZfzFVo_361_574to804.mp4,9ea941aaf2443c0915b9cb13c101e1abffcf703740448a2bb530569ea8063d6b,02935444ca3d22e444d48cef1def74cf71271e9f97354881f3d1f59b1341e542,AIGVDBench/Real/Real.zip,videos/PcvAzZfzFVo_361_574to804.mp4,4404443,4404884,dataset_cc_by_4_0_component_partial,not_downloaded
open_sora::PcvAzZfzFVo_361_574to804,AIGVDBench,PcvAzZfzFVo_361_574to804,aigvdbench:PcvAzZfzFVo_361_574to804,train,train,1,Open-Sora,text_to_video,PcvAzZfzFVo_361_574to804.mp4,9ea941aaf2443c0915b9cb13c101e1abffcf703740448a2bb530569ea8063d6b,02935444ca3d22e444d48cef1def74cf71271e9f97354881f3d1f59b1341e542,AIGVDBench/OpenSource/T2V/Open-Sora.zip,videos/PcvAzZfzFVo_361_574to804.mp4,49815,50629,dataset_cc_by_4_0_component_partial,not_downloaded
real::NAauLEZdXfs_32_0to493,AIGVDBench,NAauLEZdXfs_32_0to493,aigvdbench:NAauLEZdXfs_32_0to493,train,train,0,,real_video,NAauLEZdXfs_32_0to493.mp4,f9e6236d15339d6d475925a7518d6cc5473484e38ab9a257bed43755880c38e6,029d4241120781fe6910838aa6ab6eaf2d4a4f2ae356d33388658b41868096c2,AIGVDBench/Real/Real.zip,videos/NAauLEZdXfs_32_0to493.mp4,13981715,13982878,dataset_cc_by_4_0_component_partial,not_downloaded
open_sora::NAauLEZdXfs_32_0to493,AIGVDBench,NAauLEZdXfs_32_0to493,aigvdbench:NAauLEZdXfs_32_0to493,train,train,1,Open-Sora,text_to_video,NAauLEZdXfs_32_0to493.mp4,f9e6236d15339d6d475925a7518d6cc5473484e38ab9a257bed43755880c38e6,029d4241120781fe6910838aa6ab6eaf2d4a4f2ae356d33388658b41868096c2,AIGVDBench/OpenSource/T2V/Open-Sora.zip,videos/NAauLEZdXfs_32_0to493.mp4,51576,52416,dataset_cc_by_4_0_component_partial,not_downloaded
real::v37iwLFOxvc_28_0to168,AIGVDBench,v37iwLFOxvc_28_0to168,aigvdbench:v37iwLFOxvc_28_0to168,train,train,0,,real_video,v37iwLFOxvc_28_0to168.mp4,5e4d3d5442e98ffc64033de62c80b2aefd2f494e18ff01f580e5470e3acd77e6,02a07987e324c4b2ee0f91634ff1dada8f247a889d77c93099c18d7293e2f73f,AIGVDBench/Real/Real.zip,videos/v37iwLFOxvc_28_0to168.mp4,3664535,3664766,dataset_cc_by_4_0_component_partial,not_downloaded
open_sora::v37iwLFOxvc_28_0to168,AIGVDBench,v37iwLFOxvc_28_0to168,aigvdbench:v37iwLFOxvc_28_0to168,train,train,1,Open-Sora,text_to_video,v37iwLFOxvc_28_0to168.mp4,5e4d3d5442e98ffc64033de62c80b2aefd2f494e18ff01f580e5470e3acd77e6,02a07987e324c4b2ee0f91634ff1dada8f247a889d77c93099c18d7293e2f73f,AIGVDBench/OpenSource/T2V/Open-Sora.zip,videos/v37iwLFOxvc_28_0to168.mp4,29287,30212,dataset_cc_by_4_0_component_partial,not_downloaded
real::lYuyr2xMJ04_12_0to125,AIGVDBench,lYuyr2xMJ04_12_0to125,aigvdbench:lYuyr2xMJ04_12_0to125,train,train,0,,real_video,lYuyr2xMJ04_12_0to125.mp4,596083d4b6dae65e26661ab6369be067d3a1459aa952056a162ec979a26bd63d,02a47ccb753f229525bb3371df4c713a763c76ac05e70707ddd415fee2b45d9d,AIGVDBench/Real/Real.zip,videos/lYuyr2xMJ04_12_0to125.mp4,1444193,1444886,dataset_cc_by_4_0_component_partial,not_downloaded
open_sora::lYuyr2xMJ04_12_0to125,AIGVDBench,lYuyr2xMJ04_12_0to125,aigvdbench:lYuyr2xMJ04_12_0to125,train,train,1,Open-Sora,text_to_video,lYuyr2xMJ04_12_0to125.mp4,596083d4b6dae65e26661ab6369be067d3a1459aa952056a162ec979a26bd63d,02a47ccb753f229525bb3371df4c713a763c76ac05e70707ddd415fee2b45d9d,AIGVDBench/OpenSource/T2V/Open-Sora.zip,videos/lYuyr2xMJ04_12_0to125.mp4,20043,21036,dataset_cc_by_4_0_component_partial,not_downloaded
real::yX9NlKdyr-0_45_0to260,AIGVDBench,yX9NlKdyr-0_45_0to260,aigvdbench:yX9NlKdyr-0_45_0to260,train,train,0,,real_video,yX9NlKdyr-0_45_0to260.mp4,ace9b2b3b9c1e0a83772ab75068039a4d1bf62aefbb1b8ee40cf97746967a627,02a71fe548c03802962e26c90466188367780b6d7c943183db99c5cffe9c1fdd,AIGVDBench/Real/Real.zip,videos/yX9NlKdyr-0_45_0to260.mp4,5058176,5058735,dataset_cc_by_4_0_component_partial,not_downloaded
open_sora::yX9NlKdyr-0_45_0to260,AIGVDBench,yX9NlKdyr-0_45_0to260,aigvdbench:yX9NlKdyr-0_45_0to260,train,train,1,Open-Sora,text_to_video,yX9NlKdyr-0_45_0to260.mp4,ace9b2b3b9c1e0a83772ab75068039a4d1bf62aefbb1b8ee40cf97746967a627,02a71fe548c03802962e26c90466188367780b6d7c943183db99c5cffe9c1fdd,AIGVDBench/OpenSource/T2V/Open-Sora.zip,videos/yX9NlKdyr-0_45_0to260.mp4,76429,77160,dataset_cc_by_4_0_component_partial,not_downloaded
real::MBPJEPcf3hE_45_0to373,AIGVDBench,MBPJEPcf3hE_45_0to373,aigvdbench:MBPJEPcf3hE_45_0to373,train,train,0,,real_video,MBPJEPcf3hE_45_0to373.mp4,fc7ed511ba5f85bf0aa5b413dc5ae8906a7bb374782e8e748e6334c32b6a6d7f,02a93cd701837d8ffccac72c1ed8ab00e33b4f26029871eeb5c269ef27229867,AIGVDBench/Real/Real.zip,videos/MBPJEPcf3hE_45_0to373.mp4,5983520,5984364,dataset_cc_by_4_0_component_partial,not_downloaded
open_sora::MBPJEPcf3hE_45_0to373,AIGVDBench,MBPJEPcf3hE_45_0to373,aigvdbench:MBPJEPcf3hE_45_0to373,train,train,1,Open-Sora,text_to_video,MBPJEPcf3hE_45_0to373.mp4,fc7ed511ba5f85bf0aa5b413dc5ae8906a7bb374782e8e748e6334c32b6a6d7f,02a93cd701837d8ffccac72c1ed8ab00e33b4f26029871eeb5c269ef27229867,AIGVDBench/OpenSource/T2V/Open-Sora.zip,videos/MBPJEPcf3hE_45_0to373.mp4,38032,38847,dataset_cc_by_4_0_component_partial,not_downloaded
real::FVJ6BkjVr6k_24_0to249,AIGVDBench,FVJ6BkjVr6k_24_0to249,aigvdbench:FVJ6BkjVr6k_24_0to249,train,train,0,,real_video,FVJ6BkjVr6k_24_0to249.mp4,c162882682b8dd7717a59a68f62f26c30597587cc7f634990e69bc3c62b7a2be,02aeabf7170fdfa296ab1450c474fd1adea5ca5686df4398a5627debcbe0ab82,AIGVDBench/Real/Real.zip,videos/FVJ6BkjVr6k_24_0to249.mp4,5028437,5029143,dataset_cc_by_4_0_component_partial,not_downloaded
open_sora::FVJ6BkjVr6k_24_0to249,AIGVDBench,FVJ6BkjVr6k_24_0to249,aigvdbench:FVJ6BkjVr6k_24_0to249,train,train,1,Open-Sora,text_to_video,FVJ6BkjVr6k_24_0to249.mp4,c162882682b8dd7717a59a68f62f26c30597587cc7f634990e69bc3c62b7a2be,02aeabf7170fdfa296ab1450c474fd1adea5ca5686df4398a5627debcbe0ab82,AIGVDBench/OpenSource/T2V/Open-Sora.zip,videos/FVJ6BkjVr6k_24_0to249.mp4,53575,54380,dataset_cc_by_4_0_component_partial,not_downloaded
real::SUUqUHu4Iz0_5_0to889,AIGVDBench,SUUqUHu4Iz0_5_0to889,aigvdbench:SUUqUHu4Iz0_5_0to889,train,train,0,,real_video,SUUqUHu4Iz0_5_0to889.mp4,0643c43ea029505e7110095a70194dc25c1b967fed6a030cf9208ccd715eefd2,02af69df9dda55005e6ad6603a7c659b5668d54ea5c36c14eceb27514428b68d,AIGVDBench/Real/Real.zip,videos/SUUqUHu4Iz0_5_0to889.mp4,12913733,12916272,dataset_cc_by_4_0_component_partial,not_downloaded
open_sora::SUUqUHu4Iz0_5_0to889,AIGVDBench,SUUqUHu4Iz0_5_0to889,aigvdbench:SUUqUHu4Iz0_5_0to889,train,train,1,Open-Sora,text_to_video,SUUqUHu4Iz0_5_0to889.mp4,0643c43ea029505e7110095a70194dc25c1b967fed6a030cf9208ccd715eefd2,02af69df9dda55005e6ad6603a7c659b5668d54ea5c36c14eceb27514428b68d,AIGVDBench/OpenSource/T2V/Open-Sora.zip,videos/SUUqUHu4Iz0_5_0to889.mp4,59363,60208,dataset_cc_by_4_0_component_partial,not_downloaded
real::Jz5QTrtaHAo_19_0to862,AIGVDBench,Jz5QTrtaHAo_19_0to862,aigvdbench:Jz5QTrtaHAo_19_0to862,train,train,0,,real_video,Jz5QTrtaHAo_19_0to862.mp4,ff6889813f5b9f8724c7a57fd23c5c8df2cd4364cd18813245d93481d459fb6d,02b680e23a1f69d40ac3b8e5ef2816fbdab39338d02afa1f8ee4d091780b68c1,AIGVDBench/Real/Real.zip,videos/Jz5QTrtaHAo_19_0to862.mp4,15346880,15349325,dataset_cc_by_4_0_component_partial,not_downloaded
open_sora::Jz5QTrtaHAo_19_0to862,AIGVDBench,Jz5QTrtaHAo_19_0to862,aigvdbench:Jz5QTrtaHAo_19_0to862,train,train,1,Open-Sora,text_to_video,Jz5QTrtaHAo_19_0to862.mp4,ff6889813f5b9f8724c7a57fd23c5c8df2cd4364cd18813245d93481d459fb6d,02b680e23a1f69d40ac3b8e5ef2816fbdab39338d02afa1f8ee4d091780b68c1,AIGVDBench/OpenSource/T2V/Open-Sora.zip,videos/Jz5QTrtaHAo_19_0to862.mp4,69412,70148,dataset_cc_by_4_0_component_partial,not_downloaded
real::bCL0_LhEK6s_31_16to121,AIGVDBench,bCL0_LhEK6s_31_16to121,aigvdbench:bCL0_LhEK6s_31_16to121,train,train,0,,real_video,bCL0_LhEK6s_31_16to121.mp4,39ee449f1bef509e583a0b9a99f8addc7aebb6eb3fda71c794d6f6ff610b93fe,02b7f6ced696901ef351ed9c0273454671b4575466072b2c39446d3bb79eceb9,AIGVDBench/Real/Real.zip,videos/bCL0_LhEK6s_31_16to121.mp4,1690838,1691188,dataset_cc_by_4_0_component_partial,not_downloaded
open_sora::bCL0_LhEK6s_31_16to121,AIGVDBench,bCL0_LhEK6s_31_16to121,aigvdbench:bCL0_LhEK6s_31_16to121,train,train,1,Open-Sora,text_to_video,bCL0_LhEK6s_31_16to121.mp4,39ee449f1bef509e583a0b9a99f8addc7aebb6eb3fda71c794d6f6ff610b93fe,02b7f6ced696901ef351ed9c0273454671b4575466072b2c39446d3bb79eceb9,AIGVDBench/OpenSource/T2V/Open-Sora.zip,videos/bCL0_LhEK6s_31_16to121.mp4,33960,34894,dataset_cc_by_4_0_component_partial,not_downloaded
real::3HkhewgRzq0_2_0to226,AIGVDBench,3HkhewgRzq0_2_0to226,aigvdbench:3HkhewgRzq0_2_0to226,train,train,0,,real_video,3HkhewgRzq0_2_0to226.mp4,4a98bba5694083211fba9e2e9a348367dd8b6848c637e13c836dec840b75cd02,02bf688a8adbf4277bcfa334c4e7d51ff9903d151b72cde9f04c4d3643d11943,AIGVDBench/Real/Real.zip,videos/3HkhewgRzq0_2_0to226.mp4,6832939,6833150,dataset_cc_by_4_0_component_partial,not_downloaded
open_sora::3HkhewgRzq0_2_0to226,AIGVDBench,3HkhewgRzq0_2_0to226,aigvdbench:3HkhewgRzq0_2_0to226,train,train,1,Open-Sora,text_to_video,3HkhewgRzq0_2_0to226.mp4,4a98bba5694083211fba9e2e9a348367dd8b6848c637e13c836dec840b75cd02,02bf688a8adbf4277bcfa334c4e7d51ff9903d151b72cde9f04c4d3643d11943,AIGVDBench/OpenSource/T2V/Open-Sora.zip,videos/3HkhewgRzq0_2_0to226.mp4,47970,48803,dataset_cc_by_4_0_component_partial,not_downloaded
real::2cDpv_b2zRI_22_0to167,AIGVDBench,2cDpv_b2zRI_22_0to167,aigvdbench:2cDpv_b2zRI_22_0to167,train,train,0,,real_video,2cDpv_b2zRI_22_0to167.mp4,a147947c7a9cbb23c9c00abfce7dabe3b922a7fc21c2ecd754fd7d9f5419d4c8,02c267756c06ca9693197b2062982056f5e31da4579b2b603bc1b9cb9861f25d,AIGVDBench/Real/Real.zip,videos/2cDpv_b2zRI_22_0to167.mp4,2547479,2548026,dataset_cc_by_4_0_component_partial,not_downloaded
open_sora::2cDpv_b2zRI_22_0to167,AIGVDBench,2cDpv_b2zRI_22_0to167,aigvdbench:2cDpv_b2zRI_22_0to167,train,train,1,Open-Sora,text_to_video,2cDpv_b2zRI_22_0to167.mp4,a147947c7a9cbb23c9c00abfce7dabe3b922a7fc21c2ecd754fd7d9f5419d4c8,02c267756c06ca9693197b2062982056f5e31da4579b2b603bc1b9cb9861f25d,AIGVDBench/OpenSource/T2V/Open-Sora.zip,videos/2cDpv_b2zRI_22_0to167.mp4,37502,38317,dataset_cc_by_4_0_component_partial,not_downloaded
real::t2-U8ebk4aA_37_45to159,AIGVDBench,t2-U8ebk4aA_37_45to159,aigvdbench:t2-U8ebk4aA_37_45to159,train,train,0,,real_video,t2-U8ebk4aA_37_45to159.mp4,ef7ae9c6c76244b1afa186cf227579855391354f4c2476dd80284eb3f237688e,02c6cf8ac3f61b6319a1b16ccdc43af089cdb3e63061400798e5c903150dc2f3,AIGVDBench/Real/Real.zip,videos/t2-U8ebk4aA_37_45to159.mp4,1767558,1768024,dataset_cc_by_4_0_component_partial,not_downloaded
open_sora::t2-U8ebk4aA_37_45to159,AIGVDBench,t2-U8ebk4aA_37_45to159,aigvdbench:t2-U8ebk4aA_37_45to159,train,train,1,Open-Sora,text_to_video,t2-U8ebk4aA_37_45to159.mp4,ef7ae9c6c76244b1afa186cf227579855391354f4c2476dd80284eb3f237688e,02c6cf8ac3f61b6319a1b16ccdc43af089cdb3e63061400798e5c903150dc2f3,AIGVDBench/OpenSource/T2V/Open-Sora.zip,videos/t2-U8ebk4aA_37_45to159.mp4,61971,62793,dataset_cc_by_4_0_component_partial,not_downloaded
real::-ilQvzqe0sY_33_0to159,AIGVDBench,-ilQvzqe0sY_33_0to159,aigvdbench:-ilQvzqe0sY_33_0to159,train,train,0,,real_video,-ilQvzqe0sY_33_0to159.mp4,a5f5cd8c285e5f399a9d68007f7fb37cce093ccabac12ebbedc2ff390636854f,02c85a2bdc4b66b0ca3a3321b2da56a85df242fb9c0cf77ae6a2ab5f59aca41c,AIGVDBench/Real/Real.zip,videos/-ilQvzqe0sY_33_0to159.mp4,6006165,6006002,dataset_cc_by_4_0_component_partial,not_downloaded
open_sora::-ilQvzqe0sY_33_0to159,AIGVDBench,-ilQvzqe0sY_33_0to159,aigvdbench:-ilQvzqe0sY_33_0to159,train,train,1,Open-Sora,text_to_video,-ilQvzqe0sY_33_0to159.mp4,a5f5cd8c285e5f399a9d68007f7fb37cce093ccabac12ebbedc2ff390636854f,02c85a2bdc4b66b0ca3a3321b2da56a85df242fb9c0cf77ae6a2ab5f59aca41c,AIGVDBench/OpenSource/T2V/Open-Sora.zip,videos/-ilQvzqe0sY_33_0to159.mp4,103088,103811,dataset_cc_by_4_0_component_partial,not_downloaded
real::RM6jlL-dIs8_2_0to236,AIGVDBench,RM6jlL-dIs8_2_0to236,aigvdbench:RM6jlL-dIs8_2_0to236,train,train,0,,real_video,RM6jlL-dIs8_2_0to236.mp4,427cfaadcf14a754bc4cc71b7bf6ce6fbd5c9edfd438776f77a11e4482362050,02cfa8c1c11b3cde3b3d21bdaee4c8d678912f25ba95026b45bdcb95e42cf054,AIGVDBench/Real/Real.zip,videos/RM6jlL-dIs8_2_0to236.mp4,2663078,2663864,dataset_cc_by_4_0_component_partial,not_downloaded
open_sora::RM6jlL-dIs8_2_0to236,AIGVDBench,RM6jlL-dIs8_2_0to236,aigvdbench:RM6jlL-dIs8_2_0to236,train,train,1,Open-Sora,text_to_video,RM6jlL-dIs8_2_0to236.mp4,427cfaadcf14a754bc4cc71b7bf6ce6fbd5c9edfd438776f77a11e4482362050,02cfa8c1c11b3cde3b3d21bdaee4c8d678912f25ba95026b45bdcb95e42cf054,AIGVDBench/OpenSource/T2V/Open-Sora.zip,videos/RM6jlL-dIs8_2_0to236.mp4,47330,48191,dataset_cc_by_4_0_component_partial,not_downloaded
real::NDSxhgwiGQQ_9_0to127,AIGVDBench,NDSxhgwiGQQ_9_0to127,aigvdbench:NDSxhgwiGQQ_9_0to127,train,train,0,,real_video,NDSxhgwiGQQ_9_0to127.mp4,063766f83fcc1e5fdde554f63c46b0e89f225b293615488cdcbb2d2a8b95d6ab,02d224a9627bab867ac501bd0d84d5ce2fa45fb5bd7af0f0717b3d3d30afcd9a,AIGVDBench/Real/Real.zip,videos/NDSxhgwiGQQ_9_0to127.mp4,1815114,1815954,dataset_cc_by_4_0_component_partial,not_downloaded
open_sora::NDSxhgwiGQQ_9_0to127,AIGVDBench,NDSxhgwiGQQ_9_0to127,aigvdbench:NDSxhgwiGQQ_9_0to127,train,train,1,Open-Sora,text_to_video,NDSxhgwiGQQ_9_0to127.mp4,063766f83fcc1e5fdde554f63c46b0e89f225b293615488cdcbb2d2a8b95d6ab,02d224a9627bab867ac501bd0d84d5ce2fa45fb5bd7af0f0717b3d3d30afcd9a,AIGVDBench/OpenSource/T2V/Open-Sora.zip,videos/NDSxhgwiGQQ_9_0to127.mp4,39337,40226,dataset_cc_by_4_0_component_partial,not_downloaded
real::GASOKMyqOYc_19_0to898,AIGVDBench,GASOKMyqOYc_19_0to898,aigvdbench:GASOKMyqOYc_19_0to898,train,train,0,,real_video,GASOKMyqOYc_19_0to898.mp4,e24ea211b4746c20c110e91c9ccbad0025bdd0e56438fa350a9c49cd999ced04,02d55c09c6b603ccbcab262b8200000481b028d924a619bca61e2041bb72b4b4,AIGVDBench/Real/Real.zip,videos/GASOKMyqOYc_19_0to898.mp4,15590399,15596212,dataset_cc_by_4_0_component_partial,not_downloaded
open_sora::GASOKMyqOYc_19_0to898,AIGVDBench,GASOKMyqOYc_19_0to898,aigvdbench:GASOKMyqOYc_19_0to898,train,train,1,Open-Sora,text_to_video,GASOKMyqOYc_19_0to898.mp4,e24ea211b4746c20c110e91c9ccbad0025bdd0e56438fa350a9c49cd999ced04,02d55c09c6b603ccbcab262b8200000481b028d924a619bca61e2041bb72b4b4,AIGVDBench/OpenSource/T2V/Open-Sora.zip,videos/GASOKMyqOYc_19_0to898.mp4,58452,59218,dataset_cc_by_4_0_component_partial,not_downloaded
real::CS1fBMbE9CU_21_141to320,AIGVDBench,CS1fBMbE9CU_21_141to320,aigvdbench:CS1fBMbE9CU_21_141to320,train,train,0,,real_video,CS1fBMbE9CU_21_141to320.mp4,e848d296216ac1c6849e7b4b9d90b4b69f8cbe8c9ed7fea52903b39c706697ab,02d8c5ec286a3946702cb87a385ef95d97aea49520a863fff7f72b1366840937,AIGVDBench/Real/Real.zip,videos/CS1fBMbE9CU_21_141to320.mp4,2660101,2660703,dataset_cc_by_4_0_component_partial,not_downloaded
open_sora::CS1fBMbE9CU_21_141to320,AIGVDBench,CS1fBMbE9CU_21_141to320,aigvdbench:CS1fBMbE9CU_21_141to320,train,train,1,Open-Sora,text_to_video,CS1fBMbE9CU_21_141to320.mp4,e848d296216ac1c6849e7b4b9d90b4b69f8cbe8c9ed7fea52903b39c706697ab,02d8c5ec286a3946702cb87a385ef95d97aea49520a863fff7f72b1366840937,AIGVDBench/OpenSource/T2V/Open-Sora.zip,videos/CS1fBMbE9CU_21_141to320.mp4,56801,57611,dataset_cc_by_4_0_component_partial,not_downloaded
real::TqHhTVVJ3m8_44_0to175,AIGVDBench,TqHhTVVJ3m8_44_0to175,aigvdbench:TqHhTVVJ3m8_44_0to175,train,train,0,,real_video,TqHhTVVJ3m8_44_0to175.mp4,0ef2dc6548ff9397c18541a44aaddc5da3b24293eb751619301a961d54c0d547,02e4bdf1798bf204c951c0b0fa03ecc65d2def436237ba7d5affe3fb2bec2e82,AIGVDBench/Real/Real.zip,videos/TqHhTVVJ3m8_44_0to175.mp4,2737477,2738531,dataset_cc_by_4_0_component_partial,not_downloaded
open_sora::TqHhTVVJ3m8_44_0to175,AIGVDBench,TqHhTVVJ3m8_44_0to175,aigvdbench:TqHhTVVJ3m8_44_0to175,train,train,1,Open-Sora,text_to_video,TqHhTVVJ3m8_44_0to175.mp4,0ef2dc6548ff9397c18541a44aaddc5da3b24293eb751619301a961d54c0d547,02e4bdf1798bf204c951c0b0fa03ecc65d2def436237ba7d5affe3fb2bec2e82,AIGVDBench/OpenSource/T2V/Open-Sora.zip,videos/TqHhTVVJ3m8_44_0to175.mp4,43115,43976,dataset_cc_by_4_0_component_partial,not_downloaded
real::_h_SRIVIPiQ_182_23to274,AIGVDBench,_h_SRIVIPiQ_182_23to274,aigvdbench:_h_SRIVIPiQ_182_23to274,train,train,0,,real_video,_h_SRIVIPiQ_182_23to274.mp4,24a66cc27c3453766698c576433d6f750448e280f8a532b851ed50be6248fd2f,02f2ab87cb599a7a5c0a018757301f128d30001d81e58d0c0a95f73ffaae45bd,AIGVDBench/Real/Real.zip,videos/_h_SRIVIPiQ_182_23to274.mp4,2205560,2206557,dataset_cc_by_4_0_component_partial,not_downloaded
open_sora::_h_SRIVIPiQ_182_23to274,AIGVDBench,_h_SRIVIPiQ_182_23to274,aigvdbench:_h_SRIVIPiQ_182_23to274,train,train,1,Open-Sora,text_to_video,_h_SRIVIPiQ_182_23to274.mp4,24a66cc27c3453766698c576433d6f750448e280f8a532b851ed50be6248fd2f,02f2ab87cb599a7a5c0a018757301f128d30001d81e58d0c0a95f73ffaae45bd,AIGVDBench/OpenSource/T2V/Open-Sora.zip,videos/_h_SRIVIPiQ_182_23to274.mp4,43953,44770,dataset_cc_by_4_0_component_partial,not_downloaded
real::BDxqrmTsgaw_9_0to242,AIGVDBench,BDxqrmTsgaw_9_0to242,aigvdbench:BDxqrmTsgaw_9_0to242,train,train,0,,real_video,BDxqrmTsgaw_9_0to242.mp4,83558a958af440c01d0d357ae2fd92b99e3dbb6e74933f1943dcd8a38b275f48,02f4f6c6c1203e9a9bb2253fc89c4306c3fe28d97660e29e93d330e0dfd9a403,AIGVDBench/Real/Real.zip,videos/BDxqrmTsgaw_9_0to242.mp4,2684339,2686071,dataset_cc_by_4_0_component_partial,not_downloaded
open_sora::BDxqrmTsgaw_9_0to242,AIGVDBench,BDxqrmTsgaw_9_0to242,aigvdbench:BDxqrmTsgaw_9_0to242,train,train,1,Open-Sora,text_to_video,BDxqrmTsgaw_9_0to242.mp4,83558a958af440c01d0d357ae2fd92b99e3dbb6e74933f1943dcd8a38b275f48,02f4f6c6c1203e9a9bb2253fc89c4306c3fe28d97660e29e93d330e0dfd9a403,AIGVDBench/OpenSource/T2V/Open-Sora.zip,videos/BDxqrmTsgaw_9_0to242.mp4,25701,26812,dataset_cc_by_4_0_component_partial,not_downloaded
real::XFWddUg2yU4_38_0to108,AIGVDBench,XFWddUg2yU4_38_0to108,aigvdbench:XFWddUg2yU4_38_0to108,train,train,0,,real_video,XFWddUg2yU4_38_0to108.mp4,3e210ab6bc920c3dc13ed65577561e2de482055468a8dbf596033351e1ce5255,02f926a9f136e3f9c26987bd235e5b11b622dcf5e9a363d631e21171a746387e,AIGVDBench/Real/Real.zip,videos/XFWddUg2yU4_38_0to108.mp4,2278195,2278893,dataset_cc_by_4_0_component_partial,not_downloaded
open_sora::XFWddUg2yU4_38_0to108,AIGVDBench,XFWddUg2yU4_38_0to108,aigvdbench:XFWddUg2yU4_38_0to108,train,train,1,Open-Sora,text_to_video,XFWddUg2yU4_38_0to108.mp4,3e210ab6bc920c3dc13ed65577561e2de482055468a8dbf596033351e1ce5255,02f926a9f136e3f9c26987bd235e5b11b622dcf5e9a363d631e21171a746387e,AIGVDBench/OpenSource/T2V/Open-Sora.zip,videos/XFWddUg2yU4_38_0to108.mp4,63029,63817,dataset_cc_by_4_0_component_partial,not_downloaded
real::6Vj-HMj6c9I_30_0to110,AIGVDBench,6Vj-HMj6c9I_30_0to110,aigvdbench:6Vj-HMj6c9I_30_0to110,train,train,0,,real_video,6Vj-HMj6c9I_30_0to110.mp4,0ba8604c8018865b87e3bd79b939ade1107da32704a115c79df9edaafbcae0e0,02fcaf1a2f354039b955bcb9b6e7ef6b4f7c031a08905d9ba3c832dd1fd95c03,AIGVDBench/Real/Real.zip,videos/6Vj-HMj6c9I_30_0to110.mp4,2032107,2032487,dataset_cc_by_4_0_component_partial,not_downloaded
open_sora::6Vj-HMj6c9I_30_0to110,AIGVDBench,6Vj-HMj6c9I_30_0to110,aigvdbench:6Vj-HMj6c9I_30_0to110,train,train,1,Open-Sora,text_to_video,6Vj-HMj6c9I_30_0to110.mp4,0ba8604c8018865b87e3bd79b939ade1107da32704a115c79df9edaafbcae0e0,02fcaf1a2f354039b955bcb9b6e7ef6b4f7c031a08905d9ba3c832dd1fd95c03,AIGVDBench/OpenSource/T2V/Open-Sora.zip,videos/6Vj-HMj6c9I_30_0to110.mp4,33158,34059,dataset_cc_by_4_0_component_partial,not_downloaded
real::zolFQPEzhSs_10_0to122,AIGVDBench,zolFQPEzhSs_10_0to122,aigvdbench:zolFQPEzhSs_10_0to122,train,train,0,,real_video,zolFQPEzhSs_10_0to122.mp4,72b9c5d82e6dabab9c28a163b5dcff42aad404bb547a1656da0c9aa46319c70a,03044c90d7613336270337330c47f4bb282fca6dacfd59e8d4388eacf8402778,AIGVDBench/Real/Real.zip,videos/zolFQPEzhSs_10_0to122.mp4,1692912,1693388,dataset_cc_by_4_0_component_partial,not_downloaded
open_sora::zolFQPEzhSs_10_0to122,AIGVDBench,zolFQPEzhSs_10_0to122,aigvdbench:zolFQPEzhSs_10_0to122,train,train,1,Open-Sora,text_to_video,zolFQPEzhSs_10_0to122.mp4,72b9c5d82e6dabab9c28a163b5dcff42aad404bb547a1656da0c9aa46319c70a,03044c90d7613336270337330c47f4bb282fca6dacfd59e8d4388eacf8402778,AIGVDBench/OpenSource/T2V/Open-Sora.zip,videos/zolFQPEzhSs_10_0to122.mp4,29443,30356,dataset_cc_by_4_0_component_partial,not_downloaded
real::zIGH4gaF1BQ_41_0to163,AIGVDBench,zIGH4gaF1BQ_41_0to163,aigvdbench:zIGH4gaF1BQ_41_0to163,train,train,0,,real_video,zIGH4gaF1BQ_41_0to163.mp4,395e46856a409e14d581bec478cbbc49e1bd0698aa8c96ff1f8dae8b5161c27f,030704496e5eca892b145d5979acf28d1792f60c098250d9cdd98c2bebedaf95,AIGVDBench/Real/Real.zip,videos/zIGH4gaF1BQ_41_0to163.mp4,3096057,3096503,dataset_cc_by_4_0_component_partial,not_downloaded
open_sora::zIGH4gaF1BQ_41_0to163,AIGVDBench,zIGH4gaF1BQ_41_0to163,aigvdbench:zIGH4gaF1BQ_41_0to163,train,train,1,Open-Sora,text_to_video,zIGH4gaF1BQ_41_0to163.mp4,395e46856a409e14d581bec478cbbc49e1bd0698aa8c96ff1f8dae8b5161c27f,030704496e5eca892b145d5979acf28d1792f60c098250d9cdd98c2bebedaf95,AIGVDBench/OpenSource/T2V/Open-Sora.zip,videos/zIGH4gaF1BQ_41_0to163.mp4,44229,45059,dataset_cc_by_4_0_component_partial,not_downloaded
real::8ZuDT6crP_o_16_0to184,AIGVDBench,8ZuDT6crP_o_16_0to184,aigvdbench:8ZuDT6crP_o_16_0to184,train,train,0,,real_video,8ZuDT6crP_o_16_0to184.mp4,2fc5516c46e9ae2173996b3386fa1c0331107794621a3c2ae5e7f0d0ca268eae,03071c6177c649d47257ca6925f3a691afb02a5ddd09505bf418380bb7c76c06,AIGVDBench/Real/Real.zip,videos/8ZuDT6crP_o_16_0to184.mp4,2916930,2917414,dataset_cc_by_4_0_component_partial,not_downloaded
open_sora::8ZuDT6crP_o_16_0to184,AIGVDBench,8ZuDT6crP_o_16_0to184,aigvdbench:8ZuDT6crP_o_16_0to184,train,train,1,Open-Sora,text_to_video,8ZuDT6crP_o_16_0to184.mp4,2fc5516c46e9ae2173996b3386fa1c0331107794621a3c2ae5e7f0d0ca268eae,03071c6177c649d47257ca6925f3a691afb02a5ddd09505bf418380bb7c76c06,AIGVDBench/OpenSource/T2V/Open-Sora.zip,videos/8ZuDT6crP_o_16_0to184.mp4,54067,54793,dataset_cc_by_4_0_component_partial,not_downloaded
real::rGslzbh1q_I_13_0to316,AIGVDBench,rGslzbh1q_I_13_0to316,aigvdbench:rGslzbh1q_I_13_0to316,train,train,0,,real_video,rGslzbh1q_I_13_0to316.mp4,d2d786c7befc39322d84844d9fff1719fb18e81ab706711bfa1924acab793fd5,030c8f3f733708912031cb25f7f4f2255764ea90519a58e673c87169c7938972,AIGVDBench/Real/Real.zip,videos/rGslzbh1q_I_13_0to316.mp4,3286351,3287870,dataset_cc_by_4_0_component_partial,not_downloaded
open_sora::rGslzbh1q_I_13_0to316,AIGVDBench,rGslzbh1q_I_13_0to316,aigvdbench:rGslzbh1q_I_13_0to316,train,train,1,Open-Sora,text_to_video,rGslzbh1q_I_13_0to316.mp4,d2d786c7befc39322d84844d9fff1719fb18e81ab706711bfa1924acab793fd5,030c8f3f733708912031cb25f7f4f2255764ea90519a58e673c87169c7938972,AIGVDBench/OpenSource/T2V/Open-Sora.zip,videos/rGslzbh1q_I_13_0to316.mp4,36961,37793,dataset_cc_by_4_0_component_partial,not_downloaded
real::gwBkO3YW_Ds_12_0to171,AIGVDBench,gwBkO3YW_Ds_12_0to171,aigvdbench:gwBkO3YW_Ds_12_0to171,train,train,0,,real_video,gwBkO3YW_Ds_12_0to171.mp4,75f8cab82d5646021ad025dc7ccecb7747186da1703c6d54d073a3550d90d6d7,030fb25f51efdc3d1e2c4dab161c9482b461629a1bd64cdb965c5f7a87ae9c32,AIGVDBench/Real/Real.zip,videos/gwBkO3YW_Ds_12_0to171.mp4,2646468,2646967,dataset_cc_by_4_0_component_partial,not_downloaded
open_sora::gwBkO3YW_Ds_12_0to171,AIGVDBench,gwBkO3YW_Ds_12_0to171,aigvdbench:gwBkO3YW_Ds_12_0to171,train,train,1,Open-Sora,text_to_video,gwBkO3YW_Ds_12_0to171.mp4,75f8cab82d5646021ad025dc7ccecb7747186da1703c6d54d073a3550d90d6d7,030fb25f51efdc3d1e2c4dab161c9482b461629a1bd64cdb965c5f7a87ae9c32,AIGVDBench/OpenSource/T2V/Open-Sora.zip,videos/gwBkO3YW_Ds_12_0to171.mp4,54341,55157,dataset_cc_by_4_0_component_partial,not_downloaded
real::lPYcWr_eURI_21_52to158,AIGVDBench,lPYcWr_eURI_21_52to158,aigvdbench:lPYcWr_eURI_21_52to158,train,train,0,,real_video,lPYcWr_eURI_21_52to158.mp4,d0b76ab40ce61fb0142da8699c107a2a0aa421632c2f9eb26333c5290f0eeb27,031b3b58e1ea57663b5e2a3d200edcdbaaf0ac85de8af00abdfdfd3a0354184e,AIGVDBench/Real/Real.zip,videos/lPYcWr_eURI_21_52to158.mp4,1803623,1803993,dataset_cc_by_4_0_component_partial,not_downloaded
open_sora::lPYcWr_eURI_21_52to158,AIGVDBench,lPYcWr_eURI_21_52to158,aigvdbench:lPYcWr_eURI_21_52to158,train,train,1,Open-Sora,text_to_video,lPYcWr_eURI_21_52to158.mp4,d0b76ab40ce61fb0142da8699c107a2a0aa421632c2f9eb26333c5290f0eeb27,031b3b58e1ea57663b5e2a3d200edcdbaaf0ac85de8af00abdfdfd3a0354184e,AIGVDBench/OpenSource/T2V/Open-Sora.zip,videos/lPYcWr_eURI_21_52to158.mp4,70043,70817,dataset_cc_by_4_0_component_partial,not_downloaded
real::dt95ynNf9CM_28_0to107,AIGVDBench,dt95ynNf9CM_28_0to107,aigvdbench:dt95ynNf9CM_28_0to107,train,train,0,,real_video,dt95ynNf9CM_28_0to107.mp4,39bcf8387be3a18d242e07d27807d27f0a96a0382fa4063bc4b7b52f3ad8b5a4,032aa026608c57bd745f705dafd0b1c973b770470cdf50ee345242aa165050ff,AIGVDBench/Real/Real.zip,videos/dt95ynNf9CM_28_0to107.mp4,2131484,2131806,dataset_cc_by_4_0_component_partial,not_downloaded
open_sora::dt95ynNf9CM_28_0to107,AIGVDBench,dt95ynNf9CM_28_0to107,aigvdbench:dt95ynNf9CM_28_0to107,train,train,1,Open-Sora,text_to_video,dt95ynNf9CM_28_0to107.mp4,39bcf8387be3a18d242e07d27807d27f0a96a0382fa4063bc4b7b52f3ad8b5a4,032aa026608c57bd745f705dafd0b1c973b770470cdf50ee345242aa165050ff,AIGVDBench/OpenSource/T2V/Open-Sora.zip,videos/dt95ynNf9CM_28_0to107.mp4,75990,76775,dataset_cc_by_4_0_component_partial,not_downloaded
real::dzkTqs620EI_41_198to346,AIGVDBench,dzkTqs620EI_41_198to346,aigvdbench:dzkTqs620EI_41_198to346,train,train,0,,real_video,dzkTqs620EI_41_198to346.mp4,97c8dd52ff0c4a13cabf30e406c4901e5b7efbee5bda74d800803b087df85942,032fe5c6a68d3df2c18d953a602d6ea922ce4ce7a23c2e4a1a50c9f247567904,AIGVDBench/Real/Real.zip,videos/dzkTqs620EI_41_198to346.mp4,3170043,3170295,dataset_cc_by_4_0_component_partial,not_downloaded
open_sora::dzkTqs620EI_41_198to346,AIGVDBench,dzkTqs620EI_41_198to346,aigvdbench:dzkTqs620EI_41_198to346,train,train,1,Open-Sora,text_to_video,dzkTqs620EI_41_198to346.mp4,97c8dd52ff0c4a13cabf30e406c4901e5b7efbee5bda74d800803b087df85942,032fe5c6a68d3df2c18d953a602d6ea922ce4ce7a23c2e4a1a50c9f247567904,AIGVDBench/OpenSource/T2V/Open-Sora.zip,videos/dzkTqs620EI_41_198to346.mp4,45929,46782,dataset_cc_by_4_0_component_partial,not_downloaded
real::bManqDAYG1g_28_0to109,AIGVDBench,bManqDAYG1g_28_0to109,aigvdbench:bManqDAYG1g_28_0to109,train,train,0,,real_video,bManqDAYG1g_28_0to109.mp4,e47305c1acf43038b97bfbf235516223c5c9ba2d7c081b5cdde371d5da5f79c5,0332595ee98583ca5ed9a5d9ff944264346af96622c2352009bd3d847e5fb064,AIGVDBench/Real/Real.zip,videos/bManqDAYG1g_28_0to109.mp4,5012384,5012927,dataset_cc_by_4_0_component_partial,not_downloaded
open_sora::bManqDAYG1g_28_0to109,AIGVDBench,bManqDAYG1g_28_0to109,aigvdbench:bManqDAYG1g_28_0to109,train,train,1,Open-Sora,text_to_video,bManqDAYG1g_28_0to109.mp4,e47305c1acf43038b97bfbf235516223c5c9ba2d7c081b5cdde371d5da5f79c5,0332595ee98583ca5ed9a5d9ff944264346af96622c2352009bd3d847e5fb064,AIGVDBench/OpenSource/T2V/Open-Sora.zip,videos/bManqDAYG1g_28_0to109.mp4,59991,60757,dataset_cc_by_4_0_component_partial,not_downloaded
real::ZoHr5IEdsME_5_0to123,AIGVDBench,ZoHr5IEdsME_5_0to123,aigvdbench:ZoHr5IEdsME_5_0to123,train,train,0,,real_video,ZoHr5IEdsME_5_0to123.mp4,7e614cb0d72234485370da3ea40c27c813d62aa1a81085aaafc903ce69310302,0348a9d43f88198a4248c8e134c2244c64f1d6289b41770d018660e1e31bca7d,AIGVDBench/Real/Real.zip,videos/ZoHr5IEdsME_5_0to123.mp4,1464287,1464901,dataset_cc_by_4_0_component_partial,not_downloaded
open_sora::ZoHr5IEdsME_5_0to123,AIGVDBench,ZoHr5IEdsME_5_0to123,aigvdbench:ZoHr5IEdsME_5_0to123,train,train,1,Open-Sora,text_to_video,ZoHr5IEdsME_5_0to123.mp4,7e614cb0d72234485370da3ea40c27c813d62aa1a81085aaafc903ce69310302,0348a9d43f88198a4248c8e134c2244c64f1d6289b41770d018660e1e31bca7d,AIGVDBench/OpenSource/T2V/Open-Sora.zip,videos/ZoHr5IEdsME_5_0to123.mp4,48878,49723,dataset_cc_by_4_0_component_partial,not_downloaded
real::pCSAdeg-M1E_4_21to171,AIGVDBench,pCSAdeg-M1E_4_21to171,aigvdbench:pCSAdeg-M1E_4_21to171,train,train,0,,real_video,pCSAdeg-M1E_4_21to171.mp4,905abf82d557f945796d1255820917e1eb8bd270fb323616fa37a63ba9b7cdc0,034b33a472c28a9a7436c0d6e850823a0511b88dcc1d4c4c254c5d5a301da6a1,AIGVDBench/Real/Real.zip,videos/pCSAdeg-M1E_4_21to171.mp4,809947,811306,dataset_cc_by_4_0_component_partial,not_downloaded
open_sora::pCSAdeg-M1E_4_21to171,AIGVDBench,pCSAdeg-M1E_4_21to171,aigvdbench:pCSAdeg-M1E_4_21to171,train,train,1,Open-Sora,text_to_video,pCSAdeg-M1E_4_21to171.mp4,905abf82d557f945796d1255820917e1eb8bd270fb323616fa37a63ba9b7cdc0,034b33a472c28a9a7436c0d6e850823a0511b88dcc1d4c4c254c5d5a301da6a1,AIGVDBench/OpenSource/T2V/Open-Sora.zip,videos/pCSAdeg-M1E_4_21to171.mp4,31634,32567,dataset_cc_by_4_0_component_partial,not_downloaded
real::H5q2_ey2X6c_5_0to106,AIGVDBench,H5q2_ey2X6c_5_0to106,aigvdbench:H5q2_ey2X6c_5_0to106,train,train,0,,real_video,H5q2_ey2X6c_5_0to106.mp4,718837ac3a5434fdbd887b0ab532886d120ec6d534f8bdd5572c37c606e521d2,034f399c4f0373c9e55a52a7b42bf4db0ec3af9ea1210024192143480b5cb37e,AIGVDBench/Real/Real.zip,videos/H5q2_ey2X6c_5_0to106.mp4,2260706,2261453,dataset_cc_by_4_0_component_partial,not_downloaded
open_sora::H5q2_ey2X6c_5_0to106,AIGVDBench,H5q2_ey2X6c_5_0to106,aigvdbench:H5q2_ey2X6c_5_0to106,train,train,1,Open-Sora,text_to_video,H5q2_ey2X6c_5_0to106.mp4,718837ac3a5434fdbd887b0ab532886d120ec6d534f8bdd5572c37c606e521d2,034f399c4f0373c9e55a52a7b42bf4db0ec3af9ea1210024192143480b5cb37e,AIGVDBench/OpenSource/T2V/Open-Sora.zip,videos/H5q2_ey2X6c_5_0to106.mp4,50211,51071,dataset_cc_by_4_0_component_partial,not_downloaded
real::nERor9FolXY_45_0to103,AIGVDBench,nERor9FolXY_45_0to103,aigvdbench:nERor9FolXY_45_0to103,train,train,0,,real_video,nERor9FolXY_45_0to103.mp4,c2a7ac28679f75f3d95abf1e2254e21057d401cfa4649f2ef42db56482b483ed,034f72e8712fcd857f5e99f7507dfd3f3f8fdc61dc7afb9a06db8b62a467a612,AIGVDBench/Real/Real.zip,videos/nERor9FolXY_45_0to103.mp4,4368478,4368501,dataset_cc_by_4_0_component_partial,not_downloaded
open_sora::nERor9FolXY_45_0to103,AIGVDBench,nERor9FolXY_45_0to103,aigvdbench:nERor9FolXY_45_0to103,train,train,1,Open-Sora,text_to_video,nERor9FolXY_45_0to103.mp4,c2a7ac28679f75f3d95abf1e2254e21057d401cfa4649f2ef42db56482b483ed,034f72e8712fcd857f5e99f7507dfd3f3f8fdc61dc7afb9a06db8b62a467a612,AIGVDBench/OpenSource/T2V/Open-Sora.zip,videos/nERor9FolXY_45_0to103.mp4,61516,62307,dataset_cc_by_4_0_component_partial,not_downloaded
real::nIHO3UXk0og_36_0to201,AIGVDBench,nIHO3UXk0og_36_0to201,aigvdbench:nIHO3UXk0og_36_0to201,train,train,0,,real_video,nIHO3UXk0og_36_0to201.mp4,5273f036ccf1561decd10c741e9578afacc59ef42edff3b3bcd2ca15f021231f,03515465ebce639c9a8111334eaf284e35910fc813bbaca2b893815777a6e3d6,AIGVDBench/Real/Real.zip,videos/nIHO3UXk0og_36_0to201.mp4,5695928,5695885,dataset_cc_by_4_0_component_partial,not_downloaded
open_sora::nIHO3UXk0og_36_0to201,AIGVDBench,nIHO3UXk0og_36_0to201,aigvdbench:nIHO3UXk0og_36_0to201,train,train,1,Open-Sora,text_to_video,nIHO3UXk0og_36_0to201.mp4,5273f036ccf1561decd10c741e9578afacc59ef42edff3b3bcd2ca15f021231f,03515465ebce639c9a8111334eaf284e35910fc813bbaca2b893815777a6e3d6,AIGVDBench/OpenSource/T2V/Open-Sora.zip,videos/nIHO3UXk0og_36_0to201.mp4,46155,46979,dataset_cc_by_4_0_component_partial,not_downloaded
real::j8volTmylKU_25_0to102,AIGVDBench,j8volTmylKU_25_0to102,aigvdbench:j8volTmylKU_25_0to102,train,train,0,,real_video,j8volTmylKU_25_0to102.mp4,00f993712e725393a887721eb65869d9616fadbe08267b83aa63f1ed22a5225e,0351ac1c3133ddb3847df79b9778e66b7a2d31bd7f51bccacf4cbad7e769e8a0,AIGVDBench/Real/Real.zip,videos/j8volTmylKU_25_0to102.mp4,3613181,3613623,dataset_cc_by_4_0_component_partial,not_downloaded
open_sora::j8volTmylKU_25_0to102,AIGVDBench,j8volTmylKU_25_0to102,aigvdbench:j8volTmylKU_25_0to102,train,train,1,Open-Sora,text_to_video,j8volTmylKU_25_0to102.mp4,00f993712e725393a887721eb65869d9616fadbe08267b83aa63f1ed22a5225e,0351ac1c3133ddb3847df79b9778e66b7a2d31bd7f51bccacf4cbad7e769e8a0,AIGVDBench/OpenSource/T2V/Open-Sora.zip,videos/j8volTmylKU_25_0to102.mp4,57640,58471,dataset_cc_by_4_0_component_partial,not_downloaded
real::gaArEszlVb0_157_0to216,AIGVDBench,gaArEszlVb0_157_0to216,aigvdbench:gaArEszlVb0_157_0to216,train,train,0,,real_video,gaArEszlVb0_157_0to216.mp4,581845db44b1fe383e5c0ca2070b8a3a9a314bd814f09df6a89f302a606c5096,03545063a7be46fec079c5ecab317e5066dd3530a1b68dbad4aa03ea89739f82,AIGVDBench/Real/Real.zip,videos/gaArEszlVb0_157_0to216.mp4,2263035,2264501,dataset_cc_by_4_0_component_partial,not_downloaded
open_sora::gaArEszlVb0_157_0to216,AIGVDBench,gaArEszlVb0_157_0to216,aigvdbench:gaArEszlVb0_157_0to216,train,train,1,Open-Sora,text_to_video,gaArEszlVb0_157_0to216.mp4,581845db44b1fe383e5c0ca2070b8a3a9a314bd814f09df6a89f302a606c5096,03545063a7be46fec079c5ecab317e5066dd3530a1b68dbad4aa03ea89739f82,AIGVDBench/OpenSource/T2V/Open-Sora.zip,videos/gaArEszlVb0_157_0to216.mp4,59864,60631,dataset_cc_by_4_0_component_partial,not_downloaded
real::oXwNwVMsRi0_9_0to117,AIGVDBench,oXwNwVMsRi0_9_0to117,aigvdbench:oXwNwVMsRi0_9_0to117,train,train,0,,real_video,oXwNwVMsRi0_9_0to117.mp4,7138d7c22633b313c95e887ed47bf09a861401e34ea2d9b8fa8445b428539f34,03577c35e742c2b65153895306ec81019fe686c97b0cfb4a092621387d72717d,AIGVDBench/Real/Real.zip,videos/oXwNwVMsRi0_9_0to117.mp4,1336110,1336731,dataset_cc_by_4_0_component_partial,not_downloaded
open_sora::oXwNwVMsRi0_9_0to117,AIGVDBench,oXwNwVMsRi0_9_0to117,aigvdbench:oXwNwVMsRi0_9_0to117,train,train,1,Open-Sora,text_to_video,oXwNwVMsRi0_9_0to117.mp4,7138d7c22633b313c95e887ed47bf09a861401e34ea2d9b8fa8445b428539f34,03577c35e742c2b65153895306ec81019fe686c97b0cfb4a092621387d72717d,AIGVDBench/OpenSource/T2V/Open-Sora.zip,videos/oXwNwVMsRi0_9_0to117.mp4,49209,49955,dataset_cc_by_4_0_component_partial,not_downloaded
real::vhuW6tZeqm4_2_81to594,AIGVDBench,vhuW6tZeqm4_2_81to594,aigvdbench:vhuW6tZeqm4_2_81to594,train,train,0,,real_video,vhuW6tZeqm4_2_81to594.mp4,5e8b7b21a0b1ac7e3503044250c2c97c5d4ef8e24f0204d0f9b75d644df86bdd,035b5802669247ec3ed9f4bff2c213300ec954b3fabf6c264e25edf7b4ff2862,AIGVDBench/Real/Real.zip,videos/vhuW6tZeqm4_2_81to594.mp4,8867723,8868404,dataset_cc_by_4_0_component_partial,not_downloaded
open_sora::vhuW6tZeqm4_2_81to594,AIGVDBench,vhuW6tZeqm4_2_81to594,aigvdbench:vhuW6tZeqm4_2_81to594,train,train,1,Open-Sora,text_to_video,vhuW6tZeqm4_2_81to594.mp4,5e8b7b21a0b1ac7e3503044250c2c97c5d4ef8e24f0204d0f9b75d644df86bdd,035b5802669247ec3ed9f4bff2c213300ec954b3fabf6c264e25edf7b4ff2862,AIGVDBench/OpenSource/T2V/Open-Sora.zip,videos/vhuW6tZeqm4_2_81to594.mp4,54966,55677,dataset_cc_by_4_0_component_partial,not_downloaded
real::bZp352WTg9o_0_0to672,AIGVDBench,bZp352WTg9o_0_0to672,aigvdbench:bZp352WTg9o_0_0to672,train,train,0,,real_video,bZp352WTg9o_0_0to672.mp4,cdc81ba50efca927af6a58b0a14f09a45c530c4fe9a0bccbbc22c4afcb46d3ac,0361973e2527706144d58fdc90331dd08d7cf9192d480a30fcab18f0aac1f2ce,AIGVDBench/Real/Real.zip,videos/bZp352WTg9o_0_0to672.mp4,6822561,6824219,dataset_cc_by_4_0_component_partial,not_downloaded
open_sora::bZp352WTg9o_0_0to672,AIGVDBench,bZp352WTg9o_0_0to672,aigvdbench:bZp352WTg9o_0_0to672,train,train,1,Open-Sora,text_to_video,bZp352WTg9o_0_0to672.mp4,cdc81ba50efca927af6a58b0a14f09a45c530c4fe9a0bccbbc22c4afcb46d3ac,0361973e2527706144d58fdc90331dd08d7cf9192d480a30fcab18f0aac1f2ce,AIGVDBench/OpenSource/T2V/Open-Sora.zip,videos/bZp352WTg9o_0_0to672.mp4,37489,38370,dataset_cc_by_4_0_component_partial,not_downloaded
real::qCQmAXiaXjA_10_0to188,AIGVDBench,qCQmAXiaXjA_10_0to188,aigvdbench:qCQmAXiaXjA_10_0to188,train,train,0,,real_video,qCQmAXiaXjA_10_0to188.mp4,8dff9cca25524b6d439f853e1ee5c92b6ea4c424f6347590c028729a8997b842,0363dd7219cfd9d9de0dc04c75d322309048a969a264eaab21fa32c165ad11e1,AIGVDBench/Real/Real.zip,videos/qCQmAXiaXjA_10_0to188.mp4,4075200,4075608,dataset_cc_by_4_0_component_partial,not_downloaded
open_sora::qCQmAXiaXjA_10_0to188,AIGVDBench,qCQmAXiaXjA_10_0to188,aigvdbench:qCQmAXiaXjA_10_0to188,train,train,1,Open-Sora,text_to_video,qCQmAXiaXjA_10_0to188.mp4,8dff9cca25524b6d439f853e1ee5c92b6ea4c424f6347590c028729a8997b842,0363dd7219cfd9d9de0dc04c75d322309048a969a264eaab21fa32c165ad11e1,AIGVDBench/OpenSource/T2V/Open-Sora.zip,videos/qCQmAXiaXjA_10_0to188.mp4,56938,57633,dataset_cc_by_4_0_component_partial,not_downloaded
real::_B6SQVcnhXQ_26_0to107,AIGVDBench,_B6SQVcnhXQ_26_0to107,aigvdbench:_B6SQVcnhXQ_26_0to107,train,train,0,,real_video,_B6SQVcnhXQ_26_0to107.mp4,3cd696c8121deee35162e3fbd302ddce5d361d6fae4a2e0d5efd4cf899d03ad4,036b190bae7fc1fd913151df1b08263a76f63a141a498ce7bce4cfac9a980f67,AIGVDBench/Real/Real.zip,videos/_B6SQVcnhXQ_26_0to107.mp4,1889527,1889918,dataset_cc_by_4_0_component_partial,not_downloaded
open_sora::_B6SQVcnhXQ_26_0to107,AIGVDBench,_B6SQVcnhXQ_26_0to107,aigvdbench:_B6SQVcnhXQ_26_0to107,train,train,1,Open-Sora,text_to_video,_B6SQVcnhXQ_26_0to107.mp4,3cd696c8121deee35162e3fbd302ddce5d361d6fae4a2e0d5efd4cf899d03ad4,036b190bae7fc1fd913151df1b08263a76f63a141a498ce7bce4cfac9a980f67,AIGVDBench/OpenSource/T2V/Open-Sora.zip,videos/_B6SQVcnhXQ_26_0to107.mp4,42786,43654,dataset_cc_by_4_0_component_partial,not_downloaded
real::5Z9mHFECQRg_8_0to284,AIGVDBench,5Z9mHFECQRg_8_0to284,aigvdbench:5Z9mHFECQRg_8_0to284,train,train,0,,real_video,5Z9mHFECQRg_8_0to284.mp4,cd84f87ad914e0d0909a0ecc5fce6352bdf2783deb7e83e188fa883998715a40,036dea7f8e3f6496ff6f95c92d466d82c9f32e673810ab3d8920c6f4fd9f7334,AIGVDBench/Real/Real.zip,videos/5Z9mHFECQRg_8_0to284.mp4,6783826,6784643,dataset_cc_by_4_0_component_partial,not_downloaded
open_sora::5Z9mHFECQRg_8_0to284,AIGVDBench,5Z9mHFECQRg_8_0to284,aigvdbench:5Z9mHFECQRg_8_0to284,train,train,1,Open-Sora,text_to_video,5Z9mHFECQRg_8_0to284.mp4,cd84f87ad914e0d0909a0ecc5fce6352bdf2783deb7e83e188fa883998715a40,036dea7f8e3f6496ff6f95c92d466d82c9f32e673810ab3d8920c6f4fd9f7334,AIGVDBench/OpenSource/T2V/Open-Sora.zip,videos/5Z9mHFECQRg_8_0to284.mp4,60266,61047,dataset_cc_by_4_0_component_partial,not_downloaded
real::Cw6ZWNzoqz0_2_0to155,AIGVDBench,Cw6ZWNzoqz0_2_0to155,aigvdbench:Cw6ZWNzoqz0_2_0to155,train,train,0,,real_video,Cw6ZWNzoqz0_2_0to155.mp4,3208d97617197009972f8c847cde2b1aee379403182fe00c0fcaedcf16cf8b2c,037313ed3c4f13f07e6c96392f3a405f70d5a1d3628153fa8732897c4774cee4,AIGVDBench/Real/Real.zip,videos/Cw6ZWNzoqz0_2_0to155.mp4,1768452,1769555,dataset_cc_by_4_0_component_partial,not_downloaded
open_sora::Cw6ZWNzoqz0_2_0to155,AIGVDBench,Cw6ZWNzoqz0_2_0to155,aigvdbench:Cw6ZWNzoqz0_2_0to155,train,train,1,Open-Sora,text_to_video,Cw6ZWNzoqz0_2_0to155.mp4,3208d97617197009972f8c847cde2b1aee379403182fe00c0fcaedcf16cf8b2c,037313ed3c4f13f07e6c96392f3a405f70d5a1d3628153fa8732897c4774cee4,AIGVDBench/OpenSource/T2V/Open-Sora.zip,videos/Cw6ZWNzoqz0_2_0to155.mp4,43136,43995,dataset_cc_by_4_0_component_partial,not_downloaded
real::rmBrin8lqNc_17_0to290,AIGVDBench,rmBrin8lqNc_17_0to290,aigvdbench:rmBrin8lqNc_17_0to290,train,train,0,,real_video,rmBrin8lqNc_17_0to290.mp4,05475d048784b07e60794f74071f09808a1853063a5a11a8085e6e0d9725a6ff,0376a049f17b28f06687b5e28c2e664f85114667269927700a4cf467678f0bb5,AIGVDBench/Real/Real.zip,videos/rmBrin8lqNc_17_0to290.mp4,8126406,8126537,dataset_cc_by_4_0_component_partial,not_downloaded
open_sora::rmBrin8lqNc_17_0to290,AIGVDBench,rmBrin8lqNc_17_0to290,aigvdbench:rmBrin8lqNc_17_0to290,train,train,1,Open-Sora,text_to_video,rmBrin8lqNc_17_0to290.mp4,05475d048784b07e60794f74071f09808a1853063a5a11a8085e6e0d9725a6ff,0376a049f17b28f06687b5e28c2e664f85114667269927700a4cf467678f0bb5,AIGVDBench/OpenSource/T2V/Open-Sora.zip,videos/rmBrin8lqNc_17_0to290.mp4,61679,62472,dataset_cc_by_4_0_component_partial,not_downloaded
real::c0TS9TX__No_23_0to222,AIGVDBench,c0TS9TX__No_23_0to222,aigvdbench:c0TS9TX__No_23_0to222,train,train,0,,real_video,c0TS9TX__No_23_0to222.mp4,7619451db781110e5817d57dc82be3461951834d9b1050d7ca994a1a31b5a9f6,0379c8696b51c708b054ec10fd4b4d9d52194a9213ff3c08e1e8fa6ac41f344c,AIGVDBench/Real/Real.zip,videos/c0TS9TX__No_23_0to222.mp4,4247065,4248542,dataset_cc_by_4_0_component_partial,not_downloaded
open_sora::c0TS9TX__No_23_0to222,AIGVDBench,c0TS9TX__No_23_0to222,aigvdbench:c0TS9TX__No_23_0to222,train,train,1,Open-Sora,text_to_video,c0TS9TX__No_23_0to222.mp4,7619451db781110e5817d57dc82be3461951834d9b1050d7ca994a1a31b5a9f6,0379c8696b51c708b054ec10fd4b4d9d52194a9213ff3c08e1e8fa6ac41f344c,AIGVDBench/OpenSource/T2V/Open-Sora.zip,videos/c0TS9TX__No_23_0to222.mp4,43378,44244,dataset_cc_by_4_0_component_partial,not_downloaded
real::l4vcoCydGzY_51_16to344,AIGVDBench,l4vcoCydGzY_51_16to344,aigvdbench:l4vcoCydGzY_51_16to344,train,train,0,,real_video,l4vcoCydGzY_51_16to344.mp4,b5d986a073246ebc690ce9d91afdbcd0731191f3433d8028ea6dc7db4c95b021,037c75120b2c3db812b7c633cc92adf2ed87ffe7b6583d33bac02a6b98cf21d5,AIGVDBench/Real/Real.zip,videos/l4vcoCydGzY_51_16to344.mp4,4609366,4610920,dataset_cc_by_4_0_component_partial,not_downloaded
open_sora::l4vcoCydGzY_51_16to344,AIGVDBench,l4vcoCydGzY_51_16to344,aigvdbench:l4vcoCydGzY_51_16to344,train,train,1,Open-Sora,text_to_video,l4vcoCydGzY_51_16to344.mp4,b5d986a073246ebc690ce9d91afdbcd0731191f3433d8028ea6dc7db4c95b021,037c75120b2c3db812b7c633cc92adf2ed87ffe7b6583d33bac02a6b98cf21d5,AIGVDBench/OpenSource/T2V/Open-Sora.zip,videos/l4vcoCydGzY_51_16to344.mp4,42696,43568,dataset_cc_by_4_0_component_partial,not_downloaded
real::KviRgfpIsbs_13_0to151,AIGVDBench,KviRgfpIsbs_13_0to151,aigvdbench:KviRgfpIsbs_13_0to151,train,train,0,,real_video,KviRgfpIsbs_13_0to151.mp4,2f23f2413b84d7a82009b762379cb45029c5df958957e63a90795ca571c1f6d0,037f7f392534b77cb5fa52ed62f7b3b2ae8b7856c96a6dc3e8d26b3644a4585f,AIGVDBench/Real/Real.zip,videos/KviRgfpIsbs_13_0to151.mp4,2730899,2731423,dataset_cc_by_4_0_component_partial,not_downloaded
open_sora::KviRgfpIsbs_13_0to151,AIGVDBench,KviRgfpIsbs_13_0to151,aigvdbench:KviRgfpIsbs_13_0to151,train,train,1,Open-Sora,text_to_video,KviRgfpIsbs_13_0to151.mp4,2f23f2413b84d7a82009b762379cb45029c5df958957e63a90795ca571c1f6d0,037f7f392534b77cb5fa52ed62f7b3b2ae8b7856c96a6dc3e8d26b3644a4585f,AIGVDBench/OpenSource/T2V/Open-Sora.zip,videos/KviRgfpIsbs_13_0to151.mp4,50058,50905,dataset_cc_by_4_0_component_partial,not_downloaded
real::2ys3bEvNorQ_0_481to1272,AIGVDBench,2ys3bEvNorQ_0_481to1272,aigvdbench:2ys3bEvNorQ_0_481to1272,train,train,0,,real_video,2ys3bEvNorQ_0_481to1272.mp4,dfba0807f2f1f76d877c2f396d1f1a2432afa039c4885ef573dae20969000252,03834ee2b34a23bc4d2432b50bcfc6313066882f5c8c5f156d13c8e90c59fe64,AIGVDBench/Real/Real.zip,videos/2ys3bEvNorQ_0_481to1272.mp4,7999243,8004853,dataset_cc_by_4_0_component_partial,not_downloaded
open_sora::2ys3bEvNorQ_0_481to1272,AIGVDBench,2ys3bEvNorQ_0_481to1272,aigvdbench:2ys3bEvNorQ_0_481to1272,train,train,1,Open-Sora,text_to_video,2ys3bEvNorQ_0_481to1272.mp4,dfba0807f2f1f76d877c2f396d1f1a2432afa039c4885ef573dae20969000252,03834ee2b34a23bc4d2432b50bcfc6313066882f5c8c5f156d13c8e90c59fe64,AIGVDBench/OpenSource/T2V/Open-Sora.zip,videos/2ys3bEvNorQ_0_481to1272.mp4,47750,48602,dataset_cc_by_4_0_component_partial,not_downloaded
real::PvTaBtWFh7U_2_0to608,AIGVDBench,PvTaBtWFh7U_2_0to608,aigvdbench:PvTaBtWFh7U_2_0to608,train,train,0,,real_video,PvTaBtWFh7U_2_0to608.mp4,2be9b548baa54713c07df3715a9861a852030866429f3fc0e137d9908e0dc6c3,0383ca63a22ca0144923e5440996e251eacda4ff0621bfa477e10cf508c2921d,AIGVDBench/Real/Real.zip,videos/PvTaBtWFh7U_2_0to608.mp4,9340783,9342302,dataset_cc_by_4_0_component_partial,not_downloaded
open_sora::PvTaBtWFh7U_2_0to608,AIGVDBench,PvTaBtWFh7U_2_0to608,aigvdbench:PvTaBtWFh7U_2_0to608,train,train,1,Open-Sora,text_to_video,PvTaBtWFh7U_2_0to608.mp4,2be9b548baa54713c07df3715a9861a852030866429f3fc0e137d9908e0dc6c3,0383ca63a22ca0144923e5440996e251eacda4ff0621bfa477e10cf508c2921d,AIGVDBench/OpenSource/T2V/Open-Sora.zip,videos/PvTaBtWFh7U_2_0to608.mp4,38640,39444,dataset_cc_by_4_0_component_partial,not_downloaded
real::hFK5n4KOPuI_1_0to940,AIGVDBench,hFK5n4KOPuI_1_0to940,aigvdbench:hFK5n4KOPuI_1_0to940,train,train,0,,real_video,hFK5n4KOPuI_1_0to940.mp4,2e1a4bbb983a5cfb6bc442358c3c207a72bc5c125ade4fb944d68f06330ecdf9,03892c52e45d8e6c658c27f4343e08bd0caedaa02cd1a1bc7fc13c776ec63018,AIGVDBench/Real/Real.zip,videos/hFK5n4KOPuI_1_0to940.mp4,15970221,15971461,dataset_cc_by_4_0_component_partial,not_downloaded
open_sora::hFK5n4KOPuI_1_0to940,AIGVDBench,hFK5n4KOPuI_1_0to940,aigvdbench:hFK5n4KOPuI_1_0to940,train,train,1,Open-Sora,text_to_video,hFK5n4KOPuI_1_0to940.mp4,2e1a4bbb983a5cfb6bc442358c3c207a72bc5c125ade4fb944d68f06330ecdf9,03892c52e45d8e6c658c27f4343e08bd0caedaa02cd1a1bc7fc13c776ec63018,AIGVDBench/OpenSource/T2V/Open-Sora.zip,videos/hFK5n4KOPuI_1_0to940.mp4,66717,67526,dataset_cc_by_4_0_component_partial,not_downloaded
real::2qWrvIjFolk_7_0to183,AIGVDBench,2qWrvIjFolk_7_0to183,aigvdbench:2qWrvIjFolk_7_0to183,train,train,0,,real_video,2qWrvIjFolk_7_0to183.mp4,3f24482ef02489fdac46f3c23d9045c92b628def2164057cb47bf9de8c478a71,038fef4cc238f14906286a2c32c312789633ea6cad3d3f6f8ebdf8646d2fa0b0,AIGVDBench/Real/Real.zip,videos/2qWrvIjFolk_7_0to183.mp4,6822116,6821900,dataset_cc_by_4_0_component_partial,not_downloaded
open_sora::2qWrvIjFolk_7_0to183,AIGVDBench,2qWrvIjFolk_7_0to183,aigvdbench:2qWrvIjFolk_7_0to183,train,train,1,Open-Sora,text_to_video,2qWrvIjFolk_7_0to183.mp4,3f24482ef02489fdac46f3c23d9045c92b628def2164057cb47bf9de8c478a71,038fef4cc238f14906286a2c32c312789633ea6cad3d3f6f8ebdf8646d2fa0b0,AIGVDBench/OpenSource/T2V/Open-Sora.zip,videos/2qWrvIjFolk_7_0to183.mp4,80015,80808,dataset_cc_by_4_0_component_partial,not_downloaded
real::_k6CFrwKc_s_0_166to352,AIGVDBench,_k6CFrwKc_s_0_166to352,aigvdbench:_k6CFrwKc_s_0_166to352,train,train,0,,real_video,_k6CFrwKc_s_0_166to352.mp4,c71e9b8cb55c1764430bddbd6d8f930ff4571914034ca82d8f79fe8456e6ca83,03ab198ee13c726739a586c7c6a894d67e58c2ea89d43545c1dc5346c3b7b3a1,AIGVDBench/Real/Real.zip,videos/_k6CFrwKc_s_0_166to352.mp4,2658486,2659795,dataset_cc_by_4_0_component_partial,not_downloaded
open_sora::_k6CFrwKc_s_0_166to352,AIGVDBench,_k6CFrwKc_s_0_166to352,aigvdbench:_k6CFrwKc_s_0_166to352,train,train,1,Open-Sora,text_to_video,_k6CFrwKc_s_0_166to352.mp4,c71e9b8cb55c1764430bddbd6d8f930ff4571914034ca82d8f79fe8456e6ca83,03ab198ee13c726739a586c7c6a894d67e58c2ea89d43545c1dc5346c3b7b3a1,AIGVDBench/OpenSource/T2V/Open-Sora.zip,videos/_k6CFrwKc_s_0_166to352.mp4,64987,65755,dataset_cc_by_4_0_component_partial,not_downloaded
real::e-4i4lpLGtU_26_0to268,AIGVDBench,e-4i4lpLGtU_26_0to268,aigvdbench:e-4i4lpLGtU_26_0to268,train,train,0,,real_video,e-4i4lpLGtU_26_0to268.mp4,bce045f82860b7b771bd5823dc7fe09e2c6a7de37473f63f9c9053963fbd512d,03ada49f6a44c349d95a9a4fbe570646352e0854d843317bc1c28c221262921f,AIGVDBench/Real/Real.zip,videos/e-4i4lpLGtU_26_0to268.mp4,1782872,1785760,dataset_cc_by_4_0_component_partial,not_downloaded
open_sora::e-4i4lpLGtU_26_0to268,AIGVDBench,e-4i4lpLGtU_26_0to268,aigvdbench:e-4i4lpLGtU_26_0to268,train,train,1,Open-Sora,text_to_video,e-4i4lpLGtU_26_0to268.mp4,bce045f82860b7b771bd5823dc7fe09e2c6a7de37473f63f9c9053963fbd512d,03ada49f6a44c349d95a9a4fbe570646352e0854d843317bc1c28c221262921f,AIGVDBench/OpenSource/T2V/Open-Sora.zip,videos/e-4i4lpLGtU_26_0to268.mp4,58489,59300,dataset_cc_by_4_0_component_partial,not_downloaded
real::icaoh0VNV14_20_17to244,AIGVDBench,icaoh0VNV14_20_17to244,aigvdbench:icaoh0VNV14_20_17to244,train,train,0,,real_video,icaoh0VNV14_20_17to244.mp4,b52cfd920a26ab89db652d0c2dd33f47ceecd99d26d151a818b448314224ad54,03adf93aee093910b98ef9402f0d87f566a2e69b72e8dacd0c1d76087068b5f9,AIGVDBench/Real/Real.zip,videos/icaoh0VNV14_20_17to244.mp4,3052208,3053294,dataset_cc_by_4_0_component_partial,not_downloaded
open_sora::icaoh0VNV14_20_17to244,AIGVDBench,icaoh0VNV14_20_17to244,aigvdbench:icaoh0VNV14_20_17to244,train,train,1,Open-Sora,text_to_video,icaoh0VNV14_20_17to244.mp4,b52cfd920a26ab89db652d0c2dd33f47ceecd99d26d151a818b448314224ad54,03adf93aee093910b98ef9402f0d87f566a2e69b72e8dacd0c1d76087068b5f9,AIGVDBench/OpenSource/T2V/Open-Sora.zip,videos/icaoh0VNV14_20_17to244.mp4,64813,65561,dataset_cc_by_4_0_component_partial,not_downloaded
real::y4CwtyS2L6M_15_0to180,AIGVDBench,y4CwtyS2L6M_15_0to180,aigvdbench:y4CwtyS2L6M_15_0to180,train,train,0,,real_video,y4CwtyS2L6M_15_0to180.mp4,024473d638aa851a139c73823ceedf50061b3589ace4fb03f55809cbe7e9ef4e,03ae5d884c444cdc7a81c25bc4a7e84f24c3fb91f0c1c8d1b33be2a92ee73271,AIGVDBench/Real/Real.zip,videos/y4CwtyS2L6M_15_0to180.mp4,3018389,3019525,dataset_cc_by_4_0_component_partial,not_downloaded
open_sora::y4CwtyS2L6M_15_0to180,AIGVDBench,y4CwtyS2L6M_15_0to180,aigvdbench:y4CwtyS2L6M_15_0to180,train,train,1,Open-Sora,text_to_video,y4CwtyS2L6M_15_0to180.mp4,024473d638aa851a139c73823ceedf50061b3589ace4fb03f55809cbe7e9ef4e,03ae5d884c444cdc7a81c25bc4a7e84f24c3fb91f0c1c8d1b33be2a92ee73271,AIGVDBench/OpenSource/T2V/Open-Sora.zip,videos/y4CwtyS2L6M_15_0to180.mp4,34282,35244,dataset_cc_by_4_0_component_partial,not_downloaded
real::g3niHJw5f5Q_22_0to137,AIGVDBench,g3niHJw5f5Q_22_0to137,aigvdbench:g3niHJw5f5Q_22_0to137,train,train,0,,real_video,g3niHJw5f5Q_22_0to137.mp4,a2f686b1e163f4debc9a8f0d914ba27499e1a60163b829c8e4e964cea6a8cd06,03b11788a418f3c1ba1783bd72a9522b935a5fb670b8d14ba584b6c7edb32ca7,AIGVDBench/Real/Real.zip,videos/g3niHJw5f5Q_22_0to137.mp4,2932719,2933252,dataset_cc_by_4_0_component_partial,not_downloaded
open_sora::g3niHJw5f5Q_22_0to137,AIGVDBench,g3niHJw5f5Q_22_0to137,aigvdbench:g3niHJw5f5Q_22_0to137,train,train,1,Open-Sora,text_to_video,g3niHJw5f5Q_22_0to137.mp4,a2f686b1e163f4debc9a8f0d914ba27499e1a60163b829c8e4e964cea6a8cd06,03b11788a418f3c1ba1783bd72a9522b935a5fb670b8d14ba584b6c7edb32ca7,AIGVDBench/OpenSource/T2V/Open-Sora.zip,videos/g3niHJw5f5Q_22_0to137.mp4,40914,41815,dataset_cc_by_4_0_component_partial,not_downloaded
real::ydhzwi5dFds_8_157to730,AIGVDBench,ydhzwi5dFds_8_157to730,aigvdbench:ydhzwi5dFds_8_157to730,train,train,0,,real_video,ydhzwi5dFds_8_157to730.mp4,1dcdb1bd2f45cce58d2c3bc50437e7eee1450fd86b56507348450f2f86cd27f3,03b5ddaffeb52e9f132175b5eb21f781db47441b0226f662957be4bcf7193064,AIGVDBench/Real/Real.zip,videos/ydhzwi5dFds_8_157to730.mp4,16189752,16188990,dataset_cc_by_4_0_component_partial,not_downloaded
open_sora::ydhzwi5dFds_8_157to730,AIGVDBench,ydhzwi5dFds_8_157to730,aigvdbench:ydhzwi5dFds_8_157to730,train,train,1,Open-Sora,text_to_video,ydhzwi5dFds_8_157to730.mp4,1dcdb1bd2f45cce58d2c3bc50437e7eee1450fd86b56507348450f2f86cd27f3,03b5ddaffeb52e9f132175b5eb21f781db47441b0226f662957be4bcf7193064,AIGVDBench/OpenSource/T2V/Open-Sora.zip,videos/ydhzwi5dFds_8_157to730.mp4,80086,80776,dataset_cc_by_4_0_component_partial,not_downloaded
real::HD46EPitLKs_7_352to503,AIGVDBench,HD46EPitLKs_7_352to503,aigvdbench:HD46EPitLKs_7_352to503,train,train,0,,real_video,HD46EPitLKs_7_352to503.mp4,751fc39750eed009f407d5017f687d8b5d7e9c0ecf8aa4f16d39eca06640d430,03b79a0ce5d41a83a85995e474c7f86276f76f6035aa4ab733f636b91b1ae73b,AIGVDBench/Real/Real.zip,videos/HD46EPitLKs_7_352to503.mp4,892610,893456,dataset_cc_by_4_0_component_partial,not_downloaded
open_sora::HD46EPitLKs_7_352to503,AIGVDBench,HD46EPitLKs_7_352to503,aigvdbench:HD46EPitLKs_7_352to503,train,train,1,Open-Sora,text_to_video,HD46EPitLKs_7_352to503.mp4,751fc39750eed009f407d5017f687d8b5d7e9c0ecf8aa4f16d39eca06640d430,03b79a0ce5d41a83a85995e474c7f86276f76f6035aa4ab733f636b91b1ae73b,AIGVDBench/OpenSource/T2V/Open-Sora.zip,videos/HD46EPitLKs_7_352to503.mp4,86734,87436,dataset_cc_by_4_0_component_partial,not_downloaded
real::8Wf9XoWyOQs_14_375to505,AIGVDBench,8Wf9XoWyOQs_14_375to505,aigvdbench:8Wf9XoWyOQs_14_375to505,train,train,0,,real_video,8Wf9XoWyOQs_14_375to505.mp4,f25c18908f4b6673e4683ce1641f3402d5d801a5a09171670cb4f4be38ddbd70,03ba3e8785c311b9353e84cb91087e18c58650ca7bdd80b7cfc7a82591a87d4e,AIGVDBench/Real/Real.zip,videos/8Wf9XoWyOQs_14_375to505.mp4,1851334,1851782,dataset_cc_by_4_0_component_partial,not_downloaded
open_sora::8Wf9XoWyOQs_14_375to505,AIGVDBench,8Wf9XoWyOQs_14_375to505,aigvdbench:8Wf9XoWyOQs_14_375to505,train,train,1,Open-Sora,text_to_video,8Wf9XoWyOQs_14_375to505.mp4,f25c18908f4b6673e4683ce1641f3402d5d801a5a09171670cb4f4be38ddbd70,03ba3e8785c311b9353e84cb91087e18c58650ca7bdd80b7cfc7a82591a87d4e,AIGVDBench/OpenSource/T2V/Open-Sora.zip,videos/8Wf9XoWyOQs_14_375to505.mp4,41565,42378,dataset_cc_by_4_0_component_partial,not_downloaded
real::xgW92dtXPI4_6_0to438,AIGVDBench,xgW92dtXPI4_6_0to438,aigvdbench:xgW92dtXPI4_6_0to438,train,train,0,,real_video,xgW92dtXPI4_6_0to438.mp4,3be6c7ffeb25edb290730af64a7479b022a3d033967abe8e1bf6d6b14ce3a673,03bfc022a2fff5569eccb4f87bf7d5a987f7cf707ebab708a3a306363a4fd61a,AIGVDBench/Real/Real.zip,videos/xgW92dtXPI4_6_0to438.mp4,7206974,7209602,dataset_cc_by_4_0_component_partial,not_downloaded
open_sora::xgW92dtXPI4_6_0to438,AIGVDBench,xgW92dtXPI4_6_0to438,aigvdbench:xgW92dtXPI4_6_0to438,train,train,1,Open-Sora,text_to_video,xgW92dtXPI4_6_0to438.mp4,3be6c7ffeb25edb290730af64a7479b022a3d033967abe8e1bf6d6b14ce3a673,03bfc022a2fff5569eccb4f87bf7d5a987f7cf707ebab708a3a306363a4fd61a,AIGVDBench/OpenSource/T2V/Open-Sora.zip,videos/xgW92dtXPI4_6_0to438.mp4,48441,49280,dataset_cc_by_4_0_component_partial,not_downloaded
real::fRneaq9JXvM_16_0to356,AIGVDBench,fRneaq9JXvM_16_0to356,aigvdbench:fRneaq9JXvM_16_0to356,train,train,0,,real_video,fRneaq9JXvM_16_0to356.mp4,924ec11f15d96f29b7496630df6be955bbf4f824a6bf5133377d330b8fcd157e,03c24e3cdac63327ef7be3bf99b75cb89e90c24385657bd6496e5a7ccaf54352,AIGVDBench/Real/Real.zip,videos/fRneaq9JXvM_16_0to356.mp4,4172528,4173113,dataset_cc_by_4_0_component_partial,not_downloaded
open_sora::fRneaq9JXvM_16_0to356,AIGVDBench,fRneaq9JXvM_16_0to356,aigvdbench:fRneaq9JXvM_16_0to356,train,train,1,Open-Sora,text_to_video,fRneaq9JXvM_16_0to356.mp4,924ec11f15d96f29b7496630df6be955bbf4f824a6bf5133377d330b8fcd157e,03c24e3cdac63327ef7be3bf99b75cb89e90c24385657bd6496e5a7ccaf54352,AIGVDBench/OpenSource/T2V/Open-Sora.zip,videos/fRneaq9JXvM_16_0to356.mp4,60054,60825,dataset_cc_by_4_0_component_partial,not_downloaded
real::znnNhu2TML8_12_0to442,AIGVDBench,znnNhu2TML8_12_0to442,aigvdbench:znnNhu2TML8_12_0to442,train,train,0,,real_video,znnNhu2TML8_12_0to442.mp4,27fb4aca121f3141a55f244782486f6acd3544321ab3337a29e455cee26daad9,03c854f7f8beefc2497a65e5a0bdecaa725e5786915acd2f36c151cc2ba89d94,AIGVDBench/Real/Real.zip,videos/znnNhu2TML8_12_0to442.mp4,9798664,9799750,dataset_cc_by_4_0_component_partial,not_downloaded
open_sora::znnNhu2TML8_12_0to442,AIGVDBench,znnNhu2TML8_12_0to442,aigvdbench:znnNhu2TML8_12_0to442,train,train,1,Open-Sora,text_to_video,znnNhu2TML8_12_0to442.mp4,27fb4aca121f3141a55f244782486f6acd3544321ab3337a29e455cee26daad9,03c854f7f8beefc2497a65e5a0bdecaa725e5786915acd2f36c151cc2ba89d94,AIGVDBench/OpenSource/T2V/Open-Sora.zip,videos/znnNhu2TML8_12_0to442.mp4,45202,46014,dataset_cc_by_4_0_component_partial,not_downloaded
real::Q_6dEWfnMhE_18_251to779,AIGVDBench,Q_6dEWfnMhE_18_251to779,aigvdbench:Q_6dEWfnMhE_18_251to779,train,train,0,,real_video,Q_6dEWfnMhE_18_251to779.mp4,abae69e72b9faf2614c020bbe7821d54faeddd1645e52d38e7b7780002d08082,03cc23e2d54b471b7ae8749ca0feb7cedbd12ef57057cdfafc1fc1241c607e6a,AIGVDBench/Real/Real.zip,videos/Q_6dEWfnMhE_18_251to779.mp4,7827172,7829258,dataset_cc_by_4_0_component_partial,not_downloaded
open_sora::Q_6dEWfnMhE_18_251to779,AIGVDBench,Q_6dEWfnMhE_18_251to779,aigvdbench:Q_6dEWfnMhE_18_251to779,train,train,1,Open-Sora,text_to_video,Q_6dEWfnMhE_18_251to779.mp4,abae69e72b9faf2614c020bbe7821d54faeddd1645e52d38e7b7780002d08082,03cc23e2d54b471b7ae8749ca0feb7cedbd12ef57057cdfafc1fc1241c607e6a,AIGVDBench/OpenSource/T2V/Open-Sora.zip,videos/Q_6dEWfnMhE_18_251to779.mp4,41650,42465,dataset_cc_by_4_0_component_partial,not_downloaded
real::r6Oxqyd5qUw_20_0to206,AIGVDBench,r6Oxqyd5qUw_20_0to206,aigvdbench:r6Oxqyd5qUw_20_0to206,train,train,0,,real_video,r6Oxqyd5qUw_20_0to206.mp4,280a1342d12e0b733393e9f94fa392ed44eb8621b072898f7f5c2a891602909a,03cd15ca3fc585d19cd22c91caf88206861971a89e21adf84753f4a03df76ba0,AIGVDBench/Real/Real.zip,videos/r6Oxqyd5qUw_20_0to206.mp4,4959609,4960000,dataset_cc_by_4_0_component_partial,not_downloaded
open_sora::r6Oxqyd5qUw_20_0to206,AIGVDBench,r6Oxqyd5qUw_20_0to206,aigvdbench:r6Oxqyd5qUw_20_0to206,train,train,1,Open-Sora,text_to_video,r6Oxqyd5qUw_20_0to206.mp4,280a1342d12e0b733393e9f94fa392ed44eb8621b072898f7f5c2a891602909a,03cd15ca3fc585d19cd22c91caf88206861971a89e21adf84753f4a03df76ba0,AIGVDBench/OpenSource/T2V/Open-Sora.zip,videos/r6Oxqyd5qUw_20_0to206.mp4,44735,45544,dataset_cc_by_4_0_component_partial,not_downloaded
real::A4RFHaLI0f4_0_0to154,AIGVDBench,A4RFHaLI0f4_0_0to154,aigvdbench:A4RFHaLI0f4_0_0to154,train,train,0,,real_video,A4RFHaLI0f4_0_0to154.mp4,22d6e525047daefebf9e0423fad0e43eee0298eff841734a6cc4e32d6b5ca6ec,03ce4bab4bab495ceb8d52db8a4d59def17d40235c64bfbebbf64aa9f6ef6927,AIGVDBench/Real/Real.zip,videos/A4RFHaLI0f4_0_0to154.mp4,3187766,3188277,dataset_cc_by_4_0_component_partial,not_downloaded
open_sora::A4RFHaLI0f4_0_0to154,AIGVDBench,A4RFHaLI0f4_0_0to154,aigvdbench:A4RFHaLI0f4_0_0to154,train,train,1,Open-Sora,text_to_video,A4RFHaLI0f4_0_0to154.mp4,22d6e525047daefebf9e0423fad0e43eee0298eff841734a6cc4e32d6b5ca6ec,03ce4bab4bab495ceb8d52db8a4d59def17d40235c64bfbebbf64aa9f6ef6927,AIGVDBench/OpenSource/T2V/Open-Sora.zip,videos/A4RFHaLI0f4_0_0to154.mp4,52147,52957,dataset_cc_by_4_0_component_partial,not_downloaded
real::uk4ufHkhepk_4_291to497,AIGVDBench,uk4ufHkhepk_4_291to497,aigvdbench:uk4ufHkhepk_4_291to497,train,train,0,,real_video,uk4ufHkhepk_4_291to497.mp4,edbc4ae4004afa508dfeb3d39a795ad0a3f8b20fe2a086a17996d7a7273be3e1,03cf672391643e9e97e955bd3acd4aef0c8476090a404c55d39ef44781999d1d,AIGVDBench/Real/Real.zip,videos/uk4ufHkhepk_4_291to497.mp4,4255059,4255153,dataset_cc_by_4_0_component_partial,not_downloaded
open_sora::uk4ufHkhepk_4_291to497,AIGVDBench,uk4ufHkhepk_4_291to497,aigvdbench:uk4ufHkhepk_4_291to497,train,train,1,Open-Sora,text_to_video,uk4ufHkhepk_4_291to497.mp4,edbc4ae4004afa508dfeb3d39a795ad0a3f8b20fe2a086a17996d7a7273be3e1,03cf672391643e9e97e955bd3acd4aef0c8476090a404c55d39ef44781999d1d,AIGVDBench/OpenSource/T2V/Open-Sora.zip,videos/uk4ufHkhepk_4_291to497.mp4,43398,44261,dataset_cc_by_4_0_component_partial,not_downloaded
real::eH_LbWkTiZU_42_18to194,AIGVDBench,eH_LbWkTiZU_42_18to194,aigvdbench:eH_LbWkTiZU_42_18to194,train,train,0,,real_video,eH_LbWkTiZU_42_18to194.mp4,6f542e4cbd01bd9eeb8f2ce99ace3fdc785b06aff83241f26572768399bf59d7,03cf90a3bfc10ad6a5cef1c1a8f838469126c1d66fa7c728ccf96a1f1d5fb69c,AIGVDBench/Real/Real.zip,videos/eH_LbWkTiZU_42_18to194.mp4,2358441,2358890,dataset_cc_by_4_0_component_partial,not_downloaded
open_sora::eH_LbWkTiZU_42_18to194,AIGVDBench,eH_LbWkTiZU_42_18to194,aigvdbench:eH_LbWkTiZU_42_18to194,train,train,1,Open-Sora,text_to_video,eH_LbWkTiZU_42_18to194.mp4,6f542e4cbd01bd9eeb8f2ce99ace3fdc785b06aff83241f26572768399bf59d7,03cf90a3bfc10ad6a5cef1c1a8f838469126c1d66fa7c728ccf96a1f1d5fb69c,AIGVDBench/OpenSource/T2V/Open-Sora.zip,videos/eH_LbWkTiZU_42_18to194.mp4,35553,36455,dataset_cc_by_4_0_component_partial,not_downloaded
real::1BS4s5NRXaM_1_406to996,AIGVDBench,1BS4s5NRXaM_1_406to996,aigvdbench:1BS4s5NRXaM_1_406to996,train,train,0,,real_video,1BS4s5NRXaM_1_406to996.mp4,86560c175929ce4fa29cbe7d6593716df0d47e8004225ba8b281af42fbe318a8,03cfbd99bb7060ce2d0f98fbc6a6ab2aa9d4e48234e760e544e62a145b9b8cf5,AIGVDBench/Real/Real.zip,videos/1BS4s5NRXaM_1_406to996.mp4,5054640,5056160,dataset_cc_by_4_0_component_partial,not_downloaded
open_sora::1BS4s5NRXaM_1_406to996,AIGVDBench,1BS4s5NRXaM_1_406to996,aigvdbench:1BS4s5NRXaM_1_406to996,train,train,1,Open-Sora,text_to_video,1BS4s5NRXaM_1_406to996.mp4,86560c175929ce4fa29cbe7d6593716df0d47e8004225ba8b281af42fbe318a8,03cfbd99bb7060ce2d0f98fbc6a6ab2aa9d4e48234e760e544e62a145b9b8cf5,AIGVDBench/OpenSource/T2V/Open-Sora.zip,videos/1BS4s5NRXaM_1_406to996.mp4,46372,47195,dataset_cc_by_4_0_component_partial,not_downloaded
real::BkSlw0mdjqY_44_0to136,AIGVDBench,BkSlw0mdjqY_44_0to136,aigvdbench:BkSlw0mdjqY_44_0to136,train,train,0,,real_video,BkSlw0mdjqY_44_0to136.mp4,e44594de72351f52b6f62d4549fa42951a57aa3c08efcee3cfae7825796db7b0,03e4e94b4a59c7b205ff711003e80ddc2a9ed53fe0b2eb46341cb6c39d247756,AIGVDBench/Real/Real.zip,videos/BkSlw0mdjqY_44_0to136.mp4,2882334,2882655,dataset_cc_by_4_0_component_partial,not_downloaded
open_sora::BkSlw0mdjqY_44_0to136,AIGVDBench,BkSlw0mdjqY_44_0to136,aigvdbench:BkSlw0mdjqY_44_0to136,train,train,1,Open-Sora,text_to_video,BkSlw0mdjqY_44_0to136.mp4,e44594de72351f52b6f62d4549fa42951a57aa3c08efcee3cfae7825796db7b0,03e4e94b4a59c7b205ff711003e80ddc2a9ed53fe0b2eb46341cb6c39d247756,AIGVDBench/OpenSource/T2V/Open-Sora.zip,videos/BkSlw0mdjqY_44_0to136.mp4,55583,56419,dataset_cc_by_4_0_component_partial,not_downloaded
real::ATLXmT6beUg_17_0to217,AIGVDBench,ATLXmT6beUg_17_0to217,aigvdbench:ATLXmT6beUg_17_0to217,train,train,0,,real_video,ATLXmT6beUg_17_0to217.mp4,da8083246a0e662221b5d23c7f0ba7d64dc3221014f1781551b7c905d27929d1,03e551b77ebd7816d134c7bf440fe888094c3ec5818b80cabcfe214de251aa03,AIGVDBench/Real/Real.zip,videos/ATLXmT6beUg_17_0to217.mp4,3584258,3584994,dataset_cc_by_4_0_component_partial,not_downloaded
open_sora::ATLXmT6beUg_17_0to217,AIGVDBench,ATLXmT6beUg_17_0to217,aigvdbench:ATLXmT6beUg_17_0to217,train,train,1,Open-Sora,text_to_video,ATLXmT6beUg_17_0to217.mp4,da8083246a0e662221b5d23c7f0ba7d64dc3221014f1781551b7c905d27929d1,03e551b77ebd7816d134c7bf440fe888094c3ec5818b80cabcfe214de251aa03,AIGVDBench/OpenSource/T2V/Open-Sora.zip,videos/ATLXmT6beUg_17_0to217.mp4,59966,60711,dataset_cc_by_4_0_component_partial,not_downloaded
real::bC_Kkdn6__0_11_96to312,AIGVDBench,bC_Kkdn6__0_11_96to312,aigvdbench:bC_Kkdn6__0_11_96to312,train,train,0,,real_video,bC_Kkdn6__0_11_96to312.mp4,02d144e983820b9aebb78e98182f53e81b59f9098f9354db116ccc5c72a0b9e8,03e897c98104d446e2793d7132734f0d6459a12e7f77fac2f9c3955a9275ef83,AIGVDBench/Real/Real.zip,videos/bC_Kkdn6__0_11_96to312.mp4,2330379,2331963,dataset_cc_by_4_0_component_partial,not_downloaded
open_sora::bC_Kkdn6__0_11_96to312,AIGVDBench,bC_Kkdn6__0_11_96to312,aigvdbench:bC_Kkdn6__0_11_96to312,train,train,1,Open-Sora,text_to_video,bC_Kkdn6__0_11_96to312.mp4,02d144e983820b9aebb78e98182f53e81b59f9098f9354db116ccc5c72a0b9e8,03e897c98104d446e2793d7132734f0d6459a12e7f77fac2f9c3955a9275ef83,AIGVDBench/OpenSource/T2V/Open-Sora.zip,videos/bC_Kkdn6__0_11_96to312.mp4,55281,56079,dataset_cc_by_4_0_component_partial,not_downloaded
real::gPJiVy3LvvA_6_0to312,AIGVDBench,gPJiVy3LvvA_6_0to312,aigvdbench:gPJiVy3LvvA_6_0to312,train,train,0,,real_video,gPJiVy3LvvA_6_0to312.mp4,a7257c8f7039d3e157b5447dcb629f1f16e6159d1c76623aed2ca02b81735ef0,03e8bd7c183558bddd7f7ab118eb0be4c934604cf67451416d71e38822b4c199,AIGVDBench/Real/Real.zip,videos/gPJiVy3LvvA_6_0to312.mp4,13357490,13357878,dataset_cc_by_4_0_component_partial,not_downloaded
open_sora::gPJiVy3LvvA_6_0to312,AIGVDBench,gPJiVy3LvvA_6_0to312,aigvdbench:gPJiVy3LvvA_6_0to312,train,train,1,Open-Sora,text_to_video,gPJiVy3LvvA_6_0to312.mp4,a7257c8f7039d3e157b5447dcb629f1f16e6159d1c76623aed2ca02b81735ef0,03e8bd7c183558bddd7f7ab118eb0be4c934604cf67451416d71e38822b4c199,AIGVDBench/OpenSource/T2V/Open-Sora.zip,videos/gPJiVy3LvvA_6_0to312.mp4,53899,54671,dataset_cc_by_4_0_component_partial,not_downloaded
real::8Om8dvd-Zcc_11_0to226,AIGVDBench,8Om8dvd-Zcc_11_0to226,aigvdbench:8Om8dvd-Zcc_11_0to226,train,train,0,,real_video,8Om8dvd-Zcc_11_0to226.mp4,af8e267effb9cd8aab3d3c6d68eb31c5f55fa1762389cbd1f6386f3587005ee1,03f03638f35e27e44c41648a3b4c7afef8869ce5d2c310021e7085ab1500c69f,AIGVDBench/Real/Real.zip,videos/8Om8dvd-Zcc_11_0to226.mp4,3430016,3431560,dataset_cc_by_4_0_component_partial,not_downloaded
open_sora::8Om8dvd-Zcc_11_0to226,AIGVDBench,8Om8dvd-Zcc_11_0to226,aigvdbench:8Om8dvd-Zcc_11_0to226,train,train,1,Open-Sora,text_to_video,8Om8dvd-Zcc_11_0to226.mp4,af8e267effb9cd8aab3d3c6d68eb31c5f55fa1762389cbd1f6386f3587005ee1,03f03638f35e27e44c41648a3b4c7afef8869ce5d2c310021e7085ab1500c69f,AIGVDBench/OpenSource/T2V/Open-Sora.zip,videos/8Om8dvd-Zcc_11_0to226.mp4,47343,48080,dataset_cc_by_4_0_component_partial,not_downloaded
real::IhXnm_wYSRA_27_0to316,AIGVDBench,IhXnm_wYSRA_27_0to316,aigvdbench:IhXnm_wYSRA_27_0to316,train,train,0,,real_video,IhXnm_wYSRA_27_0to316.mp4,d00b68be60223e0c94200cab1b01c49c072cff08d261f1c331da438f4eb379a4,03ff9a2811d9fb49fa0739601f50a16467fd1d007ed11358b72e1901d89f4ac8,AIGVDBench/Real/Real.zip,videos/IhXnm_wYSRA_27_0to316.mp4,6220702,6220951,dataset_cc_by_4_0_component_partial,not_downloaded
open_sora::IhXnm_wYSRA_27_0to316,AIGVDBench,IhXnm_wYSRA_27_0to316,aigvdbench:IhXnm_wYSRA_27_0to316,train,train,1,Open-Sora,text_to_video,IhXnm_wYSRA_27_0to316.mp4,d00b68be60223e0c94200cab1b01c49c072cff08d261f1c331da438f4eb379a4,03ff9a2811d9fb49fa0739601f50a16467fd1d007ed11358b72e1901d89f4ac8,AIGVDBench/OpenSource/T2V/Open-Sora.zip,videos/IhXnm_wYSRA_27_0to316.mp4,39742,40596,dataset_cc_by_4_0_component_partial,not_downloaded
real::0wFKWnUwqoQ_40_0to542,AIGVDBench,0wFKWnUwqoQ_40_0to542,aigvdbench:0wFKWnUwqoQ_40_0to542,train,train,0,,real_video,0wFKWnUwqoQ_40_0to542.mp4,fddeffb5b4fe7edb7fb3ec2239ff6d6ad0d8db68ef4f86644b5a7d8440930a8f,0403bd162553a3a2f053a4791a6f147c2b50de68edd5835bb3be1d0bfdc32e6f,AIGVDBench/Real/Real.zip,videos/0wFKWnUwqoQ_40_0to542.mp4,8013195,8013998,dataset_cc_by_4_0_component_partial,not_downloaded
open_sora::0wFKWnUwqoQ_40_0to542,AIGVDBench,0wFKWnUwqoQ_40_0to542,aigvdbench:0wFKWnUwqoQ_40_0to542,train,train,1,Open-Sora,text_to_video,0wFKWnUwqoQ_40_0to542.mp4,fddeffb5b4fe7edb7fb3ec2239ff6d6ad0d8db68ef4f86644b5a7d8440930a8f,0403bd162553a3a2f053a4791a6f147c2b50de68edd5835bb3be1d0bfdc32e6f,AIGVDBench/OpenSource/T2V/Open-Sora.zip,videos/0wFKWnUwqoQ_40_0to542.mp4,56724,57563,dataset_cc_by_4_0_component_partial,not_downloaded
real::tE9zViGIR14_11_0to136,AIGVDBench,tE9zViGIR14_11_0to136,aigvdbench:tE9zViGIR14_11_0to136,train,train,0,,real_video,tE9zViGIR14_11_0to136.mp4,6cdf117a4d0be33bc3422901d2b41a024d05af5d4fa63806db9ed9786416132e,0406224cb27e77942333d38904dbac6dee3361dea0cd49340f124f9152b2bb56,AIGVDBench/Real/Real.zip,videos/tE9zViGIR14_11_0to136.mp4,1186911,1188148,dataset_cc_by_4_0_component_partial,not_downloaded
open_sora::tE9zViGIR14_11_0to136,AIGVDBench,tE9zViGIR14_11_0to136,aigvdbench:tE9zViGIR14_11_0to136,train,train,1,Open-Sora,text_to_video,tE9zViGIR14_11_0to136.mp4,6cdf117a4d0be33bc3422901d2b41a024d05af5d4fa63806db9ed9786416132e,0406224cb27e77942333d38904dbac6dee3361dea0cd49340f124f9152b2bb56,AIGVDBench/OpenSource/T2V/Open-Sora.zip,videos/tE9zViGIR14_11_0to136.mp4,36131,37010,dataset_cc_by_4_0_component_partial,not_downloaded
real::2ewvtkywAI8_27_0to207,AIGVDBench,2ewvtkywAI8_27_0to207,aigvdbench:2ewvtkywAI8_27_0to207,train,train,0,,real_video,2ewvtkywAI8_27_0to207.mp4,d6aab9796157a3bac2a6c02950d0aa2eaeeaa502088d30023c791acb5c474239,040b801f4215b297781ff7cad5dbaa033376820e44852365f1ca2680da36ca37,AIGVDBench/Real/Real.zip,videos/2ewvtkywAI8_27_0to207.mp4,3778819,3779472,dataset_cc_by_4_0_component_partial,not_downloaded
open_sora::2ewvtkywAI8_27_0to207,AIGVDBench,2ewvtkywAI8_27_0to207,aigvdbench:2ewvtkywAI8_27_0to207,train,train,1,Open-Sora,text_to_video,2ewvtkywAI8_27_0to207.mp4,d6aab9796157a3bac2a6c02950d0aa2eaeeaa502088d30023c791acb5c474239,040b801f4215b297781ff7cad5dbaa033376820e44852365f1ca2680da36ca37,AIGVDBench/OpenSource/T2V/Open-Sora.zip,videos/2ewvtkywAI8_27_0to207.mp4,75834,76535,dataset_cc_by_4_0_component_partial,not_downloaded
real::P74GT7oD9lA_6_78to181,AIGVDBench,P74GT7oD9lA_6_78to181,aigvdbench:P74GT7oD9lA_6_78to181,train,train,0,,real_video,P74GT7oD9lA_6_78to181.mp4,11906332165110cabd68cb86cbed4c9c1509ebc49ee863620fc777fcb1031337,040ba910f5779375ab883b1bf2583fa29dc8d2387d2f4223217207126abc8a05,AIGVDBench/Real/Real.zip,videos/P74GT7oD9lA_6_78to181.mp4,1621010,1621353,dataset_cc_by_4_0_component_partial,not_downloaded
open_sora::P74GT7oD9lA_6_78to181,AIGVDBench,P74GT7oD9lA_6_78to181,aigvdbench:P74GT7oD9lA_6_78to181,train,train,1,Open-Sora,text_to_video,P74GT7oD9lA_6_78to181.mp4,11906332165110cabd68cb86cbed4c9c1509ebc49ee863620fc777fcb1031337,040ba910f5779375ab883b1bf2583fa29dc8d2387d2f4223217207126abc8a05,AIGVDBench/OpenSource/T2V/Open-Sora.zip,videos/P74GT7oD9lA_6_78to181.mp4,52534,53397,dataset_cc_by_4_0_component_partial,not_downloaded
real::vO0GAfK-8bM_13_0to120,AIGVDBench,vO0GAfK-8bM_13_0to120,aigvdbench:vO0GAfK-8bM_13_0to120,train,train,0,,real_video,vO0GAfK-8bM_13_0to120.mp4,b0017e08893e284ce5d8b1bb6984d325bdaa49e10422c4e9b8354576bfa2430f,040ed131bbd4f2ea77b7e408064e7564b6a2c6fa8de889511ccae6686f260cc1,AIGVDBench/Real/Real.zip,videos/vO0GAfK-8bM_13_0to120.mp4,1378008,1378803,dataset_cc_by_4_0_component_partial,not_downloaded
open_sora::vO0GAfK-8bM_13_0to120,AIGVDBench,vO0GAfK-8bM_13_0to120,aigvdbench:vO0GAfK-8bM_13_0to120,train,train,1,Open-Sora,text_to_video,vO0GAfK-8bM_13_0to120.mp4,b0017e08893e284ce5d8b1bb6984d325bdaa49e10422c4e9b8354576bfa2430f,040ed131bbd4f2ea77b7e408064e7564b6a2c6fa8de889511ccae6686f260cc1,AIGVDBench/OpenSource/T2V/Open-Sora.zip,videos/vO0GAfK-8bM_13_0to120.mp4,38258,39136,dataset_cc_by_4_0_component_partial,not_downloaded
real::ztAsbRUSds8_6_0to243,AIGVDBench,ztAsbRUSds8_6_0to243,aigvdbench:ztAsbRUSds8_6_0to243,train,train,0,,real_video,ztAsbRUSds8_6_0to243.mp4,5486642e02556a29fe1ded75f2e54fc37a82692a57afd7a0dc3d228bb6a6f505,0411390c9b08c0e5e6e048eb4976f47d0f4a2f832561df5513b3df36284c9e9c,AIGVDBench/Real/Real.zip,videos/ztAsbRUSds8_6_0to243.mp4,3838808,3839823,dataset_cc_by_4_0_component_partial,not_downloaded
open_sora::ztAsbRUSds8_6_0to243,AIGVDBench,ztAsbRUSds8_6_0to243,aigvdbench:ztAsbRUSds8_6_0to243,train,train,1,Open-Sora,text_to_video,ztAsbRUSds8_6_0to243.mp4,5486642e02556a29fe1ded75f2e54fc37a82692a57afd7a0dc3d228bb6a6f505,0411390c9b08c0e5e6e048eb4976f47d0f4a2f832561df5513b3df36284c9e9c,AIGVDBench/OpenSource/T2V/Open-Sora.zip,videos/ztAsbRUSds8_6_0to243.mp4,54737,55583,dataset_cc_by_4_0_component_partial,not_downloaded
real::gMccvtUc3B8_5_149to299,AIGVDBench,gMccvtUc3B8_5_149to299,aigvdbench:gMccvtUc3B8_5_149to299,train,train,0,,real_video,gMccvtUc3B8_5_149to299.mp4,5d1e2fe941a195ad8f027e4bf8510a348ba1e35df3354cac7160faf5c3824005,0416b413b7570c27ec61f38290033f6d4cb3db3dc42703f5c630095136499792,AIGVDBench/Real/Real.zip,videos/gMccvtUc3B8_5_149to299.mp4,1479853,1481010,dataset_cc_by_4_0_component_partial,not_downloaded
open_sora::gMccvtUc3B8_5_149to299,AIGVDBench,gMccvtUc3B8_5_149to299,aigvdbench:gMccvtUc3B8_5_149to299,train,train,1,Open-Sora,text_to_video,gMccvtUc3B8_5_149to299.mp4,5d1e2fe941a195ad8f027e4bf8510a348ba1e35df3354cac7160faf5c3824005,0416b413b7570c27ec61f38290033f6d4cb3db3dc42703f5c630095136499792,AIGVDBench/OpenSource/T2V/Open-Sora.zip,videos/gMccvtUc3B8_5_149to299.mp4,34330,35258,dataset_cc_by_4_0_component_partial,not_downloaded
real::qM0YhXYfQTM_66_0to157,AIGVDBench,qM0YhXYfQTM_66_0to157,aigvdbench:qM0YhXYfQTM_66_0to157,train,train,0,,real_video,qM0YhXYfQTM_66_0to157.mp4,f2e7ce6105bccea30989f47f09df46a2b51389a7fc88c66bf7e5911b11d36451,041a7c883ef453fb0512581baed7e56751e5bf465d6f523fbb4961f989d02b02,AIGVDBench/Real/Real.zip,videos/qM0YhXYfQTM_66_0to157.mp4,2736130,2737095,dataset_cc_by_4_0_component_partial,not_downloaded
open_sora::qM0YhXYfQTM_66_0to157,AIGVDBench,qM0YhXYfQTM_66_0to157,aigvdbench:qM0YhXYfQTM_66_0to157,train,train,1,Open-Sora,text_to_video,qM0YhXYfQTM_66_0to157.mp4,f2e7ce6105bccea30989f47f09df46a2b51389a7fc88c66bf7e5911b11d36451,041a7c883ef453fb0512581baed7e56751e5bf465d6f523fbb4961f989d02b02,AIGVDBench/OpenSource/T2V/Open-Sora.zip,videos/qM0YhXYfQTM_66_0to157.mp4,67668,68407,dataset_cc_by_4_0_component_partial,not_downloaded
real::9zIIru6Neac_61_0to224,AIGVDBench,9zIIru6Neac_61_0to224,aigvdbench:9zIIru6Neac_61_0to224,train,train,0,,real_video,9zIIru6Neac_61_0to224.mp4,70ae7b10c971524e2a4b7ad27f6a2b80baff63b6a612253a56cce28cf5b88237,041b95d34837df2b05fcdc7d323e27d88fd7ad2bd0092d16888a8d92d7a326cc,AIGVDBench/Real/Real.zip,videos/9zIIru6Neac_61_0to224.mp4,2895751,2896708,dataset_cc_by_4_0_component_partial,not_downloaded
open_sora::9zIIru6Neac_61_0to224,AIGVDBench,9zIIru6Neac_61_0to224,aigvdbench:9zIIru6Neac_61_0to224,train,train,1,Open-Sora,text_to_video,9zIIru6Neac_61_0to224.mp4,70ae7b10c971524e2a4b7ad27f6a2b80baff63b6a612253a56cce28cf5b88237,041b95d34837df2b05fcdc7d323e27d88fd7ad2bd0092d16888a8d92d7a326cc,AIGVDBench/OpenSource/T2V/Open-Sora.zip,videos/9zIIru6Neac_61_0to224.mp4,64223,65017,dataset_cc_by_4_0_component_partial,not_downloaded
real::Vr7FpLYOf6s_11_161to394,AIGVDBench,Vr7FpLYOf6s_11_161to394,aigvdbench:Vr7FpLYOf6s_11_161to394,train,train,0,,real_video,Vr7FpLYOf6s_11_161to394.mp4,3d745168cbd29bd8ec2abe20672418a9f868da4ab23fee38700c6e69828e7f91,04238553b55cbbade533681ca1cd5e91e7ae9fc1473e9802cd17d082c7cd30b4,AIGVDBench/Real/Real.zip,videos/Vr7FpLYOf6s_11_161to394.mp4,3610083,3611471,dataset_cc_by_4_0_component_partial,not_downloaded
open_sora::Vr7FpLYOf6s_11_161to394,AIGVDBench,Vr7FpLYOf6s_11_161to394,aigvdbench:Vr7FpLYOf6s_11_161to394,train,train,1,Open-Sora,text_to_video,Vr7FpLYOf6s_11_161to394.mp4,3d745168cbd29bd8ec2abe20672418a9f868da4ab23fee38700c6e69828e7f91,04238553b55cbbade533681ca1cd5e91e7ae9fc1473e9802cd17d082c7cd30b4,AIGVDBench/OpenSource/T2V/Open-Sora.zip,videos/Vr7FpLYOf6s_11_161to394.mp4,67353,68186,dataset_cc_by_4_0_component_partial,not_downloaded
real::Zy_4efqnitY_60_270to651,AIGVDBench,Zy_4efqnitY_60_270to651,aigvdbench:Zy_4efqnitY_60_270to651,train,train,0,,real_video,Zy_4efqnitY_60_270to651.mp4,b0c8bfc8b95de72a65263306726bf8ed720acea47566fc575f4506e6f07a663c,0428aa7e6bf9bae98fe8cf1633063548eeeb03904db29c15d4d7baf2dfbe9ebe,AIGVDBench/Real/Real.zip,videos/Zy_4efqnitY_60_270to651.mp4,7003161,7003457,dataset_cc_by_4_0_component_partial,not_downloaded
open_sora::Zy_4efqnitY_60_270to651,AIGVDBench,Zy_4efqnitY_60_270to651,aigvdbench:Zy_4efqnitY_60_270to651,train,train,1,Open-Sora,text_to_video,Zy_4efqnitY_60_270to651.mp4,b0c8bfc8b95de72a65263306726bf8ed720acea47566fc575f4506e6f07a663c,0428aa7e6bf9bae98fe8cf1633063548eeeb03904db29c15d4d7baf2dfbe9ebe,AIGVDBench/OpenSource/T2V/Open-Sora.zip,videos/Zy_4efqnitY_60_270to651.mp4,39019,39910,dataset_cc_by_4_0_component_partial,not_downloaded
real::voONmgwMpRI_3_0to148,AIGVDBench,voONmgwMpRI_3_0to148,aigvdbench:voONmgwMpRI_3_0to148,train,train,0,,real_video,voONmgwMpRI_3_0to148.mp4,4c21294fe06d1d46eac873069aaa9706cdc53c86b1c5659c03a13528ab96a293,042a6bebaed5f1392fa2516850e5566f50f932905009c9b7f6a450ed1923e397,AIGVDBench/Real/Real.zip,videos/voONmgwMpRI_3_0to148.mp4,2118712,2119723,dataset_cc_by_4_0_component_partial,not_downloaded
open_sora::voONmgwMpRI_3_0to148,AIGVDBench,voONmgwMpRI_3_0to148,aigvdbench:voONmgwMpRI_3_0to148,train,train,1,Open-Sora,text_to_video,voONmgwMpRI_3_0to148.mp4,4c21294fe06d1d46eac873069aaa9706cdc53c86b1c5659c03a13528ab96a293,042a6bebaed5f1392fa2516850e5566f50f932905009c9b7f6a450ed1923e397,AIGVDBench/OpenSource/T2V/Open-Sora.zip,videos/voONmgwMpRI_3_0to148.mp4,43465,44308,dataset_cc_by_4_0_component_partial,not_downloaded
real::36TmCsfljRM_45_0to128,AIGVDBench,36TmCsfljRM_45_0to128,aigvdbench:36TmCsfljRM_45_0to128,train,train,0,,real_video,36TmCsfljRM_45_0to128.mp4,279736870e4499ea8b6df5228d75689c2bcda9da474c9d97aedf62a9fd25d46d,042bff14e34366d527f0f7f5cf629679d5b63cd942e6a4305de5f9ea84298d2e,AIGVDBench/Real/Real.zip,videos/36TmCsfljRM_45_0to128.mp4,2346920,2347585,dataset_cc_by_4_0_component_partial,not_downloaded
open_sora::36TmCsfljRM_45_0to128,AIGVDBench,36TmCsfljRM_45_0to128,aigvdbench:36TmCsfljRM_45_0to128,train,train,1,Open-Sora,text_to_video,36TmCsfljRM_45_0to128.mp4,279736870e4499ea8b6df5228d75689c2bcda9da474c9d97aedf62a9fd25d46d,042bff14e34366d527f0f7f5cf629679d5b63cd942e6a4305de5f9ea84298d2e,AIGVDBench/OpenSource/T2V/Open-Sora.zip,videos/36TmCsfljRM_45_0to128.mp4,58342,59131,dataset_cc_by_4_0_component_partial,not_downloaded
real::7M8k6fi3PJc_123_46to246,AIGVDBench,7M8k6fi3PJc_123_46to246,aigvdbench:7M8k6fi3PJc_123_46to246,train,train,0,,real_video,7M8k6fi3PJc_123_46to246.mp4,4b36bfa14973fa391b5ecf91f7dc0aa0cff5c1e559ede40b8a38c2718bebdcaa,0432daedc952e9961d82fb0bb8e8d84a3e44e3a49687fead55692505783ccb87,AIGVDBench/Real/Real.zip,videos/7M8k6fi3PJc_123_46to246.mp4,3684176,3685185,dataset_cc_by_4_0_component_partial,not_downloaded
open_sora::7M8k6fi3PJc_123_46to246,AIGVDBench,7M8k6fi3PJc_123_46to246,aigvdbench:7M8k6fi3PJc_123_46to246,train,train,1,Open-Sora,text_to_video,7M8k6fi3PJc_123_46to246.mp4,4b36bfa14973fa391b5ecf91f7dc0aa0cff5c1e559ede40b8a38c2718bebdcaa,0432daedc952e9961d82fb0bb8e8d84a3e44e3a49687fead55692505783ccb87,AIGVDBench/OpenSource/T2V/Open-Sora.zip,videos/7M8k6fi3PJc_123_46to246.mp4,52124,52917,dataset_cc_by_4_0_component_partial,not_downloaded
real::SB_D4TVrbnw_4_1080to1191,AIGVDBench,SB_D4TVrbnw_4_1080to1191,aigvdbench:SB_D4TVrbnw_4_1080to1191,train,train,0,,real_video,SB_D4TVrbnw_4_1080to1191.mp4,8b7a494bf9ca25a9e8690e0b376ca8b33c2c01e6ef05b869e3a1e764c7c6e52f,0432f046ab3d51d9d728a02638e31ce6cdc9df4881b9f64f692a95892d0e3405,AIGVDBench/Real/Real.zip,videos/SB_D4TVrbnw_4_1080to1191.mp4,1112405,1113233,dataset_cc_by_4_0_component_partial,not_downloaded
open_sora::SB_D4TVrbnw_4_1080to1191,AIGVDBench,SB_D4TVrbnw_4_1080to1191,aigvdbench:SB_D4TVrbnw_4_1080to1191,train,train,1,Open-Sora,text_to_video,SB_D4TVrbnw_4_1080to1191.mp4,8b7a494bf9ca25a9e8690e0b376ca8b33c2c01e6ef05b869e3a1e764c7c6e52f,0432f046ab3d51d9d728a02638e31ce6cdc9df4881b9f64f692a95892d0e3405,AIGVDBench/OpenSource/T2V/Open-Sora.zip,videos/SB_D4TVrbnw_4_1080to1191.mp4,72390,73171,dataset_cc_by_4_0_component_partial,not_downloaded
real::3-zPcM3Zwcw_21_109to218,AIGVDBench,3-zPcM3Zwcw_21_109to218,aigvdbench:3-zPcM3Zwcw_21_109to218,train,train,0,,real_video,3-zPcM3Zwcw_21_109to218.mp4,5f8d274632bf38908929ffdf3a5492f16e2dc164a832c6149b56d54f21eddeaf,04378974ccb53dc4c366eae196a4dda81ce9a21f2a708eb08e8ac5cd60eca948,AIGVDBench/Real/Real.zip,videos/3-zPcM3Zwcw_21_109to218.mp4,1718377,1719166,dataset_cc_by_4_0_component_partial,not_downloaded
open_sora::3-zPcM3Zwcw_21_109to218,AIGVDBench,3-zPcM3Zwcw_21_109to218,aigvdbench:3-zPcM3Zwcw_21_109to218,train,train,1,Open-Sora,text_to_video,3-zPcM3Zwcw_21_109to218.mp4,5f8d274632bf38908929ffdf3a5492f16e2dc164a832c6149b56d54f21eddeaf,04378974ccb53dc4c366eae196a4dda81ce9a21f2a708eb08e8ac5cd60eca948,AIGVDBench/OpenSource/T2V/Open-Sora.zip,videos/3-zPcM3Zwcw_21_109to218.mp4,48095,49023,dataset_cc_by_4_0_component_partial,not_downloaded
real::bIYjQ47U3I8_279_126to243,AIGVDBench,bIYjQ47U3I8_279_126to243,aigvdbench:bIYjQ47U3I8_279_126to243,train,train,0,,real_video,bIYjQ47U3I8_279_126to243.mp4,2b732150f188af940992ca426ef1bd94b749c52e7781d2bbfe6220ac688567b4,0438c9e8d8c9e846be4aa015d5fa7f74665861d24e0f24778475b1af043e0027,AIGVDBench/Real/Real.zip,videos/bIYjQ47U3I8_279_126to243.mp4,3024663,3024792,dataset_cc_by_4_0_component_partial,not_downloaded
open_sora::bIYjQ47U3I8_279_126to243,AIGVDBench,bIYjQ47U3I8_279_126to243,aigvdbench:bIYjQ47U3I8_279_126to243,train,train,1,Open-Sora,text_to_video,bIYjQ47U3I8_279_126to243.mp4,2b732150f188af940992ca426ef1bd94b749c52e7781d2bbfe6220ac688567b4,0438c9e8d8c9e846be4aa015d5fa7f74665861d24e0f24778475b1af043e0027,AIGVDBench/OpenSource/T2V/Open-Sora.zip,videos/bIYjQ47U3I8_279_126to243.mp4,52210,53035,dataset_cc_by_4_0_component_partial,not_downloaded
real::lvRpc8KNt_k_28_0to119,AIGVDBench,lvRpc8KNt_k_28_0to119,aigvdbench:lvRpc8KNt_k_28_0to119,train,train,0,,real_video,lvRpc8KNt_k_28_0to119.mp4,2d2c0e76fa2fa4773fc3fdef85bebad3130521b909b42e211ca9701461e6d9b5,043a4a5978cb3d0f7486214cd88825d7902714255163f6f0c52eb17827cd9c08,AIGVDBench/Real/Real.zip,videos/lvRpc8KNt_k_28_0to119.mp4,2149483,2150238,dataset_cc_by_4_0_component_partial,not_downloaded
open_sora::lvRpc8KNt_k_28_0to119,AIGVDBench,lvRpc8KNt_k_28_0to119,aigvdbench:lvRpc8KNt_k_28_0to119,train,train,1,Open-Sora,text_to_video,lvRpc8KNt_k_28_0to119.mp4,2d2c0e76fa2fa4773fc3fdef85bebad3130521b909b42e211ca9701461e6d9b5,043a4a5978cb3d0f7486214cd88825d7902714255163f6f0c52eb17827cd9c08,AIGVDBench/OpenSource/T2V/Open-Sora.zip,videos/lvRpc8KNt_k_28_0to119.mp4,47800,48584,dataset_cc_by_4_0_component_partial,not_downloaded
real::nOBR53wT3u8_59_0to158,AIGVDBench,nOBR53wT3u8_59_0to158,aigvdbench:nOBR53wT3u8_59_0to158,train,train,0,,real_video,nOBR53wT3u8_59_0to158.mp4,b3402ceb2ca210eef5daa82b6f06af5fd6e11458d11f66d9c39548d15a2e72de,0443b00be50deda680d6c10d122fb2c392efec0fb4856ff20d82d31d4873228b,AIGVDBench/Real/Real.zip,videos/nOBR53wT3u8_59_0to158.mp4,5047523,5048223,dataset_cc_by_4_0_component_partial,not_downloaded
open_sora::nOBR53wT3u8_59_0to158,AIGVDBench,nOBR53wT3u8_59_0to158,aigvdbench:nOBR53wT3u8_59_0to158,train,train,1,Open-Sora,text_to_video,nOBR53wT3u8_59_0to158.mp4,b3402ceb2ca210eef5daa82b6f06af5fd6e11458d11f66d9c39548d15a2e72de,0443b00be50deda680d6c10d122fb2c392efec0fb4856ff20d82d31d4873228b,AIGVDBench/OpenSource/T2V/Open-Sora.zip,videos/nOBR53wT3u8_59_0to158.mp4,59669,60421,dataset_cc_by_4_0_component_partial,not_downloaded
real::HdtqT1Tmd-w_26_18to131,AIGVDBench,HdtqT1Tmd-w_26_18to131,aigvdbench:HdtqT1Tmd-w_26_18to131,train,train,0,,real_video,HdtqT1Tmd-w_26_18to131.mp4,673031b73e858fde083865af5ce2091d803633164dfcb03f53d215bbed0cd9bf,044574f5326783590594e67a075c7a91988c7c22191984c1cb85f987f9b78c92,AIGVDBench/Real/Real.zip,videos/HdtqT1Tmd-w_26_18to131.mp4,952472,953496,dataset_cc_by_4_0_component_partial,not_downloaded
open_sora::HdtqT1Tmd-w_26_18to131,AIGVDBench,HdtqT1Tmd-w_26_18to131,aigvdbench:HdtqT1Tmd-w_26_18to131,train,train,1,Open-Sora,text_to_video,HdtqT1Tmd-w_26_18to131.mp4,673031b73e858fde083865af5ce2091d803633164dfcb03f53d215bbed0cd9bf,044574f5326783590594e67a075c7a91988c7c22191984c1cb85f987f9b78c92,AIGVDBench/OpenSource/T2V/Open-Sora.zip,videos/HdtqT1Tmd-w_26_18to131.mp4,26844,27744,dataset_cc_by_4_0_component_partial,not_downloaded
real::NYIXYK3ZA6g_18_0to453,AIGVDBench,NYIXYK3ZA6g_18_0to453,aigvdbench:NYIXYK3ZA6g_18_0to453,train,train,0,,real_video,NYIXYK3ZA6g_18_0to453.mp4,60141410cb54efba412dd3eb4a3626fc378682e45283c35a0761234d136ac5da,0451566a5099c9883cdcd1b9eb817a150a2e1631696b91c6f5f49d1c43497ecb,AIGVDBench/Real/Real.zip,videos/NYIXYK3ZA6g_18_0to453.mp4,11087312,11087669,dataset_cc_by_4_0_component_partial,not_downloaded
open_sora::NYIXYK3ZA6g_18_0to453,AIGVDBench,NYIXYK3ZA6g_18_0to453,aigvdbench:NYIXYK3ZA6g_18_0to453,train,train,1,Open-Sora,text_to_video,NYIXYK3ZA6g_18_0to453.mp4,60141410cb54efba412dd3eb4a3626fc378682e45283c35a0761234d136ac5da,0451566a5099c9883cdcd1b9eb817a150a2e1631696b91c6f5f49d1c43497ecb,AIGVDBench/OpenSource/T2V/Open-Sora.zip,videos/NYIXYK3ZA6g_18_0to453.mp4,79477,80251,dataset_cc_by_4_0_component_partial,not_downloaded
real::V58jVJpkUQI_6_0to219,AIGVDBench,V58jVJpkUQI_6_0to219,aigvdbench:V58jVJpkUQI_6_0to219,train,train,0,,real_video,V58jVJpkUQI_6_0to219.mp4,245d0f017a5cd9d6b6dfb533c7c79bb1db57aa7bdc92d76dfac66abd32c21913,045350e74882bbd97727e3a476abf79427209c2f6b8b7b56171721a1a479b58e,AIGVDBench/Real/Real.zip,videos/V58jVJpkUQI_6_0to219.mp4,4496066,4496406,dataset_cc_by_4_0_component_partial,not_downloaded
open_sora::V58jVJpkUQI_6_0to219,AIGVDBench,V58jVJpkUQI_6_0to219,aigvdbench:V58jVJpkUQI_6_0to219,train,train,1,Open-Sora,text_to_video,V58jVJpkUQI_6_0to219.mp4,245d0f017a5cd9d6b6dfb533c7c79bb1db57aa7bdc92d76dfac66abd32c21913,045350e74882bbd97727e3a476abf79427209c2f6b8b7b56171721a1a479b58e,AIGVDBench/OpenSource/T2V/Open-Sora.zip,videos/V58jVJpkUQI_6_0to219.mp4,46136,47022,dataset_cc_by_4_0_component_partial,not_downloaded
real::7ZvjC9Pk2E4_63_0to197,AIGVDBench,7ZvjC9Pk2E4_63_0to197,aigvdbench:7ZvjC9Pk2E4_63_0to197,train,train,0,,real_video,7ZvjC9Pk2E4_63_0to197.mp4,b985f2e6a004a05210558c96c981b4b4c6fb7aafe42146cda63366fb352e5de4,04572f70447efc00e9fa62d0f8466aace47a8d03d9370f621c20ad7b5611226c,AIGVDBench/Real/Real.zip,videos/7ZvjC9Pk2E4_63_0to197.mp4,3457046,3457892,dataset_cc_by_4_0_component_partial,not_downloaded
open_sora::7ZvjC9Pk2E4_63_0to197,AIGVDBench,7ZvjC9Pk2E4_63_0to197,aigvdbench:7ZvjC9Pk2E4_63_0to197,train,train,1,Open-Sora,text_to_video,7ZvjC9Pk2E4_63_0to197.mp4,b985f2e6a004a05210558c96c981b4b4c6fb7aafe42146cda63366fb352e5de4,04572f70447efc00e9fa62d0f8466aace47a8d03d9370f621c20ad7b5611226c,AIGVDBench/OpenSource/T2V/Open-Sora.zip,videos/7ZvjC9Pk2E4_63_0to197.mp4,72539,73286,dataset_cc_by_4_0_component_partial,not_downloaded
real::Ixx5oajzgHw_9_0to111,AIGVDBench,Ixx5oajzgHw_9_0to111,aigvdbench:Ixx5oajzgHw_9_0to111,train,train,0,,real_video,Ixx5oajzgHw_9_0to111.mp4,b1cb3060296adf5f4beacdde85993f64cb83edf3445e3b217617513c1a53b678,0460f6d591438e5575ca667cad8560cedb95b9b2da1f9c1b79435aa5ded50c4f,AIGVDBench/Real/Real.zip,videos/Ixx5oajzgHw_9_0to111.mp4,1278953,1279755,dataset_cc_by_4_0_component_partial,not_downloaded
open_sora::Ixx5oajzgHw_9_0to111,AIGVDBench,Ixx5oajzgHw_9_0to111,aigvdbench:Ixx5oajzgHw_9_0to111,train,train,1,Open-Sora,text_to_video,Ixx5oajzgHw_9_0to111.mp4,b1cb3060296adf5f4beacdde85993f64cb83edf3445e3b217617513c1a53b678,0460f6d591438e5575ca667cad8560cedb95b9b2da1f9c1b79435aa5ded50c4f,AIGVDBench/OpenSource/T2V/Open-Sora.zip,videos/Ixx5oajzgHw_9_0to111.mp4,57303,58116,dataset_cc_by_4_0_component_partial,not_downloaded
real::GtWhhlpy-k4_14_0to178,AIGVDBench,GtWhhlpy-k4_14_0to178,aigvdbench:GtWhhlpy-k4_14_0to178,train,train,0,,real_video,GtWhhlpy-k4_14_0to178.mp4,73388f576fda030057d9f9de7af276297c3e7dc8552e2585ed3c31cb94d75817,04620ab9298f4cc3c4882b7e86758ea0580675d5c060dee7a856990ae0afd1ce,AIGVDBench/Real/Real.zip,videos/GtWhhlpy-k4_14_0to178.mp4,2296785,2297848,dataset_cc_by_4_0_component_partial,not_downloaded
open_sora::GtWhhlpy-k4_14_0to178,AIGVDBench,GtWhhlpy-k4_14_0to178,aigvdbench:GtWhhlpy-k4_14_0to178,train,train,1,Open-Sora,text_to_video,GtWhhlpy-k4_14_0to178.mp4,73388f576fda030057d9f9de7af276297c3e7dc8552e2585ed3c31cb94d75817,04620ab9298f4cc3c4882b7e86758ea0580675d5c060dee7a856990ae0afd1ce,AIGVDBench/OpenSource/T2V/Open-Sora.zip,videos/GtWhhlpy-k4_14_0to178.mp4,46843,47670,dataset_cc_by_4_0_component_partial,not_downloaded
real::Fog1mfVJH-8_7_0to148,AIGVDBench,Fog1mfVJH-8_7_0to148,aigvdbench:Fog1mfVJH-8_7_0to148,train,train,0,,real_video,Fog1mfVJH-8_7_0to148.mp4,fb6dca66539e4d95c8dcf526cdb7ef139bbbc3242603b302cc55be164c72f3ed,04699c6bd20e60de6cc139c502bc90d1a5c290a455d217bd47876d0a1b31898f,AIGVDBench/Real/Real.zip,videos/Fog1mfVJH-8_7_0to148.mp4,3867789,3867930,dataset_cc_by_4_0_component_partial,not_downloaded
open_sora::Fog1mfVJH-8_7_0to148,AIGVDBench,Fog1mfVJH-8_7_0to148,aigvdbench:Fog1mfVJH-8_7_0to148,train,train,1,Open-Sora,text_to_video,Fog1mfVJH-8_7_0to148.mp4,fb6dca66539e4d95c8dcf526cdb7ef139bbbc3242603b302cc55be164c72f3ed,04699c6bd20e60de6cc139c502bc90d1a5c290a455d217bd47876d0a1b31898f,AIGVDBench/OpenSource/T2V/Open-Sora.zip,videos/Fog1mfVJH-8_7_0to148.mp4,55449,56162,dataset_cc_by_4_0_component_partial,not_downloaded
real::mhEY78K2EVE_33_0to130,AIGVDBench,mhEY78K2EVE_33_0to130,aigvdbench:mhEY78K2EVE_33_0to130,train,train,0,,real_video,mhEY78K2EVE_33_0to130.mp4,5ed26e370c5a792cf355f998687e7db41a2314df37809a8f431604a7de6beccb,046e82cbb7105d63169cf9e64d80e8000f51c699ca17a195b317f628a309b64d,AIGVDBench/Real/Real.zip,videos/mhEY78K2EVE_33_0to130.mp4,3664463,3665312,dataset_cc_by_4_0_component_partial,not_downloaded
open_sora::mhEY78K2EVE_33_0to130,AIGVDBench,mhEY78K2EVE_33_0to130,aigvdbench:mhEY78K2EVE_33_0to130,train,train,1,Open-Sora,text_to_video,mhEY78K2EVE_33_0to130.mp4,5ed26e370c5a792cf355f998687e7db41a2314df37809a8f431604a7de6beccb,046e82cbb7105d63169cf9e64d80e8000f51c699ca17a195b317f628a309b64d,AIGVDBench/OpenSource/T2V/Open-Sora.zip,videos/mhEY78K2EVE_33_0to130.mp4,40843,41696,dataset_cc_by_4_0_component_partial,not_downloaded
real::v_Z1He0Wj08_21_0to150,AIGVDBench,v_Z1He0Wj08_21_0to150,aigvdbench:v_Z1He0Wj08_21_0to150,train,train,0,,real_video,v_Z1He0Wj08_21_0to150.mp4,9a54703952625572478db2a149d18d4855d5e54437b22aa4b15caf0bf6f551e0,047429d88fbb6bc94277497eda6c271d5395c5cca113da28a2856d60f902f632,AIGVDBench/Real/Real.zip,videos/v_Z1He0Wj08_21_0to150.mp4,3221196,3221562,dataset_cc_by_4_0_component_partial,not_downloaded
open_sora::v_Z1He0Wj08_21_0to150,AIGVDBench,v_Z1He0Wj08_21_0to150,aigvdbench:v_Z1He0Wj08_21_0to150,train,train,1,Open-Sora,text_to_video,v_Z1He0Wj08_21_0to150.mp4,9a54703952625572478db2a149d18d4855d5e54437b22aa4b15caf0bf6f551e0,047429d88fbb6bc94277497eda6c271d5395c5cca113da28a2856d60f902f632,AIGVDBench/OpenSource/T2V/Open-Sora.zip,videos/v_Z1He0Wj08_21_0to150.mp4,52014,52844,dataset_cc_by_4_0_component_partial,not_downloaded
real::NKgaQfmLvZE_0_0to323,AIGVDBench,NKgaQfmLvZE_0_0to323,aigvdbench:NKgaQfmLvZE_0_0to323,train,train,0,,real_video,NKgaQfmLvZE_0_0to323.mp4,5d28ac6ed920844d7a2ece0a59f4b8afaeaf737cebcf2e2ea312aa764603952f,047783a9a297f31b8304cea50c499f085257a38fde5261ab4725d4e5c0779ef7,AIGVDBench/Real/Real.zip,videos/NKgaQfmLvZE_0_0to323.mp4,3819282,3820133,dataset_cc_by_4_0_component_partial,not_downloaded
open_sora::NKgaQfmLvZE_0_0to323,AIGVDBench,NKgaQfmLvZE_0_0to323,aigvdbench:NKgaQfmLvZE_0_0to323,train,train,1,Open-Sora,text_to_video,NKgaQfmLvZE_0_0to323.mp4,5d28ac6ed920844d7a2ece0a59f4b8afaeaf737cebcf2e2ea312aa764603952f,047783a9a297f31b8304cea50c499f085257a38fde5261ab4725d4e5c0779ef7,AIGVDBench/OpenSource/T2V/Open-Sora.zip,videos/NKgaQfmLvZE_0_0to323.mp4,42967,43833,dataset_cc_by_4_0_component_partial,not_downloaded
real::aroZbET2oAE_27_96to216,AIGVDBench,aroZbET2oAE_27_96to216,aigvdbench:aroZbET2oAE_27_96to216,train,train,0,,real_video,aroZbET2oAE_27_96to216.mp4,2150cb712d46aa2b569d88c63e75f818d8bb4197c2fd724027d5bd7b4e79959b,0477aeadc5666f150c064fae5ae85af1c7c4e5630166b5c7179771e8ab1fb429,AIGVDBench/Real/Real.zip,videos/aroZbET2oAE_27_96to216.mp4,665189,666247,dataset_cc_by_4_0_component_partial,not_downloaded
open_sora::aroZbET2oAE_27_96to216,AIGVDBench,aroZbET2oAE_27_96to216,aigvdbench:aroZbET2oAE_27_96to216,train,train,1,Open-Sora,text_to_video,aroZbET2oAE_27_96to216.mp4,2150cb712d46aa2b569d88c63e75f818d8bb4197c2fd724027d5bd7b4e79959b,0477aeadc5666f150c064fae5ae85af1c7c4e5630166b5c7179771e8ab1fb429,AIGVDBench/OpenSource/T2V/Open-Sora.zip,videos/aroZbET2oAE_27_96to216.mp4,32165,33016,dataset_cc_by_4_0_component_partial,not_downloaded
real::_E9aUuB2S3Q_8_19to149,AIGVDBench,_E9aUuB2S3Q_8_19to149,aigvdbench:_E9aUuB2S3Q_8_19to149,train,train,0,,real_video,_E9aUuB2S3Q_8_19to149.mp4,a4c77c45a4ee9e281fd6acb519dbae43e279f5807a852f69af218c653a41bd4f,0478aa6fed02481681c3aa3a540a7cc1fcf30924ded401cb5052ff13099855e1,AIGVDBench/Real/Real.zip,videos/_E9aUuB2S3Q_8_19to149.mp4,2105591,2106289,dataset_cc_by_4_0_component_partial,not_downloaded
open_sora::_E9aUuB2S3Q_8_19to149,AIGVDBench,_E9aUuB2S3Q_8_19to149,aigvdbench:_E9aUuB2S3Q_8_19to149,train,train,1,Open-Sora,text_to_video,_E9aUuB2S3Q_8_19to149.mp4,a4c77c45a4ee9e281fd6acb519dbae43e279f5807a852f69af218c653a41bd4f,0478aa6fed02481681c3aa3a540a7cc1fcf30924ded401cb5052ff13099855e1,AIGVDBench/OpenSource/T2V/Open-Sora.zip,videos/_E9aUuB2S3Q_8_19to149.mp4,50107,50984,dataset_cc_by_4_0_component_partial,not_downloaded
real::XeCg4V7_dQk_1_836to947,AIGVDBench,XeCg4V7_dQk_1_836to947,aigvdbench:XeCg4V7_dQk_1_836to947,train,train,0,,real_video,XeCg4V7_dQk_1_836to947.mp4,f71c6885fa5ad4f771ea102a7fbdcd520f16e95e5e91626919f5914f6113a182,047def95f4efc5e6176a74a49a59f1566945ecca7ad4f789f82c41d1f0409206,AIGVDBench/Real/Real.zip,videos/XeCg4V7_dQk_1_836to947.mp4,1314057,1314889,dataset_cc_by_4_0_component_partial,not_downloaded
open_sora::XeCg4V7_dQk_1_836to947,AIGVDBench,XeCg4V7_dQk_1_836to947,aigvdbench:XeCg4V7_dQk_1_836to947,train,train,1,Open-Sora,text_to_video,XeCg4V7_dQk_1_836to947.mp4,f71c6885fa5ad4f771ea102a7fbdcd520f16e95e5e91626919f5914f6113a182,047def95f4efc5e6176a74a49a59f1566945ecca7ad4f789f82c41d1f0409206,AIGVDBench/OpenSource/T2V/Open-Sora.zip,videos/XeCg4V7_dQk_1_836to947.mp4,82256,82993,dataset_cc_by_4_0_component_partial,not_downloaded
real::i51bBzsOGeE_13_0to596,AIGVDBench,i51bBzsOGeE_13_0to596,aigvdbench:i51bBzsOGeE_13_0to596,train,train,0,,real_video,i51bBzsOGeE_13_0to596.mp4,111f0cc9d4eddfb2a2dcccf9a58cbe22007d8e09262e6f4877e9b415d4c5a6f5,047df84c617e2f25eb03e2f0f3faf7d8268b3e46cbe2f100a597d54dfbd41c66,AIGVDBench/Real/Real.zip,videos/i51bBzsOGeE_13_0to596.mp4,16167992,16167521,dataset_cc_by_4_0_component_partial,not_downloaded
open_sora::i51bBzsOGeE_13_0to596,AIGVDBench,i51bBzsOGeE_13_0to596,aigvdbench:i51bBzsOGeE_13_0to596,train,train,1,Open-Sora,text_to_video,i51bBzsOGeE_13_0to596.mp4,111f0cc9d4eddfb2a2dcccf9a58cbe22007d8e09262e6f4877e9b415d4c5a6f5,047df84c617e2f25eb03e2f0f3faf7d8268b3e46cbe2f100a597d54dfbd41c66,AIGVDBench/OpenSource/T2V/Open-Sora.zip,videos/i51bBzsOGeE_13_0to596.mp4,48798,49680,dataset_cc_by_4_0_component_partial,not_downloaded
real::YDhkYy5TQnk_22_0to116,AIGVDBench,YDhkYy5TQnk_22_0to116,aigvdbench:YDhkYy5TQnk_22_0to116,train,train,0,,real_video,YDhkYy5TQnk_22_0to116.mp4,35bc15dce79497c25efdecc63019e84c93761ed018c1f394621c96d368fca845,04805454e72c73f3d33a104680bb153f4e63bae192746ea3d140814d9e7d6860,AIGVDBench/Real/Real.zip,videos/YDhkYy5TQnk_22_0to116.mp4,1615004,1615846,dataset_cc_by_4_0_component_partial,not_downloaded
open_sora::YDhkYy5TQnk_22_0to116,AIGVDBench,YDhkYy5TQnk_22_0to116,aigvdbench:YDhkYy5TQnk_22_0to116,train,train,1,Open-Sora,text_to_video,YDhkYy5TQnk_22_0to116.mp4,35bc15dce79497c25efdecc63019e84c93761ed018c1f394621c96d368fca845,04805454e72c73f3d33a104680bb153f4e63bae192746ea3d140814d9e7d6860,AIGVDBench/OpenSource/T2V/Open-Sora.zip,videos/YDhkYy5TQnk_22_0to116.mp4,57705,58464,dataset_cc_by_4_0_component_partial,not_downloaded
real::eDgUNT3ikco_42_0to117,AIGVDBench,eDgUNT3ikco_42_0to117,aigvdbench:eDgUNT3ikco_42_0to117,train,train,0,,real_video,eDgUNT3ikco_42_0to117.mp4,740f989eeea5aac6526f8a7974cbd741691ca205c9ae1e0a4ced9c1e29025e2f,048a9207c9318e59bd351f299ee74626d70e89b5de14c625c21139c5c6a44c85,AIGVDBench/Real/Real.zip,videos/eDgUNT3ikco_42_0to117.mp4,1957920,1958503,dataset_cc_by_4_0_component_partial,not_downloaded
open_sora::eDgUNT3ikco_42_0to117,AIGVDBench,eDgUNT3ikco_42_0to117,aigvdbench:eDgUNT3ikco_42_0to117,train,train,1,Open-Sora,text_to_video,eDgUNT3ikco_42_0to117.mp4,740f989eeea5aac6526f8a7974cbd741691ca205c9ae1e0a4ced9c1e29025e2f,048a9207c9318e59bd351f299ee74626d70e89b5de14c625c21139c5c6a44c85,AIGVDBench/OpenSource/T2V/Open-Sora.zip,videos/eDgUNT3ikco_42_0to117.mp4,44242,45090,dataset_cc_by_4_0_component_partial,not_downloaded
real::3V1xrREfyfo_48_95to600,AIGVDBench,3V1xrREfyfo_48_95to600,aigvdbench:3V1xrREfyfo_48_95to600,train,train,0,,real_video,3V1xrREfyfo_48_95to600.mp4,fd2ec7876bd6c4b4a165ab239e66e50096df2440e9ef37d090d69e5e0afb7a4b,049a40577aa513a9c64bd6853045e98a78820296a93602793377669abbbc69d8,AIGVDBench/Real/Real.zip,videos/3V1xrREfyfo_48_95to600.mp4,5998347,6001234,dataset_cc_by_4_0_component_partial,not_downloaded
open_sora::3V1xrREfyfo_48_95to600,AIGVDBench,3V1xrREfyfo_48_95to600,aigvdbench:3V1xrREfyfo_48_95to600,train,train,1,Open-Sora,text_to_video,3V1xrREfyfo_48_95to600.mp4,fd2ec7876bd6c4b4a165ab239e66e50096df2440e9ef37d090d69e5e0afb7a4b,049a40577aa513a9c64bd6853045e98a78820296a93602793377669abbbc69d8,AIGVDBench/OpenSource/T2V/Open-Sora.zip,videos/3V1xrREfyfo_48_95to600.mp4,34398,35369,dataset_cc_by_4_0_component_partial,not_downloaded
real::kzIJCbLPgE4_3_23to139,AIGVDBench,kzIJCbLPgE4_3_23to139,aigvdbench:kzIJCbLPgE4_3_23to139,train,train,0,,real_video,kzIJCbLPgE4_3_23to139.mp4,fe3e00547626c9933dc92bd2f2a16846bd4e969c9d501fee343e42ff4b2969f0,049a4f4e53c6f151f712b91b7500a17b727d1e3827e9e401eaaef5acdc6abb8b,AIGVDBench/Real/Real.zip,videos/kzIJCbLPgE4_3_23to139.mp4,1262275,1262940,dataset_cc_by_4_0_component_partial,not_downloaded
open_sora::kzIJCbLPgE4_3_23to139,AIGVDBench,kzIJCbLPgE4_3_23to139,aigvdbench:kzIJCbLPgE4_3_23to139,train,train,1,Open-Sora,text_to_video,kzIJCbLPgE4_3_23to139.mp4,fe3e00547626c9933dc92bd2f2a16846bd4e969c9d501fee343e42ff4b2969f0,049a4f4e53c6f151f712b91b7500a17b727d1e3827e9e401eaaef5acdc6abb8b,AIGVDBench/OpenSource/T2V/Open-Sora.zip,videos/kzIJCbLPgE4_3_23to139.mp4,32800,33750,dataset_cc_by_4_0_component_partial,not_downloaded
real::9QJZqmSxHY8_29_0to790,AIGVDBench,9QJZqmSxHY8_29_0to790,aigvdbench:9QJZqmSxHY8_29_0to790,train,train,0,,real_video,9QJZqmSxHY8_29_0to790.mp4,6aaae7744ea73e94f7307cceac9860725e62c30d55a8d06f2a9154f7bb2be544,049f9077b1b1eea74069f0d20c0b3c2095e41f804c0b25f1bde250e5f1e8e558,AIGVDBench/Real/Real.zip,videos/9QJZqmSxHY8_29_0to790.mp4,14168001,14172162,dataset_cc_by_4_0_component_partial,not_downloaded
open_sora::9QJZqmSxHY8_29_0to790,AIGVDBench,9QJZqmSxHY8_29_0to790,aigvdbench:9QJZqmSxHY8_29_0to790,train,train,1,Open-Sora,text_to_video,9QJZqmSxHY8_29_0to790.mp4,6aaae7744ea73e94f7307cceac9860725e62c30d55a8d06f2a9154f7bb2be544,049f9077b1b1eea74069f0d20c0b3c2095e41f804c0b25f1bde250e5f1e8e558,AIGVDBench/OpenSource/T2V/Open-Sora.zip,videos/9QJZqmSxHY8_29_0to790.mp4,44443,45351,dataset_cc_by_4_0_component_partial,not_downloaded
real::PIS8y3scrUs_65_27to243,AIGVDBench,PIS8y3scrUs_65_27to243,aigvdbench:PIS8y3scrUs_65_27to243,train,train,0,,real_video,PIS8y3scrUs_65_27to243.mp4,6cec3ea16cb33d93768c0653c37b6d049fa19b3a90020f38c7091fda9d1f6593,04a6ba39762898ee1ded46a60b4b90e1555f62a074f5ab54e024abc3105a18fb,AIGVDBench/Real/Real.zip,videos/PIS8y3scrUs_65_27to243.mp4,2054083,2055122,dataset_cc_by_4_0_component_partial,not_downloaded
open_sora::PIS8y3scrUs_65_27to243,AIGVDBench,PIS8y3scrUs_65_27to243,aigvdbench:PIS8y3scrUs_65_27to243,train,train,1,Open-Sora,text_to_video,PIS8y3scrUs_65_27to243.mp4,6cec3ea16cb33d93768c0653c37b6d049fa19b3a90020f38c7091fda9d1f6593,04a6ba39762898ee1ded46a60b4b90e1555f62a074f5ab54e024abc3105a18fb,AIGVDBench/OpenSource/T2V/Open-Sora.zip,videos/PIS8y3scrUs_65_27to243.mp4,52537,53297,dataset_cc_by_4_0_component_partial,not_downloaded
real::yEZcY-wBMTY_8_776to989,AIGVDBench,yEZcY-wBMTY_8_776to989,aigvdbench:yEZcY-wBMTY_8_776to989,train,train,0,,real_video,yEZcY-wBMTY_8_776to989.mp4,a6073bc07241baa99f718755bd9cff9e6d667340dd8a49b9bb6dfd51ecdcf3f3,04a6e06389132b1b51f9d35f56f57718b5bb6bed6bdb254aa2cb96741d51402d,AIGVDBench/Real/Real.zip,videos/yEZcY-wBMTY_8_776to989.mp4,5604792,5604903,dataset_cc_by_4_0_component_partial,not_downloaded
open_sora::yEZcY-wBMTY_8_776to989,AIGVDBench,yEZcY-wBMTY_8_776to989,aigvdbench:yEZcY-wBMTY_8_776to989,train,train,1,Open-Sora,text_to_video,yEZcY-wBMTY_8_776to989.mp4,a6073bc07241baa99f718755bd9cff9e6d667340dd8a49b9bb6dfd51ecdcf3f3,04a6e06389132b1b51f9d35f56f57718b5bb6bed6bdb254aa2cb96741d51402d,AIGVDBench/OpenSource/T2V/Open-Sora.zip,videos/yEZcY-wBMTY_8_776to989.mp4,57469,58322,dataset_cc_by_4_0_component_partial,not_downloaded
real::pGFbukKeFdY_40_24to129,AIGVDBench,pGFbukKeFdY_40_24to129,aigvdbench:pGFbukKeFdY_40_24to129,train,train,0,,real_video,pGFbukKeFdY_40_24to129.mp4,4ce47b385fcaadbff99a144878745ffc9b23641bc25e00751923974ac39dd06a,04aff3599375941f00241bf06930b1079ebe992b3b3e523aa1682cffbf5de87d,AIGVDBench/Real/Real.zip,videos/pGFbukKeFdY_40_24to129.mp4,1234558,1235106,dataset_cc_by_4_0_component_partial,not_downloaded
open_sora::pGFbukKeFdY_40_24to129,AIGVDBench,pGFbukKeFdY_40_24to129,aigvdbench:pGFbukKeFdY_40_24to129,train,train,1,Open-Sora,text_to_video,pGFbukKeFdY_40_24to129.mp4,4ce47b385fcaadbff99a144878745ffc9b23641bc25e00751923974ac39dd06a,04aff3599375941f00241bf06930b1079ebe992b3b3e523aa1682cffbf5de87d,AIGVDBench/OpenSource/T2V/Open-Sora.zip,videos/pGFbukKeFdY_40_24to129.mp4,52581,53379,dataset_cc_by_4_0_component_partial,not_downloaded
real::4gWmzA43TNo_0_707to831,AIGVDBench,4gWmzA43TNo_0_707to831,aigvdbench:4gWmzA43TNo_0_707to831,train,train,0,,real_video,4gWmzA43TNo_0_707to831.mp4,eed6211c30fdee0362b8f9b7faa76df050c88f2d5fda36a923d20b40bc9e6e71,04bb6db4f7862f2cbb296c1ed046e11d83b590096ab5c5c9560bc05376a44470,AIGVDBench/Real/Real.zip,videos/4gWmzA43TNo_0_707to831.mp4,1888230,1888622,dataset_cc_by_4_0_component_partial,not_downloaded
open_sora::4gWmzA43TNo_0_707to831,AIGVDBench,4gWmzA43TNo_0_707to831,aigvdbench:4gWmzA43TNo_0_707to831,train,train,1,Open-Sora,text_to_video,4gWmzA43TNo_0_707to831.mp4,eed6211c30fdee0362b8f9b7faa76df050c88f2d5fda36a923d20b40bc9e6e71,04bb6db4f7862f2cbb296c1ed046e11d83b590096ab5c5c9560bc05376a44470,AIGVDBench/OpenSource/T2V/Open-Sora.zip,videos/4gWmzA43TNo_0_707to831.mp4,37691,38564,dataset_cc_by_4_0_component_partial,not_downloaded
real::mXAYJK65yI4_174_0to136,AIGVDBench,mXAYJK65yI4_174_0to136,aigvdbench:mXAYJK65yI4_174_0to136,train,train,0,,real_video,mXAYJK65yI4_174_0to136.mp4,1a4b9a837720d2fc5e7cac6415ce63d6f4d8587d3d7a797eb54a531d8e3b853f,04bee07648ea8ec526a11b161564b549b09bc1c9d4583ede54153535b087e633,AIGVDBench/Real/Real.zip,videos/mXAYJK65yI4_174_0to136.mp4,1830740,1831367,dataset_cc_by_4_0_component_partial,not_downloaded
open_sora::mXAYJK65yI4_174_0to136,AIGVDBench,mXAYJK65yI4_174_0to136,aigvdbench:mXAYJK65yI4_174_0to136,train,train,1,Open-Sora,text_to_video,mXAYJK65yI4_174_0to136.mp4,1a4b9a837720d2fc5e7cac6415ce63d6f4d8587d3d7a797eb54a531d8e3b853f,04bee07648ea8ec526a11b161564b549b09bc1c9d4583ede54153535b087e633,AIGVDBench/OpenSource/T2V/Open-Sora.zip,videos/mXAYJK65yI4_174_0to136.mp4,49335,50152,dataset_cc_by_4_0_component_partial,not_downloaded
real::KHA1MiRieLQ_19_0to150,AIGVDBench,KHA1MiRieLQ_19_0to150,aigvdbench:KHA1MiRieLQ_19_0to150,train,train,0,,real_video,KHA1MiRieLQ_19_0to150.mp4,b3e9f552d7622450c78a6b000dbcffb90c22bb746a14c5cb7c2e12004164b4f2,04c30b43b3e18466f06a93141bba42c0050e0b2efc3329a14a2e88a8ad6bf690,AIGVDBench/Real/Real.zip,videos/KHA1MiRieLQ_19_0to150.mp4,1760896,1761625,dataset_cc_by_4_0_component_partial,not_downloaded
open_sora::KHA1MiRieLQ_19_0to150,AIGVDBench,KHA1MiRieLQ_19_0to150,aigvdbench:KHA1MiRieLQ_19_0to150,train,train,1,Open-Sora,text_to_video,KHA1MiRieLQ_19_0to150.mp4,b3e9f552d7622450c78a6b000dbcffb90c22bb746a14c5cb7c2e12004164b4f2,04c30b43b3e18466f06a93141bba42c0050e0b2efc3329a14a2e88a8ad6bf690,AIGVDBench/OpenSource/T2V/Open-Sora.zip,videos/KHA1MiRieLQ_19_0to150.mp4,30933,31899,dataset_cc_by_4_0_component_partial,not_downloaded
real::1N0X9vTvv40_14_0to135,AIGVDBench,1N0X9vTvv40_14_0to135,aigvdbench:1N0X9vTvv40_14_0to135,train,train,0,,real_video,1N0X9vTvv40_14_0to135.mp4,a4b64fc3385c015fc0bce226645ad250f74695029799f99380af37a494c76c80,04c856b7be3a05d43d9cd091f3d5be01d7321632408d6747c9732b4d2eef3690,AIGVDBench/Real/Real.zip,videos/1N0X9vTvv40_14_0to135.mp4,2472788,2473943,dataset_cc_by_4_0_component_partial,not_downloaded
open_sora::1N0X9vTvv40_14_0to135,AIGVDBench,1N0X9vTvv40_14_0to135,aigvdbench:1N0X9vTvv40_14_0to135,train,train,1,Open-Sora,text_to_video,1N0X9vTvv40_14_0to135.mp4,a4b64fc3385c015fc0bce226645ad250f74695029799f99380af37a494c76c80,04c856b7be3a05d43d9cd091f3d5be01d7321632408d6747c9732b4d2eef3690,AIGVDBench/OpenSource/T2V/Open-Sora.zip,videos/1N0X9vTvv40_14_0to135.mp4,50912,51776,dataset_cc_by_4_0_component_partial,not_downloaded
real::VXj_dmLXjCM_23_45to179,AIGVDBench,VXj_dmLXjCM_23_45to179,aigvdbench:VXj_dmLXjCM_23_45to179,train,train,0,,real_video,VXj_dmLXjCM_23_45to179.mp4,42f3fd17706f7b7d0a06aeb868060de21661e67eb6a7fd8ead7440cfddf31f6c,04d30316e5a33b301331f702471712682d71a43968b8af97559d6e8983f8a73e,AIGVDBench/Real/Real.zip,videos/VXj_dmLXjCM_23_45to179.mp4,3688412,3689182,dataset_cc_by_4_0_component_partial,not_downloaded
open_sora::VXj_dmLXjCM_23_45to179,AIGVDBench,VXj_dmLXjCM_23_45to179,aigvdbench:VXj_dmLXjCM_23_45to179,train,train,1,Open-Sora,text_to_video,VXj_dmLXjCM_23_45to179.mp4,42f3fd17706f7b7d0a06aeb868060de21661e67eb6a7fd8ead7440cfddf31f6c,04d30316e5a33b301331f702471712682d71a43968b8af97559d6e8983f8a73e,AIGVDBench/OpenSource/T2V/Open-Sora.zip,videos/VXj_dmLXjCM_23_45to179.mp4,41162,42029,dataset_cc_by_4_0_component_partial,not_downloaded
real::3vINW6S0kdI_1_0to865,AIGVDBench,3vINW6S0kdI_1_0to865,aigvdbench:3vINW6S0kdI_1_0to865,train,train,0,,real_video,3vINW6S0kdI_1_0to865.mp4,50eabc8f6a1fd10354b862491f10a5bf68c9a643cdc5e8de3ac5638f80981851,04d73edea9376723c719fe6dc5630e5dbf5e82e4c2dd0b60b3988fc635e2a41f,AIGVDBench/Real/Real.zip,videos/3vINW6S0kdI_1_0to865.mp4,14054703,14056415,dataset_cc_by_4_0_component_partial,not_downloaded
open_sora::3vINW6S0kdI_1_0to865,AIGVDBench,3vINW6S0kdI_1_0to865,aigvdbench:3vINW6S0kdI_1_0to865,train,train,1,Open-Sora,text_to_video,3vINW6S0kdI_1_0to865.mp4,50eabc8f6a1fd10354b862491f10a5bf68c9a643cdc5e8de3ac5638f80981851,04d73edea9376723c719fe6dc5630e5dbf5e82e4c2dd0b60b3988fc635e2a41f,AIGVDBench/OpenSource/T2V/Open-Sora.zip,videos/3vINW6S0kdI_1_0to865.mp4,47199,48022,dataset_cc_by_4_0_component_partial,not_downloaded
real::9VTE1vK5VCg_15_136to404,AIGVDBench,9VTE1vK5VCg_15_136to404,aigvdbench:9VTE1vK5VCg_15_136to404,train,train,0,,real_video,9VTE1vK5VCg_15_136to404.mp4,672ff4abd78e115b5bd9e9d47ab972c817f7d02b206021ba89fadb0d33e33234,04da0452e4631a06652e360876716572b914e6709199854a9933db01ff6a6c7a,AIGVDBench/Real/Real.zip,videos/9VTE1vK5VCg_15_136to404.mp4,6516007,6516104,dataset_cc_by_4_0_component_partial,not_downloaded
open_sora::9VTE1vK5VCg_15_136to404,AIGVDBench,9VTE1vK5VCg_15_136to404,aigvdbench:9VTE1vK5VCg_15_136to404,train,train,1,Open-Sora,text_to_video,9VTE1vK5VCg_15_136to404.mp4,672ff4abd78e115b5bd9e9d47ab972c817f7d02b206021ba89fadb0d33e33234,04da0452e4631a06652e360876716572b914e6709199854a9933db01ff6a6c7a,AIGVDBench/OpenSource/T2V/Open-Sora.zip,videos/9VTE1vK5VCg_15_136to404.mp4,48113,48907,dataset_cc_by_4_0_component_partial,not_downloaded
real::miZFO2gtu-g_168_34to231,AIGVDBench,miZFO2gtu-g_168_34to231,aigvdbench:miZFO2gtu-g_168_34to231,train,train,0,,real_video,miZFO2gtu-g_168_34to231.mp4,b4257711d0c52477697191eb9163cfcfa1991c00b40399d292036130d3cb8baf,04dba51e46e79fd90f104e48547b265a2b56a1a1d88c48efe6956c8df08ef249,AIGVDBench/Real/Real.zip,videos/miZFO2gtu-g_168_34to231.mp4,3623126,3623458,dataset_cc_by_4_0_component_partial,not_downloaded
open_sora::miZFO2gtu-g_168_34to231,AIGVDBench,miZFO2gtu-g_168_34to231,aigvdbench:miZFO2gtu-g_168_34to231,train,train,1,Open-Sora,text_to_video,miZFO2gtu-g_168_34to231.mp4,b4257711d0c52477697191eb9163cfcfa1991c00b40399d292036130d3cb8baf,04dba51e46e79fd90f104e48547b265a2b56a1a1d88c48efe6956c8df08ef249,AIGVDBench/OpenSource/T2V/Open-Sora.zip,videos/miZFO2gtu-g_168_34to231.mp4,40530,41363,dataset_cc_by_4_0_component_partial,not_downloaded
real::4YmPLn8Y45I_74_29to139,AIGVDBench,4YmPLn8Y45I_74_29to139,aigvdbench:4YmPLn8Y45I_74_29to139,train,train,0,,real_video,4YmPLn8Y45I_74_29to139.mp4,e034a12f04bcf3966debd638c69dbc7c9b83df2a9f65df6788abd30818d35762,04dc5464bdd4ea54bafb0fef360ac2ea31d9346e4c00437118442e1148a0007e,AIGVDBench/Real/Real.zip,videos/4YmPLn8Y45I_74_29to139.mp4,2014019,2014341,dataset_cc_by_4_0_component_partial,not_downloaded
open_sora::4YmPLn8Y45I_74_29to139,AIGVDBench,4YmPLn8Y45I_74_29to139,aigvdbench:4YmPLn8Y45I_74_29to139,train,train,1,Open-Sora,text_to_video,4YmPLn8Y45I_74_29to139.mp4,e034a12f04bcf3966debd638c69dbc7c9b83df2a9f65df6788abd30818d35762,04dc5464bdd4ea54bafb0fef360ac2ea31d9346e4c00437118442e1148a0007e,AIGVDBench/OpenSource/T2V/Open-Sora.zip,videos/4YmPLn8Y45I_74_29to139.mp4,82512,83286,dataset_cc_by_4_0_component_partial,not_downloaded
real::KvKGmtccM5E_46_241to435,AIGVDBench,KvKGmtccM5E_46_241to435,aigvdbench:KvKGmtccM5E_46_241to435,train,train,0,,real_video,KvKGmtccM5E_46_241to435.mp4,00f501034b37c9f47817666751ea4913c9d492d026f0b234cd9f196f19a13ec8,04ddfb3538acbee3bb2e27d8ebdf5d810037c6808b9c9fad71fe45f705697e93,AIGVDBench/Real/Real.zip,videos/KvKGmtccM5E_46_241to435.mp4,2939832,2941254,dataset_cc_by_4_0_component_partial,not_downloaded
open_sora::KvKGmtccM5E_46_241to435,AIGVDBench,KvKGmtccM5E_46_241to435,aigvdbench:KvKGmtccM5E_46_241to435,train,train,1,Open-Sora,text_to_video,KvKGmtccM5E_46_241to435.mp4,00f501034b37c9f47817666751ea4913c9d492d026f0b234cd9f196f19a13ec8,04ddfb3538acbee3bb2e27d8ebdf5d810037c6808b9c9fad71fe45f705697e93,AIGVDBench/OpenSource/T2V/Open-Sora.zip,videos/KvKGmtccM5E_46_241to435.mp4,57037,57829,dataset_cc_by_4_0_component_partial,not_downloaded
real::4DuM4ozb1Ek_2_968to1595,AIGVDBench,4DuM4ozb1Ek_2_968to1595,aigvdbench:4DuM4ozb1Ek_2_968to1595,train,train,0,,real_video,4DuM4ozb1Ek_2_968to1595.mp4,549e974b8e2aed6f03bef5ba43483f2b21a359997a8dcccecff385745f941dbb,04e093bc7db812b380d6f501887085cf4fcea99be25d91b9eb997412879d01e7,AIGVDBench/Real/Real.zip,videos/4DuM4ozb1Ek_2_968to1595.mp4,14987652,14987427,dataset_cc_by_4_0_component_partial,not_downloaded
open_sora::4DuM4ozb1Ek_2_968to1595,AIGVDBench,4DuM4ozb1Ek_2_968to1595,aigvdbench:4DuM4ozb1Ek_2_968to1595,train,train,1,Open-Sora,text_to_video,4DuM4ozb1Ek_2_968to1595.mp4,549e974b8e2aed6f03bef5ba43483f2b21a359997a8dcccecff385745f941dbb,04e093bc7db812b380d6f501887085cf4fcea99be25d91b9eb997412879d01e7,AIGVDBench/OpenSource/T2V/Open-Sora.zip,videos/4DuM4ozb1Ek_2_968to1595.mp4,39857,40674,dataset_cc_by_4_0_component_partial,not_downloaded
real::heVTnzvS1js_2_21to129,AIGVDBench,heVTnzvS1js_2_21to129,aigvdbench:heVTnzvS1js_2_21to129,train,train,0,,real_video,heVTnzvS1js_2_21to129.mp4,068cad3fe52f1660a3fbdcf45d4b9f91ecdcc35f0b2cb34e7ff3a052fd339a10,04e104a824bd04691cba72f8b797e3b3ddef95983d939464c7950bb2a0cacc55,AIGVDBench/Real/Real.zip,videos/heVTnzvS1js_2_21to129.mp4,1249998,1250688,dataset_cc_by_4_0_component_partial,not_downloaded
open_sora::heVTnzvS1js_2_21to129,AIGVDBench,heVTnzvS1js_2_21to129,aigvdbench:heVTnzvS1js_2_21to129,train,train,1,Open-Sora,text_to_video,heVTnzvS1js_2_21to129.mp4,068cad3fe52f1660a3fbdcf45d4b9f91ecdcc35f0b2cb34e7ff3a052fd339a10,04e104a824bd04691cba72f8b797e3b3ddef95983d939464c7950bb2a0cacc55,AIGVDBench/OpenSource/T2V/Open-Sora.zip,videos/heVTnzvS1js_2_21to129.mp4,56709,57512,dataset_cc_by_4_0_component_partial,not_downloaded
real::RhkWtAysuO8_2_40to174,AIGVDBench,RhkWtAysuO8_2_40to174,aigvdbench:RhkWtAysuO8_2_40to174,train,train,0,,real_video,RhkWtAysuO8_2_40to174.mp4,824074dfb9a0d2b841d8b5988a4825b9f673463e2fd9d46b97aea088357d9b28,04e3a157d64886c3be5ffb796a491a68c508194625d81bbf41e581f1919bbf77,AIGVDBench/Real/Real.zip,videos/RhkWtAysuO8_2_40to174.mp4,2085110,2085463,dataset_cc_by_4_0_component_partial,not_downloaded
open_sora::RhkWtAysuO8_2_40to174,AIGVDBench,RhkWtAysuO8_2_40to174,aigvdbench:RhkWtAysuO8_2_40to174,train,train,1,Open-Sora,text_to_video,RhkWtAysuO8_2_40to174.mp4,824074dfb9a0d2b841d8b5988a4825b9f673463e2fd9d46b97aea088357d9b28,04e3a157d64886c3be5ffb796a491a68c508194625d81bbf41e581f1919bbf77,AIGVDBench/OpenSource/T2V/Open-Sora.zip,videos/RhkWtAysuO8_2_40to174.mp4,50095,50909,dataset_cc_by_4_0_component_partial,not_downloaded
real::NTPic7MwZ78_12_0to113,AIGVDBench,NTPic7MwZ78_12_0to113,aigvdbench:NTPic7MwZ78_12_0to113,train,train,0,,real_video,NTPic7MwZ78_12_0to113.mp4,eb14de0f602f1fd02a2de3510b00745f8f3912e8fddd05309fcbfdc512c6741d,04eb2caf47c953563dcc7a2eeba7023d5bd9afb571c1e08d8b04f2123bce0f75,AIGVDBench/Real/Real.zip,videos/NTPic7MwZ78_12_0to113.mp4,2484086,2484845,dataset_cc_by_4_0_component_partial,not_downloaded
open_sora::NTPic7MwZ78_12_0to113,AIGVDBench,NTPic7MwZ78_12_0to113,aigvdbench:NTPic7MwZ78_12_0to113,train,train,1,Open-Sora,text_to_video,NTPic7MwZ78_12_0to113.mp4,eb14de0f602f1fd02a2de3510b00745f8f3912e8fddd05309fcbfdc512c6741d,04eb2caf47c953563dcc7a2eeba7023d5bd9afb571c1e08d8b04f2123bce0f75,AIGVDBench/OpenSource/T2V/Open-Sora.zip,videos/NTPic7MwZ78_12_0to113.mp4,51180,52024,dataset_cc_by_4_0_component_partial,not_downloaded
real::l4qVEGwwAuc_18_0to454,AIGVDBench,l4qVEGwwAuc_18_0to454,aigvdbench:l4qVEGwwAuc_18_0to454,train,train,0,,real_video,l4qVEGwwAuc_18_0to454.mp4,c026282d9babaa739f08ad8e1c6aa41baa43a1fd0a11cb1730753a464723148c,04eb4ba6a48bcba6be1eb4857830838045eb9aace6fcc372a2acdbea3fb4415a,AIGVDBench/Real/Real.zip,videos/l4qVEGwwAuc_18_0to454.mp4,11087493,11089553,dataset_cc_by_4_0_component_partial,not_downloaded
open_sora::l4qVEGwwAuc_18_0to454,AIGVDBench,l4qVEGwwAuc_18_0to454,aigvdbench:l4qVEGwwAuc_18_0to454,train,train,1,Open-Sora,text_to_video,l4qVEGwwAuc_18_0to454.mp4,c026282d9babaa739f08ad8e1c6aa41baa43a1fd0a11cb1730753a464723148c,04eb4ba6a48bcba6be1eb4857830838045eb9aace6fcc372a2acdbea3fb4415a,AIGVDBench/OpenSource/T2V/Open-Sora.zip,videos/l4qVEGwwAuc_18_0to454.mp4,119721,120403,dataset_cc_by_4_0_component_partial,not_downloaded
real::7B5PIzh1LEk_7_0to131,AIGVDBench,7B5PIzh1LEk_7_0to131,aigvdbench:7B5PIzh1LEk_7_0to131,train,train,0,,real_video,7B5PIzh1LEk_7_0to131.mp4,287d24ee74bebc718f629d64eafec7a1c5f3ced36250f4f93dabeb13ba921112,04ed60b899922248105c6383698738eb82dd080bc23ac7cbd8f825c3dc32ffdf,AIGVDBench/Real/Real.zip,videos/7B5PIzh1LEk_7_0to131.mp4,1970380,1970855,dataset_cc_by_4_0_component_partial,not_downloaded
open_sora::7B5PIzh1LEk_7_0to131,AIGVDBench,7B5PIzh1LEk_7_0to131,aigvdbench:7B5PIzh1LEk_7_0to131,train,train,1,Open-Sora,text_to_video,7B5PIzh1LEk_7_0to131.mp4,287d24ee74bebc718f629d64eafec7a1c5f3ced36250f4f93dabeb13ba921112,04ed60b899922248105c6383698738eb82dd080bc23ac7cbd8f825c3dc32ffdf,AIGVDBench/OpenSource/T2V/Open-Sora.zip,videos/7B5PIzh1LEk_7_0to131.mp4,51642,52442,dataset_cc_by_4_0_component_partial,not_downloaded
real::lC-dUm5s8eE_25_0to105,AIGVDBench,lC-dUm5s8eE_25_0to105,aigvdbench:lC-dUm5s8eE_25_0to105,train,train,0,,real_video,lC-dUm5s8eE_25_0to105.mp4,f04a10902fd0ac4d7952a92311a8c20336838c1de8c3cabcd1808524b668bf36,04f008222547f1674a654fb9c63f7855cba5c8fd0c6a3653ccade8a4d08b9f6e,AIGVDBench/Real/Real.zip,videos/lC-dUm5s8eE_25_0to105.mp4,3547570,3547699,dataset_cc_by_4_0_component_partial,not_downloaded
open_sora::lC-dUm5s8eE_25_0to105,AIGVDBench,lC-dUm5s8eE_25_0to105,aigvdbench:lC-dUm5s8eE_25_0to105,train,train,1,Open-Sora,text_to_video,lC-dUm5s8eE_25_0to105.mp4,f04a10902fd0ac4d7952a92311a8c20336838c1de8c3cabcd1808524b668bf36,04f008222547f1674a654fb9c63f7855cba5c8fd0c6a3653ccade8a4d08b9f6e,AIGVDBench/OpenSource/T2V/Open-Sora.zip,videos/lC-dUm5s8eE_25_0to105.mp4,69416,70230,dataset_cc_by_4_0_component_partial,not_downloaded
real::Ggjt9u5UKqs_11_0to229,AIGVDBench,Ggjt9u5UKqs_11_0to229,aigvdbench:Ggjt9u5UKqs_11_0to229,train,train,0,,real_video,Ggjt9u5UKqs_11_0to229.mp4,2e1b09c3665f85088890400232afebfea92db02f2e15a6b7922b461376099f2c,04f22e6b9e3360b0efa097329f552f7aee0b6cbca72badb26c5d6f85ecbec4c0,AIGVDBench/Real/Real.zip,videos/Ggjt9u5UKqs_11_0to229.mp4,3989612,3990719,dataset_cc_by_4_0_component_partial,not_downloaded
open_sora::Ggjt9u5UKqs_11_0to229,AIGVDBench,Ggjt9u5UKqs_11_0to229,aigvdbench:Ggjt9u5UKqs_11_0to229,train,train,1,Open-Sora,text_to_video,Ggjt9u5UKqs_11_0to229.mp4,2e1b09c3665f85088890400232afebfea92db02f2e15a6b7922b461376099f2c,04f22e6b9e3360b0efa097329f552f7aee0b6cbca72badb26c5d6f85ecbec4c0,AIGVDBench/OpenSource/T2V/Open-Sora.zip,videos/Ggjt9u5UKqs_11_0to229.mp4,37736,38599,dataset_cc_by_4_0_component_partial,not_downloaded
real::dk37D4TK490_4_0to390,AIGVDBench,dk37D4TK490_4_0to390,aigvdbench:dk37D4TK490_4_0to390,train,train,0,,real_video,dk37D4TK490_4_0to390.mp4,d29d435b8edb34294e64bddb5fddf34a0d0a191719acbef947ffe77c69e12ed8,04f74f0e1ce169b34872b581af9f447a3acbd524796332298ed140ba350de5ce,AIGVDBench/Real/Real.zip,videos/dk37D4TK490_4_0to390.mp4,6531319,6532137,dataset_cc_by_4_0_component_partial,not_downloaded
open_sora::dk37D4TK490_4_0to390,AIGVDBench,dk37D4TK490_4_0to390,aigvdbench:dk37D4TK490_4_0to390,train,train,1,Open-Sora,text_to_video,dk37D4TK490_4_0to390.mp4,d29d435b8edb34294e64bddb5fddf34a0d0a191719acbef947ffe77c69e12ed8,04f74f0e1ce169b34872b581af9f447a3acbd524796332298ed140ba350de5ce,AIGVDBench/OpenSource/T2V/Open-Sora.zip,videos/dk37D4TK490_4_0to390.mp4,64743,65495,dataset_cc_by_4_0_component_partial,not_downloaded
real::dmmUFTSx8Ow_94_0to129,AIGVDBench,dmmUFTSx8Ow_94_0to129,aigvdbench:dmmUFTSx8Ow_94_0to129,train,train,0,,real_video,dmmUFTSx8Ow_94_0to129.mp4,518e8f47ade30e1244dbdb03ae055d547c392372e8ad57c5b65f9d1c0f7c0839,04f8c2365bf85f7fd5e5f23f695c1b103efcf0be371c09938d881c1187227742,AIGVDBench/Real/Real.zip,videos/dmmUFTSx8Ow_94_0to129.mp4,1148351,1149258,dataset_cc_by_4_0_component_partial,not_downloaded
open_sora::dmmUFTSx8Ow_94_0to129,AIGVDBench,dmmUFTSx8Ow_94_0to129,aigvdbench:dmmUFTSx8Ow_94_0to129,train,train,1,Open-Sora,text_to_video,dmmUFTSx8Ow_94_0to129.mp4,518e8f47ade30e1244dbdb03ae055d547c392372e8ad57c5b65f9d1c0f7c0839,04f8c2365bf85f7fd5e5f23f695c1b103efcf0be371c09938d881c1187227742,AIGVDBench/OpenSource/T2V/Open-Sora.zip,videos/dmmUFTSx8Ow_94_0to129.mp4,40791,41628,dataset_cc_by_4_0_component_partial,not_downloaded
real::gbIzJDC-AFw_63_0to116,AIGVDBench,gbIzJDC-AFw_63_0to116,aigvdbench:gbIzJDC-AFw_63_0to116,train,train,0,,real_video,gbIzJDC-AFw_63_0to116.mp4,e70cb083356ff3a6c005e9b6d3d67c6bb85e1d18ed595dde00c415b6444c4cee,04fc3ba53fd609db0f6661cd074bf7d0ea73b8037b7d0a698b5c8d27241efe43,AIGVDBench/Real/Real.zip,videos/gbIzJDC-AFw_63_0to116.mp4,2613818,2614775,dataset_cc_by_4_0_component_partial,not_downloaded
open_sora::gbIzJDC-AFw_63_0to116,AIGVDBench,gbIzJDC-AFw_63_0to116,aigvdbench:gbIzJDC-AFw_63_0to116,train,train,1,Open-Sora,text_to_video,gbIzJDC-AFw_63_0to116.mp4,e70cb083356ff3a6c005e9b6d3d67c6bb85e1d18ed595dde00c415b6444c4cee,04fc3ba53fd609db0f6661cd074bf7d0ea73b8037b7d0a698b5c8d27241efe43,AIGVDBench/OpenSource/T2V/Open-Sora.zip,videos/gbIzJDC-AFw_63_0to116.mp4,73584,74332,dataset_cc_by_4_0_component_partial,not_downloaded
real::YwY12NNCSG8_12_0to961,AIGVDBench,YwY12NNCSG8_12_0to961,aigvdbench:YwY12NNCSG8_12_0to961,train,train,0,,real_video,YwY12NNCSG8_12_0to961.mp4,637f8df75f2c31455ac3b35fac0c9a7f161a93c31932c2476c0fbf8f2bf37428,04fc558a58fae3c59bc61e29bed0a92721c36c7a48e568a03a7c76b29909db6b,AIGVDBench/Real/Real.zip,videos/YwY12NNCSG8_12_0to961.mp4,22445227,22445600,dataset_cc_by_4_0_component_partial,not_downloaded
open_sora::YwY12NNCSG8_12_0to961,AIGVDBench,YwY12NNCSG8_12_0to961,aigvdbench:YwY12NNCSG8_12_0to961,train,train,1,Open-Sora,text_to_video,YwY12NNCSG8_12_0to961.mp4,637f8df75f2c31455ac3b35fac0c9a7f161a93c31932c2476c0fbf8f2bf37428,04fc558a58fae3c59bc61e29bed0a92721c36c7a48e568a03a7c76b29909db6b,AIGVDBench/OpenSource/T2V/Open-Sora.zip,videos/YwY12NNCSG8_12_0to961.mp4,50636,51547,dataset_cc_by_4_0_component_partial,not_downloaded
real::jaPuP6a_SrE_0_0to675,AIGVDBench,jaPuP6a_SrE_0_0to675,aigvdbench:jaPuP6a_SrE_0_0to675,train,train,0,,real_video,jaPuP6a_SrE_0_0to675.mp4,6e7369b3efda73a1540a01d366a7ccaa5ba134f4dade02a5477d523f9e75bf24,04fc6481b60d8d381b5f1676637c546ddaa6eabfbd65939d0fd04588a276162c,AIGVDBench/Real/Real.zip,videos/jaPuP6a_SrE_0_0to675.mp4,7856488,7857721,dataset_cc_by_4_0_component_partial,not_downloaded
open_sora::jaPuP6a_SrE_0_0to675,AIGVDBench,jaPuP6a_SrE_0_0to675,aigvdbench:jaPuP6a_SrE_0_0to675,train,train,1,Open-Sora,text_to_video,jaPuP6a_SrE_0_0to675.mp4,6e7369b3efda73a1540a01d366a7ccaa5ba134f4dade02a5477d523f9e75bf24,04fc6481b60d8d381b5f1676637c546ddaa6eabfbd65939d0fd04588a276162c,AIGVDBench/OpenSource/T2V/Open-Sora.zip,videos/jaPuP6a_SrE_0_0to675.mp4,40328,41168,dataset_cc_by_4_0_component_partial,not_downloaded
real::POCazrEqYzo_57_32to255,AIGVDBench,POCazrEqYzo_57_32to255,aigvdbench:POCazrEqYzo_57_32to255,train,train,0,,real_video,POCazrEqYzo_57_32to255.mp4,7acf4af42ded076125e6512721d06033c850be75b565dfcfefd4ec652e576808,04ff7eae2ed606b97ae4315c05f95612132e82d70646e6d93ce05a8a0d396bed,AIGVDBench/Real/Real.zip,videos/POCazrEqYzo_57_32to255.mp4,4032123,4032791,dataset_cc_by_4_0_component_partial,not_downloaded
open_sora::POCazrEqYzo_57_32to255,AIGVDBench,POCazrEqYzo_57_32to255,aigvdbench:POCazrEqYzo_57_32to255,train,train,1,Open-Sora,text_to_video,POCazrEqYzo_57_32to255.mp4,7acf4af42ded076125e6512721d06033c850be75b565dfcfefd4ec652e576808,04ff7eae2ed606b97ae4315c05f95612132e82d70646e6d93ce05a8a0d396bed,AIGVDBench/OpenSource/T2V/Open-Sora.zip,videos/POCazrEqYzo_57_32to255.mp4,50297,51148,dataset_cc_by_4_0_component_partial,not_downloaded
real::Qqq61Iac1qc_3_0to146,AIGVDBench,Qqq61Iac1qc_3_0to146,aigvdbench:Qqq61Iac1qc_3_0to146,train,train,0,,real_video,Qqq61Iac1qc_3_0to146.mp4,30b914b54078042b549372382d4fab8b45aeb7795dfd15f2f547c07ef51a3744,050139fefdd582a3f0e530e11108b817c69ef2369826ce9cf534f06d921b4c22,AIGVDBench/Real/Real.zip,videos/Qqq61Iac1qc_3_0to146.mp4,1803574,1804469,dataset_cc_by_4_0_component_partial,not_downloaded
open_sora::Qqq61Iac1qc_3_0to146,AIGVDBench,Qqq61Iac1qc_3_0to146,aigvdbench:Qqq61Iac1qc_3_0to146,train,train,1,Open-Sora,text_to_video,Qqq61Iac1qc_3_0to146.mp4,30b914b54078042b549372382d4fab8b45aeb7795dfd15f2f547c07ef51a3744,050139fefdd582a3f0e530e11108b817c69ef2369826ce9cf534f06d921b4c22,AIGVDBench/OpenSource/T2V/Open-Sora.zip,videos/Qqq61Iac1qc_3_0to146.mp4,43255,44158,dataset_cc_by_4_0_component_partial,not_downloaded
real::tEQCq1CcCeY_42_0to103,AIGVDBench,tEQCq1CcCeY_42_0to103,aigvdbench:tEQCq1CcCeY_42_0to103,train,train,0,,real_video,tEQCq1CcCeY_42_0to103.mp4,0f87c9dba1249d9241d04252abadddca9f7a4ce52eb8df2adcad8522cbdde031,050440671959c9465aae8123f68ff39e87b91630c0c9e7c8c5a78991e4ff2c26,AIGVDBench/Real/Real.zip,videos/tEQCq1CcCeY_42_0to103.mp4,4326134,4326683,dataset_cc_by_4_0_component_partial,not_downloaded
open_sora::tEQCq1CcCeY_42_0to103,AIGVDBench,tEQCq1CcCeY_42_0to103,aigvdbench:tEQCq1CcCeY_42_0to103,train,train,1,Open-Sora,text_to_video,tEQCq1CcCeY_42_0to103.mp4,0f87c9dba1249d9241d04252abadddca9f7a4ce52eb8df2adcad8522cbdde031,050440671959c9465aae8123f68ff39e87b91630c0c9e7c8c5a78991e4ff2c26,AIGVDBench/OpenSource/T2V/Open-Sora.zip,videos/tEQCq1CcCeY_42_0to103.mp4,79098,79864,dataset_cc_by_4_0_component_partial,not_downloaded
real::83vzo2J09VM_89_23to153,AIGVDBench,83vzo2J09VM_89_23to153,aigvdbench:83vzo2J09VM_89_23to153,train,train,0,,real_video,83vzo2J09VM_89_23to153.mp4,1a949c685e4084924305cac39d3e4628f1f9c5474e8c55d5348db0c4d7cdb29b,05044c11c8fd831c72115e30fbf4aead8ddfe840cf5b4c7fee3483cc798240a0,AIGVDBench/Real/Real.zip,videos/83vzo2J09VM_89_23to153.mp4,2187573,2188023,dataset_cc_by_4_0_component_partial,not_downloaded
open_sora::83vzo2J09VM_89_23to153,AIGVDBench,83vzo2J09VM_89_23to153,aigvdbench:83vzo2J09VM_89_23to153,train,train,1,Open-Sora,text_to_video,83vzo2J09VM_89_23to153.mp4,1a949c685e4084924305cac39d3e4628f1f9c5474e8c55d5348db0c4d7cdb29b,05044c11c8fd831c72115e30fbf4aead8ddfe840cf5b4c7fee3483cc798240a0,AIGVDBench/OpenSource/T2V/Open-Sora.zip,videos/83vzo2J09VM_89_23to153.mp4,46585,47458,dataset_cc_by_4_0_component_partial,not_downloaded
real::VorMhAAW5qY_23_0to116,AIGVDBench,VorMhAAW5qY_23_0to116,aigvdbench:VorMhAAW5qY_23_0to116,train,train,0,,real_video,VorMhAAW5qY_23_0to116.mp4,774153e205e403f0d807e4020c6930731a0a8e14e9d50bec3970d216bed086bf,0505b6505a28efe064f0e87c8c9cb0c837e4ad2762c0549a7652286c4929362b,AIGVDBench/Real/Real.zip,videos/VorMhAAW5qY_23_0to116.mp4,1947846,1948560,dataset_cc_by_4_0_component_partial,not_downloaded
open_sora::VorMhAAW5qY_23_0to116,AIGVDBench,VorMhAAW5qY_23_0to116,aigvdbench:VorMhAAW5qY_23_0to116,train,train,1,Open-Sora,text_to_video,VorMhAAW5qY_23_0to116.mp4,774153e205e403f0d807e4020c6930731a0a8e14e9d50bec3970d216bed086bf,0505b6505a28efe064f0e87c8c9cb0c837e4ad2762c0549a7652286c4929362b,AIGVDBench/OpenSource/T2V/Open-Sora.zip,videos/VorMhAAW5qY_23_0to116.mp4,53116,53900,dataset_cc_by_4_0_component_partial,not_downloaded
real::VXBqO-nJ2SU_0_0to114,AIGVDBench,VXBqO-nJ2SU_0_0to114,aigvdbench:VXBqO-nJ2SU_0_0to114,train,train,0,,real_video,VXBqO-nJ2SU_0_0to114.mp4,8c9c5529061a25fd9d02dc0298590b72b567fa99b35d47c9e7a721c75267b9cc,050853ac40c28b1a4fdd177838faed96f094a1a771e2f84194a9527834a99af2,AIGVDBench/Real/Real.zip,videos/VXBqO-nJ2SU_0_0to114.mp4,2020494,2020994,dataset_cc_by_4_0_component_partial,not_downloaded
open_sora::VXBqO-nJ2SU_0_0to114,AIGVDBench,VXBqO-nJ2SU_0_0to114,aigvdbench:VXBqO-nJ2SU_0_0to114,train,train,1,Open-Sora,text_to_video,VXBqO-nJ2SU_0_0to114.mp4,8c9c5529061a25fd9d02dc0298590b72b567fa99b35d47c9e7a721c75267b9cc,050853ac40c28b1a4fdd177838faed96f094a1a771e2f84194a9527834a99af2,AIGVDBench/OpenSource/T2V/Open-Sora.zip,videos/VXBqO-nJ2SU_0_0to114.mp4,62925,63678,dataset_cc_by_4_0_component_partial,not_downloaded
real::pbMoRiOMk7s_8_0to622,AIGVDBench,pbMoRiOMk7s_8_0to622,aigvdbench:pbMoRiOMk7s_8_0to622,train,train,0,,real_video,pbMoRiOMk7s_8_0to622.mp4,f356c737b5e07fed74195865871b168516d7e38d4d18789f36faf29149585aeb,050beb01e89a9e6311900b28106350223d853cfd70b640aee62ab2510a69503a,AIGVDBench/Real/Real.zip,videos/pbMoRiOMk7s_8_0to622.mp4,11613218,11615135,dataset_cc_by_4_0_component_partial,not_downloaded
open_sora::pbMoRiOMk7s_8_0to622,AIGVDBench,pbMoRiOMk7s_8_0to622,aigvdbench:pbMoRiOMk7s_8_0to622,train,train,1,Open-Sora,text_to_video,pbMoRiOMk7s_8_0to622.mp4,f356c737b5e07fed74195865871b168516d7e38d4d18789f36faf29149585aeb,050beb01e89a9e6311900b28106350223d853cfd70b640aee62ab2510a69503a,AIGVDBench/OpenSource/T2V/Open-Sora.zip,videos/pbMoRiOMk7s_8_0to622.mp4,64521,65315,dataset_cc_by_4_0_component_partial,not_downloaded
real::sz_1SZCn2sI_15_0to170,AIGVDBench,sz_1SZCn2sI_15_0to170,aigvdbench:sz_1SZCn2sI_15_0to170,train,train,0,,real_video,sz_1SZCn2sI_15_0to170.mp4,4cccda099cd874a39c3d82b73b29d537cb46fb2489251fd3bc6d8a92a0171097,050c2bdb23fe89cc2ad362bb37845dfd1577417a29de90ec8aceb70f4624f44c,AIGVDBench/Real/Real.zip,videos/sz_1SZCn2sI_15_0to170.mp4,4937656,4938594,dataset_cc_by_4_0_component_partial,not_downloaded
open_sora::sz_1SZCn2sI_15_0to170,AIGVDBench,sz_1SZCn2sI_15_0to170,aigvdbench:sz_1SZCn2sI_15_0to170,train,train,1,Open-Sora,text_to_video,sz_1SZCn2sI_15_0to170.mp4,4cccda099cd874a39c3d82b73b29d537cb46fb2489251fd3bc6d8a92a0171097,050c2bdb23fe89cc2ad362bb37845dfd1577417a29de90ec8aceb70f4624f44c,AIGVDBench/OpenSource/T2V/Open-Sora.zip,videos/sz_1SZCn2sI_15_0to170.mp4,71920,72661,dataset_cc_by_4_0_component_partial,not_downloaded
real::3AtjHc7TKyc_2_0to293,AIGVDBench,3AtjHc7TKyc_2_0to293,aigvdbench:3AtjHc7TKyc_2_0to293,train,train,0,,real_video,3AtjHc7TKyc_2_0to293.mp4,ed423633a9c64e16b138dd617cc295fa90fafa6329bd952b39bb4796d2e3197e,05127c5ff5f6d4f0da02ed2b01875f72951c0aa7bf9618f36ca4afac5478752d,AIGVDBench/Real/Real.zip,videos/3AtjHc7TKyc_2_0to293.mp4,2497051,2499512,dataset_cc_by_4_0_component_partial,not_downloaded
open_sora::3AtjHc7TKyc_2_0to293,AIGVDBench,3AtjHc7TKyc_2_0to293,aigvdbench:3AtjHc7TKyc_2_0to293,train,train,1,Open-Sora,text_to_video,3AtjHc7TKyc_2_0to293.mp4,ed423633a9c64e16b138dd617cc295fa90fafa6329bd952b39bb4796d2e3197e,05127c5ff5f6d4f0da02ed2b01875f72951c0aa7bf9618f36ca4afac5478752d,AIGVDBench/OpenSource/T2V/Open-Sora.zip,videos/3AtjHc7TKyc_2_0to293.mp4,50333,51294,dataset_cc_by_4_0_component_partial,not_downloaded
real::hRYX43RRjso_1_0to133,AIGVDBench,hRYX43RRjso_1_0to133,aigvdbench:hRYX43RRjso_1_0to133,train,train,0,,real_video,hRYX43RRjso_1_0to133.mp4,e0f4a3442ee312c28ea472b56bcdeda16d1112e9e299b7229925943fced3909e,05177a14a74089c1eb366a879cbe1a1141cf3ce215633d61382008247fbd8ef5,AIGVDBench/Real/Real.zip,videos/hRYX43RRjso_1_0to133.mp4,2608792,2609050,dataset_cc_by_4_0_component_partial,not_downloaded
open_sora::hRYX43RRjso_1_0to133,AIGVDBench,hRYX43RRjso_1_0to133,aigvdbench:hRYX43RRjso_1_0to133,train,train,1,Open-Sora,text_to_video,hRYX43RRjso_1_0to133.mp4,e0f4a3442ee312c28ea472b56bcdeda16d1112e9e299b7229925943fced3909e,05177a14a74089c1eb366a879cbe1a1141cf3ce215633d61382008247fbd8ef5,AIGVDBench/OpenSource/T2V/Open-Sora.zip,videos/hRYX43RRjso_1_0to133.mp4,62307,63075,dataset_cc_by_4_0_component_partial,not_downloaded
real::xq4l3l4HGjo_1_17to358,AIGVDBench,xq4l3l4HGjo_1_17to358,aigvdbench:xq4l3l4HGjo_1_17to358,train,train,0,,real_video,xq4l3l4HGjo_1_17to358.mp4,118db0e31238b75715c2231944fbce2b1ce1d6fd30a33a92b14e5498a4b25a42,05180dc8b9960462677f636f339f641196f357c74a8e027f8ef4555cc4dfa811,AIGVDBench/Real/Real.zip,videos/xq4l3l4HGjo_1_17to358.mp4,4914506,4915087,dataset_cc_by_4_0_component_partial,not_downloaded
open_sora::xq4l3l4HGjo_1_17to358,AIGVDBench,xq4l3l4HGjo_1_17to358,aigvdbench:xq4l3l4HGjo_1_17to358,train,train,1,Open-Sora,text_to_video,xq4l3l4HGjo_1_17to358.mp4,118db0e31238b75715c2231944fbce2b1ce1d6fd30a33a92b14e5498a4b25a42,05180dc8b9960462677f636f339f641196f357c74a8e027f8ef4555cc4dfa811,AIGVDBench/OpenSource/T2V/Open-Sora.zip,videos/xq4l3l4HGjo_1_17to358.mp4,56423,57217,dataset_cc_by_4_0_component_partial,not_downloaded
real::nsEkJhFdvHk_0_0to354,AIGVDBench,nsEkJhFdvHk_0_0to354,aigvdbench:nsEkJhFdvHk_0_0to354,train,train,0,,real_video,nsEkJhFdvHk_0_0to354.mp4,61e93a59f6e89c4530f60c3aa4c374de7e92b8a1d28bf54a2f18328ecb7e3dd3,051ab08bd90dc9706678c72754275a5c628d063ac3fe0165bfe0b9866a0055c0,AIGVDBench/Real/Real.zip,videos/nsEkJhFdvHk_0_0to354.mp4,5104877,5105994,dataset_cc_by_4_0_component_partial,not_downloaded
open_sora::nsEkJhFdvHk_0_0to354,AIGVDBench,nsEkJhFdvHk_0_0to354,aigvdbench:nsEkJhFdvHk_0_0to354,train,train,1,Open-Sora,text_to_video,nsEkJhFdvHk_0_0to354.mp4,61e93a59f6e89c4530f60c3aa4c374de7e92b8a1d28bf54a2f18328ecb7e3dd3,051ab08bd90dc9706678c72754275a5c628d063ac3fe0165bfe0b9866a0055c0,AIGVDBench/OpenSource/T2V/Open-Sora.zip,videos/nsEkJhFdvHk_0_0to354.mp4,40033,40839,dataset_cc_by_4_0_component_partial,not_downloaded
real::yEnuFySg1SQ_17_111to721,AIGVDBench,yEnuFySg1SQ_17_111to721,aigvdbench:yEnuFySg1SQ_17_111to721,train,train,0,,real_video,yEnuFySg1SQ_17_111to721.mp4,e0c8498f54b1655cb0af474da75d4549d9441f5274f2ebc93c4885c2893ecaf4,051ce023c2c2f52fd4a469a2c68ced2949e2891c7b0509c97c16c15141ca9830,AIGVDBench/Real/Real.zip,videos/yEnuFySg1SQ_17_111to721.mp4,11949757,11951177,dataset_cc_by_4_0_component_partial,not_downloaded
open_sora::yEnuFySg1SQ_17_111to721,AIGVDBench,yEnuFySg1SQ_17_111to721,aigvdbench:yEnuFySg1SQ_17_111to721,train,train,1,Open-Sora,text_to_video,yEnuFySg1SQ_17_111to721.mp4,e0c8498f54b1655cb0af474da75d4549d9441f5274f2ebc93c4885c2893ecaf4,051ce023c2c2f52fd4a469a2c68ced2949e2891c7b0509c97c16c15141ca9830,AIGVDBench/OpenSource/T2V/Open-Sora.zip,videos/yEnuFySg1SQ_17_111to721.mp4,55817,56583,dataset_cc_by_4_0_component_partial,not_downloaded
real::X9veB3NxTf0_1_0to195,AIGVDBench,X9veB3NxTf0_1_0to195,aigvdbench:X9veB3NxTf0_1_0to195,train,train,0,,real_video,X9veB3NxTf0_1_0to195.mp4,020cefee5c2b5635b9864ad128b4e4c06ed8bb4fba43a59af0a54d559aabe72e,051f38f5b5474300c30878d7a6dcab30865b89280c5d5e698b989794d71fcf45,AIGVDBench/Real/Real.zip,videos/X9veB3NxTf0_1_0to195.mp4,2717671,2718180,dataset_cc_by_4_0_component_partial,not_downloaded
open_sora::X9veB3NxTf0_1_0to195,AIGVDBench,X9veB3NxTf0_1_0to195,aigvdbench:X9veB3NxTf0_1_0to195,train,train,1,Open-Sora,text_to_video,X9veB3NxTf0_1_0to195.mp4,020cefee5c2b5635b9864ad128b4e4c06ed8bb4fba43a59af0a54d559aabe72e,051f38f5b5474300c30878d7a6dcab30865b89280c5d5e698b989794d71fcf45,AIGVDBench/OpenSource/T2V/Open-Sora.zip,videos/X9veB3NxTf0_1_0to195.mp4,43999,44776,dataset_cc_by_4_0_component_partial,not_downloaded
real::fIKbTBt8QWI_9_0to136,AIGVDBench,fIKbTBt8QWI_9_0to136,aigvdbench:fIKbTBt8QWI_9_0to136,train,train,0,,real_video,fIKbTBt8QWI_9_0to136.mp4,d5fa9a1bce0efd6f658574bb4a3c756bbbd59b20acb3e5558690eabf8a9caad4,052235afd86fa02656e8b36221493205e38d265b243f26b95520640c5b04c70d,AIGVDBench/Real/Real.zip,videos/fIKbTBt8QWI_9_0to136.mp4,1991444,1992307,dataset_cc_by_4_0_component_partial,not_downloaded
open_sora::fIKbTBt8QWI_9_0to136,AIGVDBench,fIKbTBt8QWI_9_0to136,aigvdbench:fIKbTBt8QWI_9_0to136,train,train,1,Open-Sora,text_to_video,fIKbTBt8QWI_9_0to136.mp4,d5fa9a1bce0efd6f658574bb4a3c756bbbd59b20acb3e5558690eabf8a9caad4,052235afd86fa02656e8b36221493205e38d265b243f26b95520640c5b04c70d,AIGVDBench/OpenSource/T2V/Open-Sora.zip,videos/fIKbTBt8QWI_9_0to136.mp4,44045,44885,dataset_cc_by_4_0_component_partial,not_downloaded
real::VKbbzSoOCmM_12_0to524,AIGVDBench,VKbbzSoOCmM_12_0to524,aigvdbench:VKbbzSoOCmM_12_0to524,train,train,0,,real_video,VKbbzSoOCmM_12_0to524.mp4,585d0cd76807d02b1e1b9bfbf20329e03231539cd69a33ceb21880ea017ad694,052e6f3a8157a4531ede55b32a4f922926c0796c9a5a3c64dcafd32730ec3ca9,AIGVDBench/Real/Real.zip,videos/VKbbzSoOCmM_12_0to524.mp4,7376355,7380541,dataset_cc_by_4_0_component_partial,not_downloaded
open_sora::VKbbzSoOCmM_12_0to524,AIGVDBench,VKbbzSoOCmM_12_0to524,aigvdbench:VKbbzSoOCmM_12_0to524,train,train,1,Open-Sora,text_to_video,VKbbzSoOCmM_12_0to524.mp4,585d0cd76807d02b1e1b9bfbf20329e03231539cd69a33ceb21880ea017ad694,052e6f3a8157a4531ede55b32a4f922926c0796c9a5a3c64dcafd32730ec3ca9,AIGVDBench/OpenSource/T2V/Open-Sora.zip,videos/VKbbzSoOCmM_12_0to524.mp4,49399,50202,dataset_cc_by_4_0_component_partial,not_downloaded
real::IFop0h0lFhI_67_63to170,AIGVDBench,IFop0h0lFhI_67_63to170,aigvdbench:IFop0h0lFhI_67_63to170,train,train,0,,real_video,IFop0h0lFhI_67_63to170.mp4,5bd884c64e2c30baa7ff2ddc3421af8144bfe33aad095ffedb92f7bb8cb47e58,052ea06be3e014f0f675b8352a5aa8193b7fa885e5880aff4b1d9fe07eb16e74,AIGVDBench/Real/Real.zip,videos/IFop0h0lFhI_67_63to170.mp4,2009684,2010242,dataset_cc_by_4_0_component_partial,not_downloaded
open_sora::IFop0h0lFhI_67_63to170,AIGVDBench,IFop0h0lFhI_67_63to170,aigvdbench:IFop0h0lFhI_67_63to170,train,train,1,Open-Sora,text_to_video,IFop0h0lFhI_67_63to170.mp4,5bd884c64e2c30baa7ff2ddc3421af8144bfe33aad095ffedb92f7bb8cb47e58,052ea06be3e014f0f675b8352a5aa8193b7fa885e5880aff4b1d9fe07eb16e74,AIGVDBench/OpenSource/T2V/Open-Sora.zip,videos/IFop0h0lFhI_67_63to170.mp4,58112,58944,dataset_cc_by_4_0_component_partial,not_downloaded
real::wa8q-iy2_Dc_41_44to162,AIGVDBench,wa8q-iy2_Dc_41_44to162,aigvdbench:wa8q-iy2_Dc_41_44to162,train,train,0,,real_video,wa8q-iy2_Dc_41_44to162.mp4,799bb76678005d047553f1c0d49816614dde15a55395de72e0cf371767663ede,053037bb5ac522096a4c15aede5fd8e9e221c1201cf5c6b28f29170de3556078,AIGVDBench/Real/Real.zip,videos/wa8q-iy2_Dc_41_44to162.mp4,2234020,2234287,dataset_cc_by_4_0_component_partial,not_downloaded
open_sora::wa8q-iy2_Dc_41_44to162,AIGVDBench,wa8q-iy2_Dc_41_44to162,aigvdbench:wa8q-iy2_Dc_41_44to162,train,train,1,Open-Sora,text_to_video,wa8q-iy2_Dc_41_44to162.mp4,799bb76678005d047553f1c0d49816614dde15a55395de72e0cf371767663ede,053037bb5ac522096a4c15aede5fd8e9e221c1201cf5c6b28f29170de3556078,AIGVDBench/OpenSource/T2V/Open-Sora.zip,videos/wa8q-iy2_Dc_41_44to162.mp4,54125,54866,dataset_cc_by_4_0_component_partial,not_downloaded
real::T_6n-tZuxK4_25_0to336,AIGVDBench,T_6n-tZuxK4_25_0to336,aigvdbench:T_6n-tZuxK4_25_0to336,train,train,0,,real_video,T_6n-tZuxK4_25_0to336.mp4,5f9a221616c06c3930d2b1eb4257da13067e954df68e799169e12a5c28438167,0535ab7492d5fde4d417746cdfd50219d795cc00e88fc7c8c8e8164a57a77cc4,AIGVDBench/Real/Real.zip,videos/T_6n-tZuxK4_25_0to336.mp4,3430923,3431895,dataset_cc_by_4_0_component_partial,not_downloaded
open_sora::T_6n-tZuxK4_25_0to336,AIGVDBench,T_6n-tZuxK4_25_0to336,aigvdbench:T_6n-tZuxK4_25_0to336,train,train,1,Open-Sora,text_to_video,T_6n-tZuxK4_25_0to336.mp4,5f9a221616c06c3930d2b1eb4257da13067e954df68e799169e12a5c28438167,0535ab7492d5fde4d417746cdfd50219d795cc00e88fc7c8c8e8164a57a77cc4,AIGVDBench/OpenSource/T2V/Open-Sora.zip,videos/T_6n-tZuxK4_25_0to336.mp4,46714,47539,dataset_cc_by_4_0_component_partial,not_downloaded
real::PH8V14VgpTk_53_0to151,AIGVDBench,PH8V14VgpTk_53_0to151,aigvdbench:PH8V14VgpTk_53_0to151,train,train,0,,real_video,PH8V14VgpTk_53_0to151.mp4,b5cd60ffc202a6c225d8f746ae0b876bfd15e85cba8f17ee117767ca5b941218,053671934ba88c4386328a5c3f6cd8ef4bc47f3dd8b2fd55b8a3dfb5e66414f2,AIGVDBench/Real/Real.zip,videos/PH8V14VgpTk_53_0to151.mp4,853180,854460,dataset_cc_by_4_0_component_partial,not_downloaded
open_sora::PH8V14VgpTk_53_0to151,AIGVDBench,PH8V14VgpTk_53_0to151,aigvdbench:PH8V14VgpTk_53_0to151,train,train,1,Open-Sora,text_to_video,PH8V14VgpTk_53_0to151.mp4,b5cd60ffc202a6c225d8f746ae0b876bfd15e85cba8f17ee117767ca5b941218,053671934ba88c4386328a5c3f6cd8ef4bc47f3dd8b2fd55b8a3dfb5e66414f2,AIGVDBench/OpenSource/T2V/Open-Sora.zip,videos/PH8V14VgpTk_53_0to151.mp4,64010,64715,dataset_cc_by_4_0_component_partial,not_downloaded
real::MouxVDH7_BM_60_0to266,AIGVDBench,MouxVDH7_BM_60_0to266,aigvdbench:MouxVDH7_BM_60_0to266,train,train,0,,real_video,MouxVDH7_BM_60_0to266.mp4,80ac525815735861ddfe14133be6517d283de730ea84d3c79558d483465afa9d,053a62d223a1efddf713faae1805e10f950dd6d5d75a6059d7b62e69df71950f,AIGVDBench/Real/Real.zip,videos/MouxVDH7_BM_60_0to266.mp4,4512892,4513631,dataset_cc_by_4_0_component_partial,not_downloaded
open_sora::MouxVDH7_BM_60_0to266,AIGVDBench,MouxVDH7_BM_60_0to266,aigvdbench:MouxVDH7_BM_60_0to266,train,train,1,Open-Sora,text_to_video,MouxVDH7_BM_60_0to266.mp4,80ac525815735861ddfe14133be6517d283de730ea84d3c79558d483465afa9d,053a62d223a1efddf713faae1805e10f950dd6d5d75a6059d7b62e69df71950f,AIGVDBench/OpenSource/T2V/Open-Sora.zip,videos/MouxVDH7_BM_60_0to266.mp4,73098,73824,dataset_cc_by_4_0_component_partial,not_downloaded
real::xIrSLKUK8rs_22_0to121,AIGVDBench,xIrSLKUK8rs_22_0to121,aigvdbench:xIrSLKUK8rs_22_0to121,train,train,0,,real_video,xIrSLKUK8rs_22_0to121.mp4,0aa609bc422c9623554961890601ddd0de26fc7e823c9622179d40d5fb566d6c,053ceefbd3191603056f7f44c8243b9ef2b8db68c944d01427a06283077eaf1e,AIGVDBench/Real/Real.zip,videos/xIrSLKUK8rs_22_0to121.mp4,3317389,3317656,dataset_cc_by_4_0_component_partial,not_downloaded
open_sora::xIrSLKUK8rs_22_0to121,AIGVDBench,xIrSLKUK8rs_22_0to121,aigvdbench:xIrSLKUK8rs_22_0to121,train,train,1,Open-Sora,text_to_video,xIrSLKUK8rs_22_0to121.mp4,0aa609bc422c9623554961890601ddd0de26fc7e823c9622179d40d5fb566d6c,053ceefbd3191603056f7f44c8243b9ef2b8db68c944d01427a06283077eaf1e,AIGVDBench/OpenSource/T2V/Open-Sora.zip,videos/xIrSLKUK8rs_22_0to121.mp4,56028,56794,dataset_cc_by_4_0_component_partial,not_downloaded
real::EQZibQ1fcCA_101_0to148,AIGVDBench,EQZibQ1fcCA_101_0to148,aigvdbench:EQZibQ1fcCA_101_0to148,train,train,0,,real_video,EQZibQ1fcCA_101_0to148.mp4,8225c43355d2f182690d3eac196dd7fd330769f4e22ea7884a48ff945c4a8a90,0541077cd306cbb5ea67c813d17b24953480d996cb426fe06da75284ef07b399,AIGVDBench/Real/Real.zip,videos/EQZibQ1fcCA_101_0to148.mp4,3708795,3709092,dataset_cc_by_4_0_component_partial,not_downloaded
open_sora::EQZibQ1fcCA_101_0to148,AIGVDBench,EQZibQ1fcCA_101_0to148,aigvdbench:EQZibQ1fcCA_101_0to148,train,train,1,Open-Sora,text_to_video,EQZibQ1fcCA_101_0to148.mp4,8225c43355d2f182690d3eac196dd7fd330769f4e22ea7884a48ff945c4a8a90,0541077cd306cbb5ea67c813d17b24953480d996cb426fe06da75284ef07b399,AIGVDBench/OpenSource/T2V/Open-Sora.zip,videos/EQZibQ1fcCA_101_0to148.mp4,54487,55334,dataset_cc_by_4_0_component_partial,not_downloaded
real::AE21rZTPiZ4_8_0to200,AIGVDBench,AE21rZTPiZ4_8_0to200,aigvdbench:AE21rZTPiZ4_8_0to200,train,train,0,,real_video,AE21rZTPiZ4_8_0to200.mp4,b3d035fb3e33ea013481ef91ec1d7bcf64c07c089da29ae7cf2fb99b6ec2c0d3,0546de9d304c937a036dbb77a48ac329901d00bb3e3becd613a052d0551a2995,AIGVDBench/Real/Real.zip,videos/AE21rZTPiZ4_8_0to200.mp4,2728896,2729431,dataset_cc_by_4_0_component_partial,not_downloaded
open_sora::AE21rZTPiZ4_8_0to200,AIGVDBench,AE21rZTPiZ4_8_0to200,aigvdbench:AE21rZTPiZ4_8_0to200,train,train,1,Open-Sora,text_to_video,AE21rZTPiZ4_8_0to200.mp4,b3d035fb3e33ea013481ef91ec1d7bcf64c07c089da29ae7cf2fb99b6ec2c0d3,0546de9d304c937a036dbb77a48ac329901d00bb3e3becd613a052d0551a2995,AIGVDBench/OpenSource/T2V/Open-Sora.zip,videos/AE21rZTPiZ4_8_0to200.mp4,47222,48050,dataset_cc_by_4_0_component_partial,not_downloaded
real::lNuiUMdOUcQ_2_104to231,AIGVDBench,lNuiUMdOUcQ_2_104to231,aigvdbench:lNuiUMdOUcQ_2_104to231,train,train,0,,real_video,lNuiUMdOUcQ_2_104to231.mp4,b4174a2fa258ddbe79aa92cc1c8eefd4f32e53b85e7be4f9ffde9228b87720ab,0546eb6904c9064634b7573e161ae0c994f4da0484049c64e37f3fa2bdf55481,AIGVDBench/Real/Real.zip,videos/lNuiUMdOUcQ_2_104to231.mp4,1367711,1368416,dataset_cc_by_4_0_component_partial,not_downloaded
open_sora::lNuiUMdOUcQ_2_104to231,AIGVDBench,lNuiUMdOUcQ_2_104to231,aigvdbench:lNuiUMdOUcQ_2_104to231,train,train,1,Open-Sora,text_to_video,lNuiUMdOUcQ_2_104to231.mp4,b4174a2fa258ddbe79aa92cc1c8eefd4f32e53b85e7be4f9ffde9228b87720ab,0546eb6904c9064634b7573e161ae0c994f4da0484049c64e37f3fa2bdf55481,AIGVDBench/OpenSource/T2V/Open-Sora.zip,videos/lNuiUMdOUcQ_2_104to231.mp4,57380,58183,dataset_cc_by_4_0_component_partial,not_downloaded
real::jT5KZHgGElI_9_286to437,AIGVDBench,jT5KZHgGElI_9_286to437,aigvdbench:jT5KZHgGElI_9_286to437,train,train,0,,real_video,jT5KZHgGElI_9_286to437.mp4,6f6b36dad6510712c1680a8f7bb005e035456e61bd0ac515493e242c6fe62544,054bfc44c46ec7d9e72f556cf8a12494784af06e4721f31bccb370659b27998d,AIGVDBench/Real/Real.zip,videos/jT5KZHgGElI_9_286to437.mp4,1841267,1842456,dataset_cc_by_4_0_component_partial,not_downloaded
open_sora::jT5KZHgGElI_9_286to437,AIGVDBench,jT5KZHgGElI_9_286to437,aigvdbench:jT5KZHgGElI_9_286to437,train,train,1,Open-Sora,text_to_video,jT5KZHgGElI_9_286to437.mp4,6f6b36dad6510712c1680a8f7bb005e035456e61bd0ac515493e242c6fe62544,054bfc44c46ec7d9e72f556cf8a12494784af06e4721f31bccb370659b27998d,AIGVDBench/OpenSource/T2V/Open-Sora.zip,videos/jT5KZHgGElI_9_286to437.mp4,41404,42266,dataset_cc_by_4_0_component_partial,not_downloaded
real::8IKb2rXQoR8_2_78to310,AIGVDBench,8IKb2rXQoR8_2_78to310,aigvdbench:8IKb2rXQoR8_2_78to310,train,train,0,,real_video,8IKb2rXQoR8_2_78to310.mp4,82267a01fdaa380894ab88145b4a44824ff23f52f5bb20bcbdb04f45ac95222d,054da4176c3276f61dd44ab4e248e4fd4ad6350e6e3d5582ba5503344269bde6,AIGVDBench/Real/Real.zip,videos/8IKb2rXQoR8_2_78to310.mp4,4218608,4219552,dataset_cc_by_4_0_component_partial,not_downloaded
open_sora::8IKb2rXQoR8_2_78to310,AIGVDBench,8IKb2rXQoR8_2_78to310,aigvdbench:8IKb2rXQoR8_2_78to310,train,train,1,Open-Sora,text_to_video,8IKb2rXQoR8_2_78to310.mp4,82267a01fdaa380894ab88145b4a44824ff23f52f5bb20bcbdb04f45ac95222d,054da4176c3276f61dd44ab4e248e4fd4ad6350e6e3d5582ba5503344269bde6,AIGVDBench/OpenSource/T2V/Open-Sora.zip,videos/8IKb2rXQoR8_2_78to310.mp4,102110,102813,dataset_cc_by_4_0_component_partial,not_downloaded
real::ti4ZRYuppbU_0_0to1294,AIGVDBench,ti4ZRYuppbU_0_0to1294,aigvdbench:ti4ZRYuppbU_0_0to1294,train,train,0,,real_video,ti4ZRYuppbU_0_0to1294.mp4,4a5532361053df3367ef2382db70cad57f8ff275d95d3d2f28793affb84986e9,055634c23816b1e27323608d6f6108c31ba92da901ce1da5342643b3b94070c0,AIGVDBench/Real/Real.zip,videos/ti4ZRYuppbU_0_0to1294.mp4,35748073,35750765,dataset_cc_by_4_0_component_partial,not_downloaded
open_sora::ti4ZRYuppbU_0_0to1294,AIGVDBench,ti4ZRYuppbU_0_0to1294,aigvdbench:ti4ZRYuppbU_0_0to1294,train,train,1,Open-Sora,text_to_video,ti4ZRYuppbU_0_0to1294.mp4,4a5532361053df3367ef2382db70cad57f8ff275d95d3d2f28793affb84986e9,055634c23816b1e27323608d6f6108c31ba92da901ce1da5342643b3b94070c0,AIGVDBench/OpenSource/T2V/Open-Sora.zip,videos/ti4ZRYuppbU_0_0to1294.mp4,65829,66608,dataset_cc_by_4_0_component_partial,not_downloaded
real::BhfY7SydJas_72_0to118,AIGVDBench,BhfY7SydJas_72_0to118,aigvdbench:BhfY7SydJas_72_0to118,train,train,0,,real_video,BhfY7SydJas_72_0to118.mp4,21b8b2541e6d9dd46dc5860a916e26356477aebba8b1a2b79e59018dc1de8efc,055761554849ba0e855305102151f82de80f8c752081ef594a98a67eadf36173,AIGVDBench/Real/Real.zip,videos/BhfY7SydJas_72_0to118.mp4,1277206,1278139,dataset_cc_by_4_0_component_partial,not_downloaded
open_sora::BhfY7SydJas_72_0to118,AIGVDBench,BhfY7SydJas_72_0to118,aigvdbench:BhfY7SydJas_72_0to118,train,train,1,Open-Sora,text_to_video,BhfY7SydJas_72_0to118.mp4,21b8b2541e6d9dd46dc5860a916e26356477aebba8b1a2b79e59018dc1de8efc,055761554849ba0e855305102151f82de80f8c752081ef594a98a67eadf36173,AIGVDBench/OpenSource/T2V/Open-Sora.zip,videos/BhfY7SydJas_72_0to118.mp4,52263,53006,dataset_cc_by_4_0_component_partial,not_downloaded
real::cyI1EZTFF8Q_0_0to1253,AIGVDBench,cyI1EZTFF8Q_0_0to1253,aigvdbench:cyI1EZTFF8Q_0_0to1253,train,train,0,,real_video,cyI1EZTFF8Q_0_0to1253.mp4,2ef0c6c84a9594667adc22d7188c60c1c39e4764659768588d88490e616b0088,055aadacc41c8b59c38df298f08a519c8f8e6720147f0b094a6b95cee38c9be6,AIGVDBench/Real/Real.zip,videos/cyI1EZTFF8Q_0_0to1253.mp4,19201551,19207316,dataset_cc_by_4_0_component_partial,not_downloaded
open_sora::cyI1EZTFF8Q_0_0to1253,AIGVDBench,cyI1EZTFF8Q_0_0to1253,aigvdbench:cyI1EZTFF8Q_0_0to1253,train,train,1,Open-Sora,text_to_video,cyI1EZTFF8Q_0_0to1253.mp4,2ef0c6c84a9594667adc22d7188c60c1c39e4764659768588d88490e616b0088,055aadacc41c8b59c38df298f08a519c8f8e6720147f0b094a6b95cee38c9be6,AIGVDBench/OpenSource/T2V/Open-Sora.zip,videos/cyI1EZTFF8Q_0_0to1253.mp4,42610,43475,dataset_cc_by_4_0_component_partial,not_downloaded
real::rizbJwv0j6k_45_0to182,AIGVDBench,rizbJwv0j6k_45_0to182,aigvdbench:rizbJwv0j6k_45_0to182,train,train,0,,real_video,rizbJwv0j6k_45_0to182.mp4,1782b82402485f556e31cf7af28a855ba1363ef8cd00c2bc7b1a4aea469e7de0,055b36ac6e54149c760994d4f5a49a12839ceeb26fba0b645dfba1dc621a7e73,AIGVDBench/Real/Real.zip,videos/rizbJwv0j6k_45_0to182.mp4,2870801,2871441,dataset_cc_by_4_0_component_partial,not_downloaded
open_sora::rizbJwv0j6k_45_0to182,AIGVDBench,rizbJwv0j6k_45_0to182,aigvdbench:rizbJwv0j6k_45_0to182,train,train,1,Open-Sora,text_to_video,rizbJwv0j6k_45_0to182.mp4,1782b82402485f556e31cf7af28a855ba1363ef8cd00c2bc7b1a4aea469e7de0,055b36ac6e54149c760994d4f5a49a12839ceeb26fba0b645dfba1dc621a7e73,AIGVDBench/OpenSource/T2V/Open-Sora.zip,videos/rizbJwv0j6k_45_0to182.mp4,51247,52065,dataset_cc_by_4_0_component_partial,not_downloaded
real::zbZ0iCd9jlI_29_102to312,AIGVDBench,zbZ0iCd9jlI_29_102to312,aigvdbench:zbZ0iCd9jlI_29_102to312,train,train,0,,real_video,zbZ0iCd9jlI_29_102to312.mp4,cf3994427c237d6c7be7e76fcb0d14873ddd8636a77a5bfea9fb6f02c76d0371,055b3e231e4d65f4ec095e4e0d7f881c45c2721e4841a546f5069d483d595814,AIGVDBench/Real/Real.zip,videos/zbZ0iCd9jlI_29_102to312.mp4,2335260,2336854,dataset_cc_by_4_0_component_partial,not_downloaded
open_sora::zbZ0iCd9jlI_29_102to312,AIGVDBench,zbZ0iCd9jlI_29_102to312,aigvdbench:zbZ0iCd9jlI_29_102to312,train,train,1,Open-Sora,text_to_video,zbZ0iCd9jlI_29_102to312.mp4,cf3994427c237d6c7be7e76fcb0d14873ddd8636a77a5bfea9fb6f02c76d0371,055b3e231e4d65f4ec095e4e0d7f881c45c2721e4841a546f5069d483d595814,AIGVDBench/OpenSource/T2V/Open-Sora.zip,videos/zbZ0iCd9jlI_29_102to312.mp4,50357,51176,dataset_cc_by_4_0_component_partial,not_downloaded
real::WIb-QEwUcf4_23_0to918,AIGVDBench,WIb-QEwUcf4_23_0to918,aigvdbench:WIb-QEwUcf4_23_0to918,train,train,0,,real_video,WIb-QEwUcf4_23_0to918.mp4,6372be00a0d93e49dada294b4b2e488298c88edc6611342b0728e28293ec4eb2,055c067bbb43aaa53b0318f4c0d2a31c20c68408292c652ac7ccd05ff6d9f3d7,AIGVDBench/Real/Real.zip,videos/WIb-QEwUcf4_23_0to918.mp4,18610899,18612337,dataset_cc_by_4_0_component_partial,not_downloaded
open_sora::WIb-QEwUcf4_23_0to918,AIGVDBench,WIb-QEwUcf4_23_0to918,aigvdbench:WIb-QEwUcf4_23_0to918,train,train,1,Open-Sora,text_to_video,WIb-QEwUcf4_23_0to918.mp4,6372be00a0d93e49dada294b4b2e488298c88edc6611342b0728e28293ec4eb2,055c067bbb43aaa53b0318f4c0d2a31c20c68408292c652ac7ccd05ff6d9f3d7,AIGVDBench/OpenSource/T2V/Open-Sora.zip,videos/WIb-QEwUcf4_23_0to918.mp4,60277,61076,dataset_cc_by_4_0_component_partial,not_downloaded
real::UOqVpLSqgTk_16_0to1311,AIGVDBench,UOqVpLSqgTk_16_0to1311,aigvdbench:UOqVpLSqgTk_16_0to1311,train,train,0,,real_video,UOqVpLSqgTk_16_0to1311.mp4,8db69376624e0c481f1b099c7ea3eb34ede486f50fa35a5ec6e0a8d857cefb92,055ecf78919764bd14191c1f7792c3dac36a0e34d099abebc8b0047436d60d6a,AIGVDBench/Real/Real.zip,videos/UOqVpLSqgTk_16_0to1311.mp4,18930958,18933555,dataset_cc_by_4_0_component_partial,not_downloaded
open_sora::UOqVpLSqgTk_16_0to1311,AIGVDBench,UOqVpLSqgTk_16_0to1311,aigvdbench:UOqVpLSqgTk_16_0to1311,train,train,1,Open-Sora,text_to_video,UOqVpLSqgTk_16_0to1311.mp4,8db69376624e0c481f1b099c7ea3eb34ede486f50fa35a5ec6e0a8d857cefb92,055ecf78919764bd14191c1f7792c3dac36a0e34d099abebc8b0047436d60d6a,AIGVDBench/OpenSource/T2V/Open-Sora.zip,videos/UOqVpLSqgTk_16_0to1311.mp4,54074,54900,dataset_cc_by_4_0_component_partial,not_downloaded
real::k5wOH7jcc0Y_18_216to337,AIGVDBench,k5wOH7jcc0Y_18_216to337,aigvdbench:k5wOH7jcc0Y_18_216to337,train,train,0,,real_video,k5wOH7jcc0Y_18_216to337.mp4,272f886d5c57abab77f80ba9524fde140a7d6f842f078e2c533193f964d63f11,056d6a23d84d05e5f17d9d40218f6bd4de242a544f786567ee62d39164ba7949,AIGVDBench/Real/Real.zip,videos/k5wOH7jcc0Y_18_216to337.mp4,1911792,1912278,dataset_cc_by_4_0_component_partial,not_downloaded
open_sora::k5wOH7jcc0Y_18_216to337,AIGVDBench,k5wOH7jcc0Y_18_216to337,aigvdbench:k5wOH7jcc0Y_18_216to337,train,train,1,Open-Sora,text_to_video,k5wOH7jcc0Y_18_216to337.mp4,272f886d5c57abab77f80ba9524fde140a7d6f842f078e2c533193f964d63f11,056d6a23d84d05e5f17d9d40218f6bd4de242a544f786567ee62d39164ba7949,AIGVDBench/OpenSource/T2V/Open-Sora.zip,videos/k5wOH7jcc0Y_18_216to337.mp4,54572,55367,dataset_cc_by_4_0_component_partial,not_downloaded
real::TKIx6Zwsrk8_2_0to411,AIGVDBench,TKIx6Zwsrk8_2_0to411,aigvdbench:TKIx6Zwsrk8_2_0to411,train,train,0,,real_video,TKIx6Zwsrk8_2_0to411.mp4,0d411ac35973553ffe40fd0652fc6da80b6098b127d864239dc3275c5c264c34,056e8b55a429a0c7143fb503351dcb3d9319588ab636d3e0f858ed3c61b4300b,AIGVDBench/Real/Real.zip,videos/TKIx6Zwsrk8_2_0to411.mp4,4943530,4944591,dataset_cc_by_4_0_component_partial,not_downloaded
open_sora::TKIx6Zwsrk8_2_0to411,AIGVDBench,TKIx6Zwsrk8_2_0to411,aigvdbench:TKIx6Zwsrk8_2_0to411,train,train,1,Open-Sora,text_to_video,TKIx6Zwsrk8_2_0to411.mp4,0d411ac35973553ffe40fd0652fc6da80b6098b127d864239dc3275c5c264c34,056e8b55a429a0c7143fb503351dcb3d9319588ab636d3e0f858ed3c61b4300b,AIGVDBench/OpenSource/T2V/Open-Sora.zip,videos/TKIx6Zwsrk8_2_0to411.mp4,54092,54875,dataset_cc_by_4_0_component_partial,not_downloaded
real::b_ZbXBgbuRA_13_1010to1259,AIGVDBench,b_ZbXBgbuRA_13_1010to1259,aigvdbench:b_ZbXBgbuRA_13_1010to1259,train,train,0,,real_video,b_ZbXBgbuRA_13_1010to1259.mp4,92b4aa3b0778c8e9a00bb3513c22432949b839e5a4fb4a1ea96726090b4c817e,05741db4ba3dd80382e979c7f1b2708958f04226e1831139ddaf65c21e144800,AIGVDBench/Real/Real.zip,videos/b_ZbXBgbuRA_13_1010to1259.mp4,2535624,2537588,dataset_cc_by_4_0_component_partial,not_downloaded
open_sora::b_ZbXBgbuRA_13_1010to1259,AIGVDBench,b_ZbXBgbuRA_13_1010to1259,aigvdbench:b_ZbXBgbuRA_13_1010to1259,train,train,1,Open-Sora,text_to_video,b_ZbXBgbuRA_13_1010to1259.mp4,92b4aa3b0778c8e9a00bb3513c22432949b839e5a4fb4a1ea96726090b4c817e,05741db4ba3dd80382e979c7f1b2708958f04226e1831139ddaf65c21e144800,AIGVDBench/OpenSource/T2V/Open-Sora.zip,videos/b_ZbXBgbuRA_13_1010to1259.mp4,58218,59080,dataset_cc_by_4_0_component_partial,not_downloaded
real::IGecI5-AqdE_8_0to107,AIGVDBench,IGecI5-AqdE_8_0to107,aigvdbench:IGecI5-AqdE_8_0to107,train,train,0,,real_video,IGecI5-AqdE_8_0to107.mp4,783e9b3648e8ae095b3f50257f8157357b9f03d1b89188929bef63f0c83214d0,057d511a36c76a344e0623ca5b38ab3db715c77db0dae7897e4defd3b48d59a4,AIGVDBench/Real/Real.zip,videos/IGecI5-AqdE_8_0to107.mp4,3951514,3951759,dataset_cc_by_4_0_component_partial,not_downloaded
open_sora::IGecI5-AqdE_8_0to107,AIGVDBench,IGecI5-AqdE_8_0to107,aigvdbench:IGecI5-AqdE_8_0to107,train,train,1,Open-Sora,text_to_video,IGecI5-AqdE_8_0to107.mp4,783e9b3648e8ae095b3f50257f8157357b9f03d1b89188929bef63f0c83214d0,057d511a36c76a344e0623ca5b38ab3db715c77db0dae7897e4defd3b48d59a4,AIGVDBench/OpenSource/T2V/Open-Sora.zip,videos/IGecI5-AqdE_8_0to107.mp4,122468,123128,dataset_cc_by_4_0_component_partial,not_downloaded
real::SvvOyKFMzy4_1_0to298,AIGVDBench,SvvOyKFMzy4_1_0to298,aigvdbench:SvvOyKFMzy4_1_0to298,train,train,0,,real_video,SvvOyKFMzy4_1_0to298.mp4,f17e41692c9a45462d7e66bf565ef4e76430c57cdd494e686b7885aff8b305af,057d524d98e66de947ad5455095221b99289aa70f3fdac59021455e67c60ab79,AIGVDBench/Real/Real.zip,videos/SvvOyKFMzy4_1_0to298.mp4,4215310,4216174,dataset_cc_by_4_0_component_partial,not_downloaded
open_sora::SvvOyKFMzy4_1_0to298,AIGVDBench,SvvOyKFMzy4_1_0to298,aigvdbench:SvvOyKFMzy4_1_0to298,train,train,1,Open-Sora,text_to_video,SvvOyKFMzy4_1_0to298.mp4,f17e41692c9a45462d7e66bf565ef4e76430c57cdd494e686b7885aff8b305af,057d524d98e66de947ad5455095221b99289aa70f3fdac59021455e67c60ab79,AIGVDBench/OpenSource/T2V/Open-Sora.zip,videos/SvvOyKFMzy4_1_0to298.mp4,52982,53793,dataset_cc_by_4_0_component_partial,not_downloaded
real::Zk8m0gSU4GM_31_25to291,AIGVDBench,Zk8m0gSU4GM_31_25to291,aigvdbench:Zk8m0gSU4GM_31_25to291,train,train,0,,real_video,Zk8m0gSU4GM_31_25to291.mp4,ca12cb69909b48a3fa7d946feea23eca6ab8dbdc7d3ee9b71651e9f7edfa2510,05816f6d7e892a41525af152e6331fad3e40410a0ff67eda2317f8efc4edf4ad,AIGVDBench/Real/Real.zip,videos/Zk8m0gSU4GM_31_25to291.mp4,2063504,2064324,dataset_cc_by_4_0_component_partial,not_downloaded
open_sora::Zk8m0gSU4GM_31_25to291,AIGVDBench,Zk8m0gSU4GM_31_25to291,aigvdbench:Zk8m0gSU4GM_31_25to291,train,train,1,Open-Sora,text_to_video,Zk8m0gSU4GM_31_25to291.mp4,ca12cb69909b48a3fa7d946feea23eca6ab8dbdc7d3ee9b71651e9f7edfa2510,05816f6d7e892a41525af152e6331fad3e40410a0ff67eda2317f8efc4edf4ad,AIGVDBench/OpenSource/T2V/Open-Sora.zip,videos/Zk8m0gSU4GM_31_25to291.mp4,85326,86009,dataset_cc_by_4_0_component_partial,not_downloaded
real::ttYkxnL6o8c_1_848to1459,AIGVDBench,ttYkxnL6o8c_1_848to1459,aigvdbench:ttYkxnL6o8c_1_848to1459,train,train,0,,real_video,ttYkxnL6o8c_1_848to1459.mp4,34a0aab9d4193a656b389803b0cfcfd8e499620e35c3e135da17f6c15d94094a,0591870b3b723655d376b483d1752a077f3b9ce5a0095367a5b06325ef22c418,AIGVDBench/Real/Real.zip,videos/ttYkxnL6o8c_1_848to1459.mp4,21829785,21830650,dataset_cc_by_4_0_component_partial,not_downloaded
open_sora::ttYkxnL6o8c_1_848to1459,AIGVDBench,ttYkxnL6o8c_1_848to1459,aigvdbench:ttYkxnL6o8c_1_848to1459,train,train,1,Open-Sora,text_to_video,ttYkxnL6o8c_1_848to1459.mp4,34a0aab9d4193a656b389803b0cfcfd8e499620e35c3e135da17f6c15d94094a,0591870b3b723655d376b483d1752a077f3b9ce5a0095367a5b06325ef22c418,AIGVDBench/OpenSource/T2V/Open-Sora.zip,videos/ttYkxnL6o8c_1_848to1459.mp4,116290,116983,dataset_cc_by_4_0_component_partial,not_downloaded
real::x8wymvDl_zk_29_0to112,AIGVDBench,x8wymvDl_zk_29_0to112,aigvdbench:x8wymvDl_zk_29_0to112,train,train,0,,real_video,x8wymvDl_zk_29_0to112.mp4,f7bbcc70d4cf5c0a2c8b15d821d2e3b8d8fa533955223dbdc2c3559fa5d40d26,0593ae9ad2ba649c0a19a1872bcbd3b8ab859d84d2250131fff75cb3878a32a4,AIGVDBench/Real/Real.zip,videos/x8wymvDl_zk_29_0to112.mp4,2224548,2225217,dataset_cc_by_4_0_component_partial,not_downloaded
open_sora::x8wymvDl_zk_29_0to112,AIGVDBench,x8wymvDl_zk_29_0to112,aigvdbench:x8wymvDl_zk_29_0to112,train,train,1,Open-Sora,text_to_video,x8wymvDl_zk_29_0to112.mp4,f7bbcc70d4cf5c0a2c8b15d821d2e3b8d8fa533955223dbdc2c3559fa5d40d26,0593ae9ad2ba649c0a19a1872bcbd3b8ab859d84d2250131fff75cb3878a32a4,AIGVDBench/OpenSource/T2V/Open-Sora.zip,videos/x8wymvDl_zk_29_0to112.mp4,52464,53304,dataset_cc_by_4_0_component_partial,not_downloaded
real::FZmS809xvfU_21_47to151,AIGVDBench,FZmS809xvfU_21_47to151,aigvdbench:FZmS809xvfU_21_47to151,train,train,0,,real_video,FZmS809xvfU_21_47to151.mp4,45edac6c2cc686c01605b41f038eea77260db373be5166f3fb061ec7ee0af3f3,05942516bd3880b4caed727b44d013eb12780c38b452c3355582f0113e6b3eb3,AIGVDBench/Real/Real.zip,videos/FZmS809xvfU_21_47to151.mp4,1259478,1260020,dataset_cc_by_4_0_component_partial,not_downloaded
open_sora::FZmS809xvfU_21_47to151,AIGVDBench,FZmS809xvfU_21_47to151,aigvdbench:FZmS809xvfU_21_47to151,train,train,1,Open-Sora,text_to_video,FZmS809xvfU_21_47to151.mp4,45edac6c2cc686c01605b41f038eea77260db373be5166f3fb061ec7ee0af3f3,05942516bd3880b4caed727b44d013eb12780c38b452c3355582f0113e6b3eb3,AIGVDBench/OpenSource/T2V/Open-Sora.zip,videos/FZmS809xvfU_21_47to151.mp4,49510,50349,dataset_cc_by_4_0_component_partial,not_downloaded
real::MmqtNTfEzPE_14_0to116,AIGVDBench,MmqtNTfEzPE_14_0to116,aigvdbench:MmqtNTfEzPE_14_0to116,train,train,0,,real_video,MmqtNTfEzPE_14_0to116.mp4,ccbb3246d525ea5a7b122252e1633948b39ecd4a874a226f69909448a571bbfa,0596451c3e75829793e740978fa60d894cf9e88ab585d231240f62f598355a6b,AIGVDBench/Real/Real.zip,videos/MmqtNTfEzPE_14_0to116.mp4,2079840,2080224,dataset_cc_by_4_0_component_partial,not_downloaded
open_sora::MmqtNTfEzPE_14_0to116,AIGVDBench,MmqtNTfEzPE_14_0to116,aigvdbench:MmqtNTfEzPE_14_0to116,train,train,1,Open-Sora,text_to_video,MmqtNTfEzPE_14_0to116.mp4,ccbb3246d525ea5a7b122252e1633948b39ecd4a874a226f69909448a571bbfa,0596451c3e75829793e740978fa60d894cf9e88ab585d231240f62f598355a6b,AIGVDBench/OpenSource/T2V/Open-Sora.zip,videos/MmqtNTfEzPE_14_0to116.mp4,44902,45693,dataset_cc_by_4_0_component_partial,not_downloaded
real::cROAqQW1yf0_41_821to935,AIGVDBench,cROAqQW1yf0_41_821to935,aigvdbench:cROAqQW1yf0_41_821to935,train,train,0,,real_video,cROAqQW1yf0_41_821to935.mp4,135e00e65f3b693bec26425f3655aca0fb4269a263751a77df5634af41da63b5,059b9ec2ace8e9674a809313923f056ee5bbeef64e2744edc0209bc693c2c3cb,AIGVDBench/Real/Real.zip,videos/cROAqQW1yf0_41_821to935.mp4,2323007,2323274,dataset_cc_by_4_0_component_partial,not_downloaded
open_sora::cROAqQW1yf0_41_821to935,AIGVDBench,cROAqQW1yf0_41_821to935,aigvdbench:cROAqQW1yf0_41_821to935,train,train,1,Open-Sora,text_to_video,cROAqQW1yf0_41_821to935.mp4,135e00e65f3b693bec26425f3655aca0fb4269a263751a77df5634af41da63b5,059b9ec2ace8e9674a809313923f056ee5bbeef64e2744edc0209bc693c2c3cb,AIGVDBench/OpenSource/T2V/Open-Sora.zip,videos/cROAqQW1yf0_41_821to935.mp4,42659,43526,dataset_cc_by_4_0_component_partial,not_downloaded
real::LMIu4fqi8jI_26_28to199,AIGVDBench,LMIu4fqi8jI_26_28to199,aigvdbench:LMIu4fqi8jI_26_28to199,train,train,0,,real_video,LMIu4fqi8jI_26_28to199.mp4,c654db82a754fe3b2557f16c74d224ddac0469a5b30b474bef9872c5708551e7,059e416498ccecaac4aaa95d0a7f06cf162b73b81b0cb88758d2767d692c60c6,AIGVDBench/Real/Real.zip,videos/LMIu4fqi8jI_26_28to199.mp4,3238024,3238235,dataset_cc_by_4_0_component_partial,not_downloaded
open_sora::LMIu4fqi8jI_26_28to199,AIGVDBench,LMIu4fqi8jI_26_28to199,aigvdbench:LMIu4fqi8jI_26_28to199,train,train,1,Open-Sora,text_to_video,LMIu4fqi8jI_26_28to199.mp4,c654db82a754fe3b2557f16c74d224ddac0469a5b30b474bef9872c5708551e7,059e416498ccecaac4aaa95d0a7f06cf162b73b81b0cb88758d2767d692c60c6,AIGVDBench/OpenSource/T2V/Open-Sora.zip,videos/LMIu4fqi8jI_26_28to199.mp4,44195,45044,dataset_cc_by_4_0_component_partial,not_downloaded
real::jKPchF3wWLo_9_0to130,AIGVDBench,jKPchF3wWLo_9_0to130,aigvdbench:jKPchF3wWLo_9_0to130,train,train,0,,real_video,jKPchF3wWLo_9_0to130.mp4,f8158179a2530fafd7120b372a23bfd369b991f7b1b42a9b09426ac13b27ce34,05a0f60d83017e955ded50d4123f9e2fdc7258d905138ceafaefd89e3183249f,AIGVDBench/Real/Real.zip,videos/jKPchF3wWLo_9_0to130.mp4,3014321,3014609,dataset_cc_by_4_0_component_partial,not_downloaded
open_sora::jKPchF3wWLo_9_0to130,AIGVDBench,jKPchF3wWLo_9_0to130,aigvdbench:jKPchF3wWLo_9_0to130,train,train,1,Open-Sora,text_to_video,jKPchF3wWLo_9_0to130.mp4,f8158179a2530fafd7120b372a23bfd369b991f7b1b42a9b09426ac13b27ce34,05a0f60d83017e955ded50d4123f9e2fdc7258d905138ceafaefd89e3183249f,AIGVDBench/OpenSource/T2V/Open-Sora.zip,videos/jKPchF3wWLo_9_0to130.mp4,54209,54961,dataset_cc_by_4_0_component_partial,not_downloaded
real::RtEYbvoFoYQ_40_0to103,AIGVDBench,RtEYbvoFoYQ_40_0to103,aigvdbench:RtEYbvoFoYQ_40_0to103,train,train,0,,real_video,RtEYbvoFoYQ_40_0to103.mp4,d53a998e5dbcd0cdd9d75f344ce2aefad587a5fc865ecfe2586757246451d155,05ab446c150d55c62b018c95b38cd46f31b81a5b1f78c0628504f06644335b7b,AIGVDBench/Real/Real.zip,videos/RtEYbvoFoYQ_40_0to103.mp4,3992293,3992243,dataset_cc_by_4_0_component_partial,not_downloaded
open_sora::RtEYbvoFoYQ_40_0to103,AIGVDBench,RtEYbvoFoYQ_40_0to103,aigvdbench:RtEYbvoFoYQ_40_0to103,train,train,1,Open-Sora,text_to_video,RtEYbvoFoYQ_40_0to103.mp4,d53a998e5dbcd0cdd9d75f344ce2aefad587a5fc865ecfe2586757246451d155,05ab446c150d55c62b018c95b38cd46f31b81a5b1f78c0628504f06644335b7b,AIGVDBench/OpenSource/T2V/Open-Sora.zip,videos/RtEYbvoFoYQ_40_0to103.mp4,65757,66498,dataset_cc_by_4_0_component_partial,not_downloaded
real::wu2p3K2cmNk_9_0to109,AIGVDBench,wu2p3K2cmNk_9_0to109,aigvdbench:wu2p3K2cmNk_9_0to109,train,train,0,,real_video,wu2p3K2cmNk_9_0to109.mp4,e49ec8b8e927b0a68411e0d2669c3a0505a5625e297b1e3606a36bbccc0506ee,05ac439e554fc2678ecbace1a4a694d8491e3a824b004759f4ba7c0e9dcc7c06,AIGVDBench/Real/Real.zip,videos/wu2p3K2cmNk_9_0to109.mp4,1985659,1986207,dataset_cc_by_4_0_component_partial,not_downloaded
open_sora::wu2p3K2cmNk_9_0to109,AIGVDBench,wu2p3K2cmNk_9_0to109,aigvdbench:wu2p3K2cmNk_9_0to109,train,train,1,Open-Sora,text_to_video,wu2p3K2cmNk_9_0to109.mp4,e49ec8b8e927b0a68411e0d2669c3a0505a5625e297b1e3606a36bbccc0506ee,05ac439e554fc2678ecbace1a4a694d8491e3a824b004759f4ba7c0e9dcc7c06,AIGVDBench/OpenSource/T2V/Open-Sora.zip,videos/wu2p3K2cmNk_9_0to109.mp4,47339,48160,dataset_cc_by_4_0_component_partial,not_downloaded
real::BiTdrSUXua8_0_69to171,AIGVDBench,BiTdrSUXua8_0_69to171,aigvdbench:BiTdrSUXua8_0_69to171,train,train,0,,real_video,BiTdrSUXua8_0_69to171.mp4,7611c6d941e58ff10c062ab12e3d46fae5e080383fbfd86d3ba8b34f6efcf6c3,05bb673c970599b30a22dd6df0dfe6ddb7bb1cdc95e09072f351fafc3e6d80aa,AIGVDBench/Real/Real.zip,videos/BiTdrSUXua8_0_69to171.mp4,1658004,1658543,dataset_cc_by_4_0_component_partial,not_downloaded
open_sora::BiTdrSUXua8_0_69to171,AIGVDBench,BiTdrSUXua8_0_69to171,aigvdbench:BiTdrSUXua8_0_69to171,train,train,1,Open-Sora,text_to_video,BiTdrSUXua8_0_69to171.mp4,7611c6d941e58ff10c062ab12e3d46fae5e080383fbfd86d3ba8b34f6efcf6c3,05bb673c970599b30a22dd6df0dfe6ddb7bb1cdc95e09072f351fafc3e6d80aa,AIGVDBench/OpenSource/T2V/Open-Sora.zip,videos/BiTdrSUXua8_0_69to171.mp4,40959,41795,dataset_cc_by_4_0_component_partial,not_downloaded
real::6HxYRpsZSMo_4_0to295,AIGVDBench,6HxYRpsZSMo_4_0to295,aigvdbench:6HxYRpsZSMo_4_0to295,train,train,0,,real_video,6HxYRpsZSMo_4_0to295.mp4,127b2f1eed93b2939593b3e107593c9c67979cb4ab9c55d58715d0c69c534d6b,05c00e2dc3c6648437e85c8878047d5351f5f596fb97fd37145d2f0b7c931ec4,AIGVDBench/Real/Real.zip,videos/6HxYRpsZSMo_4_0to295.mp4,10502548,10502453,dataset_cc_by_4_0_component_partial,not_downloaded
open_sora::6HxYRpsZSMo_4_0to295,AIGVDBench,6HxYRpsZSMo_4_0to295,aigvdbench:6HxYRpsZSMo_4_0to295,train,train,1,Open-Sora,text_to_video,6HxYRpsZSMo_4_0to295.mp4,127b2f1eed93b2939593b3e107593c9c67979cb4ab9c55d58715d0c69c534d6b,05c00e2dc3c6648437e85c8878047d5351f5f596fb97fd37145d2f0b7c931ec4,AIGVDBench/OpenSource/T2V/Open-Sora.zip,videos/6HxYRpsZSMo_4_0to295.mp4,38660,39522,dataset_cc_by_4_0_component_partial,not_downloaded
real::no0wuZ-XkPc_5_0to105,AIGVDBench,no0wuZ-XkPc_5_0to105,aigvdbench:no0wuZ-XkPc_5_0to105,train,train,0,,real_video,no0wuZ-XkPc_5_0to105.mp4,99d5f5f7e5a13961a35171b384f110a472389d97f901168393a2177daadea8d0,05c3fd3fd07889850eeb5cfd1c425fe1c7799016c1cb12e66c88c2ac717c982d,AIGVDBench/Real/Real.zip,videos/no0wuZ-XkPc_5_0to105.mp4,1335484,1335936,dataset_cc_by_4_0_component_partial,not_downloaded
open_sora::no0wuZ-XkPc_5_0to105,AIGVDBench,no0wuZ-XkPc_5_0to105,aigvdbench:no0wuZ-XkPc_5_0to105,train,train,1,Open-Sora,text_to_video,no0wuZ-XkPc_5_0to105.mp4,99d5f5f7e5a13961a35171b384f110a472389d97f901168393a2177daadea8d0,05c3fd3fd07889850eeb5cfd1c425fe1c7799016c1cb12e66c88c2ac717c982d,AIGVDBench/OpenSource/T2V/Open-Sora.zip,videos/no0wuZ-XkPc_5_0to105.mp4,39327,40205,dataset_cc_by_4_0_component_partial,not_downloaded
real::f7jhxHrtlKg_43_19to133,AIGVDBench,f7jhxHrtlKg_43_19to133,aigvdbench:f7jhxHrtlKg_43_19to133,train,train,0,,real_video,f7jhxHrtlKg_43_19to133.mp4,dd381fe396d647aa994e1fed5e363e583b2d48128b419b2e2031893e44e46f6f,05caaa53b6b1af83fe921e92049d0d5206ec123b3c3e67e98ba3de4b8fd492bc,AIGVDBench/Real/Real.zip,videos/f7jhxHrtlKg_43_19to133.mp4,1134069,1134943,dataset_cc_by_4_0_component_partial,not_downloaded
open_sora::f7jhxHrtlKg_43_19to133,AIGVDBench,f7jhxHrtlKg_43_19to133,aigvdbench:f7jhxHrtlKg_43_19to133,train,train,1,Open-Sora,text_to_video,f7jhxHrtlKg_43_19to133.mp4,dd381fe396d647aa994e1fed5e363e583b2d48128b419b2e2031893e44e46f6f,05caaa53b6b1af83fe921e92049d0d5206ec123b3c3e67e98ba3de4b8fd492bc,AIGVDBench/OpenSource/T2V/Open-Sora.zip,videos/f7jhxHrtlKg_43_19to133.mp4,56168,56920,dataset_cc_by_4_0_component_partial,not_downloaded
real::allSK6fihNw_8_15to151,AIGVDBench,allSK6fihNw_8_15to151,aigvdbench:allSK6fihNw_8_15to151,train,train,0,,real_video,allSK6fihNw_8_15to151.mp4,221331dbaa0c3ef8c1668c05411a903b1707d5928a98c80d18e072ad9ce88708,05d3c2472b86d5386fa57afc0ae3e1fea1c6c73ae14cf22f751426dad0734cbd,AIGVDBench/Real/Real.zip,videos/allSK6fihNw_8_15to151.mp4,1815036,1815576,dataset_cc_by_4_0_component_partial,not_downloaded
open_sora::allSK6fihNw_8_15to151,AIGVDBench,allSK6fihNw_8_15to151,aigvdbench:allSK6fihNw_8_15to151,train,train,1,Open-Sora,text_to_video,allSK6fihNw_8_15to151.mp4,221331dbaa0c3ef8c1668c05411a903b1707d5928a98c80d18e072ad9ce88708,05d3c2472b86d5386fa57afc0ae3e1fea1c6c73ae14cf22f751426dad0734cbd,AIGVDBench/OpenSource/T2V/Open-Sora.zip,videos/allSK6fihNw_8_15to151.mp4,41789,42736,dataset_cc_by_4_0_component_partial,not_downloaded
real::Q7oGPjLSDAo_11_122to235,AIGVDBench,Q7oGPjLSDAo_11_122to235,aigvdbench:Q7oGPjLSDAo_11_122to235,train,train,0,,real_video,Q7oGPjLSDAo_11_122to235.mp4,71d27c0c3dbb63a61678adaa75943de11a99d03ab4ffdbda3e406e0a456c4b59,05d73f4274e3206d775bd41e304e0572b2da7bc4d348247d8cc178e6d028d22c,AIGVDBench/Real/Real.zip,videos/Q7oGPjLSDAo_11_122to235.mp4,2902407,2902681,dataset_cc_by_4_0_component_partial,not_downloaded
open_sora::Q7oGPjLSDAo_11_122to235,AIGVDBench,Q7oGPjLSDAo_11_122to235,aigvdbench:Q7oGPjLSDAo_11_122to235,train,train,1,Open-Sora,text_to_video,Q7oGPjLSDAo_11_122to235.mp4,71d27c0c3dbb63a61678adaa75943de11a99d03ab4ffdbda3e406e0a456c4b59,05d73f4274e3206d775bd41e304e0572b2da7bc4d348247d8cc178e6d028d22c,AIGVDBench/OpenSource/T2V/Open-Sora.zip,videos/Q7oGPjLSDAo_11_122to235.mp4,54066,54885,dataset_cc_by_4_0_component_partial,not_downloaded
real::0ORDuB2SMK4_20_121to224,AIGVDBench,0ORDuB2SMK4_20_121to224,aigvdbench:0ORDuB2SMK4_20_121to224,train,train,0,,real_video,0ORDuB2SMK4_20_121to224.mp4,91c779e76f01d8a970ea30511cb6a9a3573eb574aa40dc78892ead9cae25e7ce,05df70b1150d460757fb56aa7e40e61f29d2b60344518cc2678fc005dd7dfe3f,AIGVDBench/Real/Real.zip,videos/0ORDuB2SMK4_20_121to224.mp4,1320394,1320900,dataset_cc_by_4_0_component_partial,not_downloaded
open_sora::0ORDuB2SMK4_20_121to224,AIGVDBench,0ORDuB2SMK4_20_121to224,aigvdbench:0ORDuB2SMK4_20_121to224,train,train,1,Open-Sora,text_to_video,0ORDuB2SMK4_20_121to224.mp4,91c779e76f01d8a970ea30511cb6a9a3573eb574aa40dc78892ead9cae25e7ce,05df70b1150d460757fb56aa7e40e61f29d2b60344518cc2678fc005dd7dfe3f,AIGVDBench/OpenSource/T2V/Open-Sora.zip,videos/0ORDuB2SMK4_20_121to224.mp4,38827,39710,dataset_cc_by_4_0_component_partial,not_downloaded
real::Dkcak_W-nOM_63_384to491,AIGVDBench,Dkcak_W-nOM_63_384to491,aigvdbench:Dkcak_W-nOM_63_384to491,train,train,0,,real_video,Dkcak_W-nOM_63_384to491.mp4,603b904310eb7a7022556d0574c171434c252c53a486a0e8b0557bf6839b6d4c,05e38b8448c93171a2c0ed67eabc98779adc142d9672a289793da9bab3ddc985,AIGVDBench/Real/Real.zip,videos/Dkcak_W-nOM_63_384to491.mp4,1718183,1718835,dataset_cc_by_4_0_component_partial,not_downloaded
open_sora::Dkcak_W-nOM_63_384to491,AIGVDBench,Dkcak_W-nOM_63_384to491,aigvdbench:Dkcak_W-nOM_63_384to491,train,train,1,Open-Sora,text_to_video,Dkcak_W-nOM_63_384to491.mp4,603b904310eb7a7022556d0574c171434c252c53a486a0e8b0557bf6839b6d4c,05e38b8448c93171a2c0ed67eabc98779adc142d9672a289793da9bab3ddc985,AIGVDBench/OpenSource/T2V/Open-Sora.zip,videos/Dkcak_W-nOM_63_384to491.mp4,59614,60374,dataset_cc_by_4_0_component_partial,not_downloaded
real::dQu27i9mjq4_10_86to204,AIGVDBench,dQu27i9mjq4_10_86to204,aigvdbench:dQu27i9mjq4_10_86to204,train,train,0,,real_video,dQu27i9mjq4_10_86to204.mp4,a594408bfeffdd6bf4ecc01880cfac613dff61cd49f2e7a29cf5f411bef4ae99,05e915e537665726aa27e5874225c672dd74fbc7f6d161dc90a6daffd6000610,AIGVDBench/Real/Real.zip,videos/dQu27i9mjq4_10_86to204.mp4,2298438,2298617,dataset_cc_by_4_0_component_partial,not_downloaded
open_sora::dQu27i9mjq4_10_86to204,AIGVDBench,dQu27i9mjq4_10_86to204,aigvdbench:dQu27i9mjq4_10_86to204,train,train,1,Open-Sora,text_to_video,dQu27i9mjq4_10_86to204.mp4,a594408bfeffdd6bf4ecc01880cfac613dff61cd49f2e7a29cf5f411bef4ae99,05e915e537665726aa27e5874225c672dd74fbc7f6d161dc90a6daffd6000610,AIGVDBench/OpenSource/T2V/Open-Sora.zip,videos/dQu27i9mjq4_10_86to204.mp4,31720,32604,dataset_cc_by_4_0_component_partial,not_downloaded
real::1CTOZzG7NEc_2_0to158,AIGVDBench,1CTOZzG7NEc_2_0to158,aigvdbench:1CTOZzG7NEc_2_0to158,train,train,0,,real_video,1CTOZzG7NEc_2_0to158.mp4,1f34316ab55ad3ebe5d3900efaae7ea2db80cbd56513d9afc0292dcd43a14142,05ed9f9217cdcfb4dd47396a78686dd0a7452849c43b5c00fa273f6137427e61,AIGVDBench/Real/Real.zip,videos/1CTOZzG7NEc_2_0to158.mp4,2810182,2810702,dataset_cc_by_4_0_component_partial,not_downloaded
open_sora::1CTOZzG7NEc_2_0to158,AIGVDBench,1CTOZzG7NEc_2_0to158,aigvdbench:1CTOZzG7NEc_2_0to158,train,train,1,Open-Sora,text_to_video,1CTOZzG7NEc_2_0to158.mp4,1f34316ab55ad3ebe5d3900efaae7ea2db80cbd56513d9afc0292dcd43a14142,05ed9f9217cdcfb4dd47396a78686dd0a7452849c43b5c00fa273f6137427e61,AIGVDBench/OpenSource/T2V/Open-Sora.zip,videos/1CTOZzG7NEc_2_0to158.mp4,36100,36976,dataset_cc_by_4_0_component_partial,not_downloaded
real::N3CiwPXnrHQ_64_58to164,AIGVDBench,N3CiwPXnrHQ_64_58to164,aigvdbench:N3CiwPXnrHQ_64_58to164,train,train,0,,real_video,N3CiwPXnrHQ_64_58to164.mp4,db0637ef6c83c4e4c6168032ba9172e3f150c35f05fe338512b53902d68920b5,05f24faa9d57ed4d30c779d581931761aa6d6271f598aa0fc610535cf5f39877,AIGVDBench/Real/Real.zip,videos/N3CiwPXnrHQ_64_58to164.mp4,1889418,1889719,dataset_cc_by_4_0_component_partial,not_downloaded
open_sora::N3CiwPXnrHQ_64_58to164,AIGVDBench,N3CiwPXnrHQ_64_58to164,aigvdbench:N3CiwPXnrHQ_64_58to164,train,train,1,Open-Sora,text_to_video,N3CiwPXnrHQ_64_58to164.mp4,db0637ef6c83c4e4c6168032ba9172e3f150c35f05fe338512b53902d68920b5,05f24faa9d57ed4d30c779d581931761aa6d6271f598aa0fc610535cf5f39877,AIGVDBench/OpenSource/T2V/Open-Sora.zip,videos/N3CiwPXnrHQ_64_58to164.mp4,56856,57691,dataset_cc_by_4_0_component_partial,not_downloaded
real::KgxoRo_QgPU_18_0to129,AIGVDBench,KgxoRo_QgPU_18_0to129,aigvdbench:KgxoRo_QgPU_18_0to129,train,train,0,,real_video,KgxoRo_QgPU_18_0to129.mp4,49e0d8c4568459baa823498e81b4aff7a64b3b95eae6a5418bba6b5cfcd232cf,05f7ac2279abc6444b6d1d2fa26d5a7b95c42bc5fead6aa420a257dc80dcdfc3,AIGVDBench/Real/Real.zip,videos/KgxoRo_QgPU_18_0to129.mp4,3577175,3577333,dataset_cc_by_4_0_component_partial,not_downloaded
open_sora::KgxoRo_QgPU_18_0to129,AIGVDBench,KgxoRo_QgPU_18_0to129,aigvdbench:KgxoRo_QgPU_18_0to129,train,train,1,Open-Sora,text_to_video,KgxoRo_QgPU_18_0to129.mp4,49e0d8c4568459baa823498e81b4aff7a64b3b95eae6a5418bba6b5cfcd232cf,05f7ac2279abc6444b6d1d2fa26d5a7b95c42bc5fead6aa420a257dc80dcdfc3,AIGVDBench/OpenSource/T2V/Open-Sora.zip,videos/KgxoRo_QgPU_18_0to129.mp4,55877,56666,dataset_cc_by_4_0_component_partial,not_downloaded
real::YYaBHQYvs2c_8_631to876,AIGVDBench,YYaBHQYvs2c_8_631to876,aigvdbench:YYaBHQYvs2c_8_631to876,train,train,0,,real_video,YYaBHQYvs2c_8_631to876.mp4,9669c40181b235ee1afb2c1ff136fa667464753873ec0a2fa2827dea1955737a,05f9620b28d3ae6ed6415fe6a0b464179ef86815ab6d6f786aa7aea54b6e357d,AIGVDBench/Real/Real.zip,videos/YYaBHQYvs2c_8_631to876.mp4,6040301,6040275,dataset_cc_by_4_0_component_partial,not_downloaded
open_sora::YYaBHQYvs2c_8_631to876,AIGVDBench,YYaBHQYvs2c_8_631to876,aigvdbench:YYaBHQYvs2c_8_631to876,train,train,1,Open-Sora,text_to_video,YYaBHQYvs2c_8_631to876.mp4,9669c40181b235ee1afb2c1ff136fa667464753873ec0a2fa2827dea1955737a,05f9620b28d3ae6ed6415fe6a0b464179ef86815ab6d6f786aa7aea54b6e357d,AIGVDBench/OpenSource/T2V/Open-Sora.zip,videos/YYaBHQYvs2c_8_631to876.mp4,61227,61956,dataset_cc_by_4_0_component_partial,not_downloaded
real::T2swYGj8iis_47_17to273,AIGVDBench,T2swYGj8iis_47_17to273,aigvdbench:T2swYGj8iis_47_17to273,train,train,0,,real_video,T2swYGj8iis_47_17to273.mp4,bd67b29b3e1f543e880f695209e000bd70f8dea80cd04aaab3263acba67b42d5,05fc30b3181e07e32f4298f78964bc323659870df190216be1f761755debe93e,AIGVDBench/Real/Real.zip,videos/T2swYGj8iis_47_17to273.mp4,1652853,1654522,dataset_cc_by_4_0_component_partial,not_downloaded
open_sora::T2swYGj8iis_47_17to273,AIGVDBench,T2swYGj8iis_47_17to273,aigvdbench:T2swYGj8iis_47_17to273,train,train,1,Open-Sora,text_to_video,T2swYGj8iis_47_17to273.mp4,bd67b29b3e1f543e880f695209e000bd70f8dea80cd04aaab3263acba67b42d5,05fc30b3181e07e32f4298f78964bc323659870df190216be1f761755debe93e,AIGVDBench/OpenSource/T2V/Open-Sora.zip,videos/T2swYGj8iis_47_17to273.mp4,45852,46761,dataset_cc_by_4_0_component_partial,not_downloaded
real::sb_5g482H8Q_4_16to173,AIGVDBench,sb_5g482H8Q_4_16to173,aigvdbench:sb_5g482H8Q_4_16to173,train,train,0,,real_video,sb_5g482H8Q_4_16to173.mp4,27b5eed947eee77cb686657c580ac98cef5bb3a0f14e3205ad541269af6bbd7d,06025ed33d90b4395f4a11881a9bc2522ae9e40a95cea9e73f726a8a5da29dd7,AIGVDBench/Real/Real.zip,videos/sb_5g482H8Q_4_16to173.mp4,1749776,1750285,dataset_cc_by_4_0_component_partial,not_downloaded
open_sora::sb_5g482H8Q_4_16to173,AIGVDBench,sb_5g482H8Q_4_16to173,aigvdbench:sb_5g482H8Q_4_16to173,train,train,1,Open-Sora,text_to_video,sb_5g482H8Q_4_16to173.mp4,27b5eed947eee77cb686657c580ac98cef5bb3a0f14e3205ad541269af6bbd7d,06025ed33d90b4395f4a11881a9bc2522ae9e40a95cea9e73f726a8a5da29dd7,AIGVDBench/OpenSource/T2V/Open-Sora.zip,videos/sb_5g482H8Q_4_16to173.mp4,30392,31310,dataset_cc_by_4_0_component_partial,not_downloaded
real::DnJ85Sz1iak_1_49to188,AIGVDBench,DnJ85Sz1iak_1_49to188,aigvdbench:DnJ85Sz1iak_1_49to188,train,train,0,,real_video,DnJ85Sz1iak_1_49to188.mp4,70742aa65dcc3037ec2524990a425a928bc6a31952be8b17a287b5df639409f1,0602a08b2bea6484132479076a7a610b5dc2e7a7b89175729b92d367b7bb9a7a,AIGVDBench/Real/Real.zip,videos/DnJ85Sz1iak_1_49to188.mp4,2104633,2105011,dataset_cc_by_4_0_component_partial,not_downloaded
open_sora::DnJ85Sz1iak_1_49to188,AIGVDBench,DnJ85Sz1iak_1_49to188,aigvdbench:DnJ85Sz1iak_1_49to188,train,train,1,Open-Sora,text_to_video,DnJ85Sz1iak_1_49to188.mp4,70742aa65dcc3037ec2524990a425a928bc6a31952be8b17a287b5df639409f1,0602a08b2bea6484132479076a7a610b5dc2e7a7b89175729b92d367b7bb9a7a,AIGVDBench/OpenSource/T2V/Open-Sora.zip,videos/DnJ85Sz1iak_1_49to188.mp4,34351,35247,dataset_cc_by_4_0_component_partial,not_downloaded
real::WcE-uIubi5k_0_0to258,AIGVDBench,WcE-uIubi5k_0_0to258,aigvdbench:WcE-uIubi5k_0_0to258,train,train,0,,real_video,WcE-uIubi5k_0_0to258.mp4,eac80c958caef5c7b7c51636d6fdb0f5ff85a6f84913e64c8e620130c8e2b0e7,060ae0c8fd935b40c5bb28cb31adc13f24fd00623a370c75a87c530049d9ccc7,AIGVDBench/Real/Real.zip,videos/WcE-uIubi5k_0_0to258.mp4,3444394,3445551,dataset_cc_by_4_0_component_partial,not_downloaded
open_sora::WcE-uIubi5k_0_0to258,AIGVDBench,WcE-uIubi5k_0_0to258,aigvdbench:WcE-uIubi5k_0_0to258,train,train,1,Open-Sora,text_to_video,WcE-uIubi5k_0_0to258.mp4,eac80c958caef5c7b7c51636d6fdb0f5ff85a6f84913e64c8e620130c8e2b0e7,060ae0c8fd935b40c5bb28cb31adc13f24fd00623a370c75a87c530049d9ccc7,AIGVDBench/OpenSource/T2V/Open-Sora.zip,videos/WcE-uIubi5k_0_0to258.mp4,41635,42477,dataset_cc_by_4_0_component_partial,not_downloaded
real::NUDBwBJeKvY_65_0to150,AIGVDBench,NUDBwBJeKvY_65_0to150,aigvdbench:NUDBwBJeKvY_65_0to150,train,train,0,,real_video,NUDBwBJeKvY_65_0to150.mp4,66acea91b7dcf92dc13695fdbb77e059bd4a7733a07e315577a5d5eec738ffba,060d7efe21ff7be2926198989848e1e7696a901775775033118e012825d865bc,AIGVDBench/Real/Real.zip,videos/NUDBwBJeKvY_65_0to150.mp4,4715238,4715764,dataset_cc_by_4_0_component_partial,not_downloaded
open_sora::NUDBwBJeKvY_65_0to150,AIGVDBench,NUDBwBJeKvY_65_0to150,aigvdbench:NUDBwBJeKvY_65_0to150,train,train,1,Open-Sora,text_to_video,NUDBwBJeKvY_65_0to150.mp4,66acea91b7dcf92dc13695fdbb77e059bd4a7733a07e315577a5d5eec738ffba,060d7efe21ff7be2926198989848e1e7696a901775775033118e012825d865bc,AIGVDBench/OpenSource/T2V/Open-Sora.zip,videos/NUDBwBJeKvY_65_0to150.mp4,70169,70918,dataset_cc_by_4_0_component_partial,not_downloaded
real::lsxLeclNbf0_9_0to502,AIGVDBench,lsxLeclNbf0_9_0to502,aigvdbench:lsxLeclNbf0_9_0to502,train,train,0,,real_video,lsxLeclNbf0_9_0to502.mp4,ac2e9cb1facfa7456b72e4190805c84b2abd81b04f159de5250abb9ceef2deeb,0610d8d12af40e24dc27f8fb8cb38e660aa066415ceab77e6e464e7f9840663b,AIGVDBench/Real/Real.zip,videos/lsxLeclNbf0_9_0to502.mp4,9460574,9461200,dataset_cc_by_4_0_component_partial,not_downloaded
open_sora::lsxLeclNbf0_9_0to502,AIGVDBench,lsxLeclNbf0_9_0to502,aigvdbench:lsxLeclNbf0_9_0to502,train,train,1,Open-Sora,text_to_video,lsxLeclNbf0_9_0to502.mp4,ac2e9cb1facfa7456b72e4190805c84b2abd81b04f159de5250abb9ceef2deeb,0610d8d12af40e24dc27f8fb8cb38e660aa066415ceab77e6e464e7f9840663b,AIGVDBench/OpenSource/T2V/Open-Sora.zip,videos/lsxLeclNbf0_9_0to502.mp4,48214,49046,dataset_cc_by_4_0_component_partial,not_downloaded
real::JD0qF0RYSx8_8_0to1470,AIGVDBench,JD0qF0RYSx8_8_0to1470,aigvdbench:JD0qF0RYSx8_8_0to1470,train,train,0,,real_video,JD0qF0RYSx8_8_0to1470.mp4,8693ff6060bda34531ce8704ae299d48a8b79848cfe189f673f362ce78d73b63,06118004d333c3e2fc6f3a3b94c603cc1d18f9bb5cfb6ea4c9f93c1ac8829adb,AIGVDBench/Real/Real.zip,videos/JD0qF0RYSx8_8_0to1470.mp4,19103407,19109002,dataset_cc_by_4_0_component_partial,not_downloaded
open_sora::JD0qF0RYSx8_8_0to1470,AIGVDBench,JD0qF0RYSx8_8_0to1470,aigvdbench:JD0qF0RYSx8_8_0to1470,train,train,1,Open-Sora,text_to_video,JD0qF0RYSx8_8_0to1470.mp4,8693ff6060bda34531ce8704ae299d48a8b79848cfe189f673f362ce78d73b63,06118004d333c3e2fc6f3a3b94c603cc1d18f9bb5cfb6ea4c9f93c1ac8829adb,AIGVDBench/OpenSource/T2V/Open-Sora.zip,videos/JD0qF0RYSx8_8_0to1470.mp4,55650,56396,dataset_cc_by_4_0_component_partial,not_downloaded
real::OG3I6X7ypNc_11_51to161,AIGVDBench,OG3I6X7ypNc_11_51to161,aigvdbench:OG3I6X7ypNc_11_51to161,train,train,0,,real_video,OG3I6X7ypNc_11_51to161.mp4,4a34d58e877f81430a67d05bc0c69ad941658b965300f81431421cdd8bfa2e04,0611fbc8fad7eaa5d3f927e48ff553eacdf6730c30103f4b8c2ec577a70b2554,AIGVDBench/Real/Real.zip,videos/OG3I6X7ypNc_11_51to161.mp4,1156877,1157828,dataset_cc_by_4_0_component_partial,not_downloaded
open_sora::OG3I6X7ypNc_11_51to161,AIGVDBench,OG3I6X7ypNc_11_51to161,aigvdbench:OG3I6X7ypNc_11_51to161,train,train,1,Open-Sora,text_to_video,OG3I6X7ypNc_11_51to161.mp4,4a34d58e877f81430a67d05bc0c69ad941658b965300f81431421cdd8bfa2e04,0611fbc8fad7eaa5d3f927e48ff553eacdf6730c30103f4b8c2ec577a70b2554,AIGVDBench/OpenSource/T2V/Open-Sora.zip,videos/OG3I6X7ypNc_11_51to161.mp4,72766,73555,dataset_cc_by_4_0_component_partial,not_downloaded
real::MFVxvRxpyjw_49_0to107,AIGVDBench,MFVxvRxpyjw_49_0to107,aigvdbench:MFVxvRxpyjw_49_0to107,train,train,0,,real_video,MFVxvRxpyjw_49_0to107.mp4,be32e579f6aaa0e66fde959bc0f5c98384c746962332c91d3b3acf685d118fff,0614ebda39d5d3641bb25870524429e18f3bcfe0e0d4fd7cbb4c11db6e0f47aa,AIGVDBench/Real/Real.zip,videos/MFVxvRxpyjw_49_0to107.mp4,3030340,3030854,dataset_cc_by_4_0_component_partial,not_downloaded
open_sora::MFVxvRxpyjw_49_0to107,AIGVDBench,MFVxvRxpyjw_49_0to107,aigvdbench:MFVxvRxpyjw_49_0to107,train,train,1,Open-Sora,text_to_video,MFVxvRxpyjw_49_0to107.mp4,be32e579f6aaa0e66fde959bc0f5c98384c746962332c91d3b3acf685d118fff,0614ebda39d5d3641bb25870524429e18f3bcfe0e0d4fd7cbb4c11db6e0f47aa,AIGVDBench/OpenSource/T2V/Open-Sora.zip,videos/MFVxvRxpyjw_49_0to107.mp4,60068,60843,dataset_cc_by_4_0_component_partial,not_downloaded
real::BGWmFzBzXqs_2_0to136,AIGVDBench,BGWmFzBzXqs_2_0to136,aigvdbench:BGWmFzBzXqs_2_0to136,train,train,0,,real_video,BGWmFzBzXqs_2_0to136.mp4,ff28d4e4144b1687b22ba81920bfef001ee83588a84aaa54afa62673f75fb009,061fb06e58a98198199da88be84e5ef7160f1f668f620029ea5e301d33a3d7b3,AIGVDBench/Real/Real.zip,videos/BGWmFzBzXqs_2_0to136.mp4,2312892,2313319,dataset_cc_by_4_0_component_partial,not_downloaded
open_sora::BGWmFzBzXqs_2_0to136,AIGVDBench,BGWmFzBzXqs_2_0to136,aigvdbench:BGWmFzBzXqs_2_0to136,train,train,1,Open-Sora,text_to_video,BGWmFzBzXqs_2_0to136.mp4,ff28d4e4144b1687b22ba81920bfef001ee83588a84aaa54afa62673f75fb009,061fb06e58a98198199da88be84e5ef7160f1f668f620029ea5e301d33a3d7b3,AIGVDBench/OpenSource/T2V/Open-Sora.zip,videos/BGWmFzBzXqs_2_0to136.mp4,40539,41393,dataset_cc_by_4_0_component_partial,not_downloaded
real::TghlWfr7pQI_21_0to384,AIGVDBench,TghlWfr7pQI_21_0to384,aigvdbench:TghlWfr7pQI_21_0to384,train,train,0,,real_video,TghlWfr7pQI_21_0to384.mp4,77c3e87a55816417f8e4babcd26abe2442046f06229f0c284e1bd9088fb76844,062761b72d42b399e347edfd15a6f04153ffa1ea6f7a08378056a8db57fff7e7,AIGVDBench/Real/Real.zip,videos/TghlWfr7pQI_21_0to384.mp4,7543251,7544454,dataset_cc_by_4_0_component_partial,not_downloaded
open_sora::TghlWfr7pQI_21_0to384,AIGVDBench,TghlWfr7pQI_21_0to384,aigvdbench:TghlWfr7pQI_21_0to384,train,train,1,Open-Sora,text_to_video,TghlWfr7pQI_21_0to384.mp4,77c3e87a55816417f8e4babcd26abe2442046f06229f0c284e1bd9088fb76844,062761b72d42b399e347edfd15a6f04153ffa1ea6f7a08378056a8db57fff7e7,AIGVDBench/OpenSource/T2V/Open-Sora.zip,videos/TghlWfr7pQI_21_0to384.mp4,52267,53133,dataset_cc_by_4_0_component_partial,not_downloaded
real::cf8aNhsD1hs_6_0to145,AIGVDBench,cf8aNhsD1hs_6_0to145,aigvdbench:cf8aNhsD1hs_6_0to145,train,train,0,,real_video,cf8aNhsD1hs_6_0to145.mp4,68b94e7ad991a1986156c2956c39b13f6a2812c9705e9a323b60067a9b2c0c29,063390a7d550c1ba05cad5a20f7250961f07d29b7d2ad0cb7e360249909f76c4,AIGVDBench/Real/Real.zip,videos/cf8aNhsD1hs_6_0to145.mp4,1851371,1852137,dataset_cc_by_4_0_component_partial,not_downloaded
open_sora::cf8aNhsD1hs_6_0to145,AIGVDBench,cf8aNhsD1hs_6_0to145,aigvdbench:cf8aNhsD1hs_6_0to145,train,train,1,Open-Sora,text_to_video,cf8aNhsD1hs_6_0to145.mp4,68b94e7ad991a1986156c2956c39b13f6a2812c9705e9a323b60067a9b2c0c29,063390a7d550c1ba05cad5a20f7250961f07d29b7d2ad0cb7e360249909f76c4,AIGVDBench/OpenSource/T2V/Open-Sora.zip,videos/cf8aNhsD1hs_6_0to145.mp4,48333,49086,dataset_cc_by_4_0_component_partial,not_downloaded
real::K5dGwTTPqSA_30_0to140,AIGVDBench,K5dGwTTPqSA_30_0to140,aigvdbench:K5dGwTTPqSA_30_0to140,train,train,0,,real_video,K5dGwTTPqSA_30_0to140.mp4,a182a6b2ed39ad221c16640da91d3c9d8434580792d8a68c770f37fef81b296c,0635bb3672ad221573eb5649a802a2e538f2a9f2046a29824ca151f41cfc2a09,AIGVDBench/Real/Real.zip,videos/K5dGwTTPqSA_30_0to140.mp4,2877046,2877545,dataset_cc_by_4_0_component_partial,not_downloaded
open_sora::K5dGwTTPqSA_30_0to140,AIGVDBench,K5dGwTTPqSA_30_0to140,aigvdbench:K5dGwTTPqSA_30_0to140,train,train,1,Open-Sora,text_to_video,K5dGwTTPqSA_30_0to140.mp4,a182a6b2ed39ad221c16640da91d3c9d8434580792d8a68c770f37fef81b296c,0635bb3672ad221573eb5649a802a2e538f2a9f2046a29824ca151f41cfc2a09,AIGVDBench/OpenSource/T2V/Open-Sora.zip,videos/K5dGwTTPqSA_30_0to140.mp4,45418,46192,dataset_cc_by_4_0_component_partial,not_downloaded
real::RxM81K052UQ_14_0to258,AIGVDBench,RxM81K052UQ_14_0to258,aigvdbench:RxM81K052UQ_14_0to258,train,train,0,,real_video,RxM81K052UQ_14_0to258.mp4,73aadbaa4a9972f0752a8c006b31a903cad8476da9acde3ea3954dd8117dd06b,0636bf3547994d0529dc2dc81521e7f72f72ec87787d39254fb15bdc0d99e161,AIGVDBench/Real/Real.zip,videos/RxM81K052UQ_14_0to258.mp4,2666783,2668176,dataset_cc_by_4_0_component_partial,not_downloaded
open_sora::RxM81K052UQ_14_0to258,AIGVDBench,RxM81K052UQ_14_0to258,aigvdbench:RxM81K052UQ_14_0to258,train,train,1,Open-Sora,text_to_video,RxM81K052UQ_14_0to258.mp4,73aadbaa4a9972f0752a8c006b31a903cad8476da9acde3ea3954dd8117dd06b,0636bf3547994d0529dc2dc81521e7f72f72ec87787d39254fb15bdc0d99e161,AIGVDBench/OpenSource/T2V/Open-Sora.zip,videos/RxM81K052UQ_14_0to258.mp4,41950,42853,dataset_cc_by_4_0_component_partial,not_downloaded
real::aicWFRDOVFI_5_0to146,AIGVDBench,aicWFRDOVFI_5_0to146,aigvdbench:aicWFRDOVFI_5_0to146,train,train,0,,real_video,aicWFRDOVFI_5_0to146.mp4,a4322b4c09494c996b6b17b62b17285a2856308072db0964fc066f771225ae17,063e9d37de068f6060cb818a9d56441110028ec769329930383741d58b77a31a,AIGVDBench/Real/Real.zip,videos/aicWFRDOVFI_5_0to146.mp4,2324015,2324635,dataset_cc_by_4_0_component_partial,not_downloaded
open_sora::aicWFRDOVFI_5_0to146,AIGVDBench,aicWFRDOVFI_5_0to146,aigvdbench:aicWFRDOVFI_5_0to146,train,train,1,Open-Sora,text_to_video,aicWFRDOVFI_5_0to146.mp4,a4322b4c09494c996b6b17b62b17285a2856308072db0964fc066f771225ae17,063e9d37de068f6060cb818a9d56441110028ec769329930383741d58b77a31a,AIGVDBench/OpenSource/T2V/Open-Sora.zip,videos/aicWFRDOVFI_5_0to146.mp4,34150,35233,dataset_cc_by_4_0_component_partial,not_downloaded
real::FPXd-tAV8Kc_16_70to216,AIGVDBench,FPXd-tAV8Kc_16_70to216,aigvdbench:FPXd-tAV8Kc_16_70to216,train,train,0,,real_video,FPXd-tAV8Kc_16_70to216.mp4,d32fda062ae8a4c20c60c90f10d4bd7e0195688f260b307576c8f6ec702462d9,0646a79a392a874d189839a8827bb130b4e00f96a64879ade425082acac56f21,AIGVDBench/Real/Real.zip,videos/FPXd-tAV8Kc_16_70to216.mp4,1840935,1841753,dataset_cc_by_4_0_component_partial,not_downloaded
open_sora::FPXd-tAV8Kc_16_70to216,AIGVDBench,FPXd-tAV8Kc_16_70to216,aigvdbench:FPXd-tAV8Kc_16_70to216,train,train,1,Open-Sora,text_to_video,FPXd-tAV8Kc_16_70to216.mp4,d32fda062ae8a4c20c60c90f10d4bd7e0195688f260b307576c8f6ec702462d9,0646a79a392a874d189839a8827bb130b4e00f96a64879ade425082acac56f21,AIGVDBench/OpenSource/T2V/Open-Sora.zip,videos/FPXd-tAV8Kc_16_70to216.mp4,32064,32974,dataset_cc_by_4_0_component_partial,not_downloaded
real::JF7BaD11Xz0_16_0to157,AIGVDBench,JF7BaD11Xz0_16_0to157,aigvdbench:JF7BaD11Xz0_16_0to157,train,train,0,,real_video,JF7BaD11Xz0_16_0to157.mp4,a95e3c7791cd85088e996f9c5d22dcedb73c7c2cbe5927d5dedbf4c108d76595,0648d36bae82765162492a30bc215d08a33b6ed429987b6b8199eba001eaf55e,AIGVDBench/Real/Real.zip,videos/JF7BaD11Xz0_16_0to157.mp4,8292746,8292303,dataset_cc_by_4_0_component_partial,not_downloaded
open_sora::JF7BaD11Xz0_16_0to157,AIGVDBench,JF7BaD11Xz0_16_0to157,aigvdbench:JF7BaD11Xz0_16_0to157,train,train,1,Open-Sora,text_to_video,JF7BaD11Xz0_16_0to157.mp4,a95e3c7791cd85088e996f9c5d22dcedb73c7c2cbe5927d5dedbf4c108d76595,0648d36bae82765162492a30bc215d08a33b6ed429987b6b8199eba001eaf55e,AIGVDBench/OpenSource/T2V/Open-Sora.zip,videos/JF7BaD11Xz0_16_0to157.mp4,100431,101212,dataset_cc_by_4_0_component_partial,not_downloaded
real::-sejjkTTVFo_4_89to226,AIGVDBench,-sejjkTTVFo_4_89to226,aigvdbench:-sejjkTTVFo_4_89to226,train,train,0,,real_video,-sejjkTTVFo_4_89to226.mp4,2cf160cd99e1ebb8b4d3f677ea022f8d37eda40aa64aba832b4d195921a87295,064d40430abdeea6f928c26c95837454a9eacfd4a0df95856d484ad4f08e3a4e,AIGVDBench/Real/Real.zip,videos/-sejjkTTVFo_4_89to226.mp4,2717764,2718049,dataset_cc_by_4_0_component_partial,not_downloaded
open_sora::-sejjkTTVFo_4_89to226,AIGVDBench,-sejjkTTVFo_4_89to226,aigvdbench:-sejjkTTVFo_4_89to226,train,train,1,Open-Sora,text_to_video,-sejjkTTVFo_4_89to226.mp4,2cf160cd99e1ebb8b4d3f677ea022f8d37eda40aa64aba832b4d195921a87295,064d40430abdeea6f928c26c95837454a9eacfd4a0df95856d484ad4f08e3a4e,AIGVDBench/OpenSource/T2V/Open-Sora.zip,videos/-sejjkTTVFo_4_89to226.mp4,54879,55681,dataset_cc_by_4_0_component_partial,not_downloaded
real::QnmJSPc_Us0_34_21to244,AIGVDBench,QnmJSPc_Us0_34_21to244,aigvdbench:QnmJSPc_Us0_34_21to244,train,train,0,,real_video,QnmJSPc_Us0_34_21to244.mp4,4e9fd4ec46dfcb754922327e99d78e9ea0a11a023dff356f194dded84ea076a7,0656a38a42314fed5ab487e8d7bf323423965f3bb77ae6e0df96f0fe5066a120,AIGVDBench/Real/Real.zip,videos/QnmJSPc_Us0_34_21to244.mp4,2450312,2451345,dataset_cc_by_4_0_component_partial,not_downloaded
open_sora::QnmJSPc_Us0_34_21to244,AIGVDBench,QnmJSPc_Us0_34_21to244,aigvdbench:QnmJSPc_Us0_34_21to244,train,train,1,Open-Sora,text_to_video,QnmJSPc_Us0_34_21to244.mp4,4e9fd4ec46dfcb754922327e99d78e9ea0a11a023dff356f194dded84ea076a7,0656a38a42314fed5ab487e8d7bf323423965f3bb77ae6e0df96f0fe5066a120,AIGVDBench/OpenSource/T2V/Open-Sora.zip,videos/QnmJSPc_Us0_34_21to244.mp4,65624,66402,dataset_cc_by_4_0_component_partial,not_downloaded
real::frXgj9_3Ihg_17_0to107,AIGVDBench,frXgj9_3Ihg_17_0to107,aigvdbench:frXgj9_3Ihg_17_0to107,train,train,0,,real_video,frXgj9_3Ihg_17_0to107.mp4,58b9045742adc48522cff77e64296f25036baee9a8842be6f9c169e5cb37f792,06698b12c77125e0627c184ccc39cfafa53ca8862c1258bb63b846b04d59197e,AIGVDBench/Real/Real.zip,videos/frXgj9_3Ihg_17_0to107.mp4,1676506,1677000,dataset_cc_by_4_0_component_partial,not_downloaded
open_sora::frXgj9_3Ihg_17_0to107,AIGVDBench,frXgj9_3Ihg_17_0to107,aigvdbench:frXgj9_3Ihg_17_0to107,train,train,1,Open-Sora,text_to_video,frXgj9_3Ihg_17_0to107.mp4,58b9045742adc48522cff77e64296f25036baee9a8842be6f9c169e5cb37f792,06698b12c77125e0627c184ccc39cfafa53ca8862c1258bb63b846b04d59197e,AIGVDBench/OpenSource/T2V/Open-Sora.zip,videos/frXgj9_3Ihg_17_0to107.mp4,43968,44761,dataset_cc_by_4_0_component_partial,not_downloaded
real::HcqHJSbT3w0_9_62to193,AIGVDBench,HcqHJSbT3w0_9_62to193,aigvdbench:HcqHJSbT3w0_9_62to193,train,train,0,,real_video,HcqHJSbT3w0_9_62to193.mp4,59a9adf37e8007ee674f407d85791843e2725ee04a41f1cd0c3c80a738afe400,066b9c39dcd33999bc3324fa09c0400594274f890026c23074c7dec4cffdd7cc,AIGVDBench/Real/Real.zip,videos/HcqHJSbT3w0_9_62to193.mp4,1170188,1171305,dataset_cc_by_4_0_component_partial,not_downloaded
open_sora::HcqHJSbT3w0_9_62to193,AIGVDBench,HcqHJSbT3w0_9_62to193,aigvdbench:HcqHJSbT3w0_9_62to193,train,train,1,Open-Sora,text_to_video,HcqHJSbT3w0_9_62to193.mp4,59a9adf37e8007ee674f407d85791843e2725ee04a41f1cd0c3c80a738afe400,066b9c39dcd33999bc3324fa09c0400594274f890026c23074c7dec4cffdd7cc,AIGVDBench/OpenSource/T2V/Open-Sora.zip,videos/HcqHJSbT3w0_9_62to193.mp4,52785,53592,dataset_cc_by_4_0_component_partial,not_downloaded
real::iCEbUGbFjc4_40_0to101,AIGVDBench,iCEbUGbFjc4_40_0to101,aigvdbench:iCEbUGbFjc4_40_0to101,train,train,0,,real_video,iCEbUGbFjc4_40_0to101.mp4,f6a5e7299ff5ca2876561652ce3515db08b71f627a1cf555a3312a143aba66f2,066f79d746a1b4443e8988953801fe954b3d7eda799fe2f4443b70cb3b918527,AIGVDBench/Real/Real.zip,videos/iCEbUGbFjc4_40_0to101.mp4,1391701,1392103,dataset_cc_by_4_0_component_partial,not_downloaded
open_sora::iCEbUGbFjc4_40_0to101,AIGVDBench,iCEbUGbFjc4_40_0to101,aigvdbench:iCEbUGbFjc4_40_0to101,train,train,1,Open-Sora,text_to_video,iCEbUGbFjc4_40_0to101.mp4,f6a5e7299ff5ca2876561652ce3515db08b71f627a1cf555a3312a143aba66f2,066f79d746a1b4443e8988953801fe954b3d7eda799fe2f4443b70cb3b918527,AIGVDBench/OpenSource/T2V/Open-Sora.zip,videos/iCEbUGbFjc4_40_0to101.mp4,38715,39614,dataset_cc_by_4_0_component_partial,not_downloaded
real::KQuHYiwU3FE_87_133to253,AIGVDBench,KQuHYiwU3FE_87_133to253,aigvdbench:KQuHYiwU3FE_87_133to253,train,train,0,,real_video,KQuHYiwU3FE_87_133to253.mp4,4ab7fdad9e01fe0b5370ae3a95925770537afb98a1b93e1630b20711a7f94eb4,067320ad97418e6e730c0e755540110ec4efc11a8bf38edef6c789c6f80e7537,AIGVDBench/Real/Real.zip,videos/KQuHYiwU3FE_87_133to253.mp4,2882333,2883033,dataset_cc_by_4_0_component_partial,not_downloaded
open_sora::KQuHYiwU3FE_87_133to253,AIGVDBench,KQuHYiwU3FE_87_133to253,aigvdbench:KQuHYiwU3FE_87_133to253,train,train,1,Open-Sora,text_to_video,KQuHYiwU3FE_87_133to253.mp4,4ab7fdad9e01fe0b5370ae3a95925770537afb98a1b93e1630b20711a7f94eb4,067320ad97418e6e730c0e755540110ec4efc11a8bf38edef6c789c6f80e7537,AIGVDBench/OpenSource/T2V/Open-Sora.zip,videos/KQuHYiwU3FE_87_133to253.mp4,83042,83827,dataset_cc_by_4_0_component_partial,not_downloaded
real::6TyKFQNdwCY_11_0to118,AIGVDBench,6TyKFQNdwCY_11_0to118,aigvdbench:6TyKFQNdwCY_11_0to118,train,train,0,,real_video,6TyKFQNdwCY_11_0to118.mp4,502488c757fe7a279922667d5666417c93afad7b5b9aef7f45f11dc999639cb2,067a67922067d423402f48083fe9357b1d9ee440f911a9b9869687108efbac00,AIGVDBench/Real/Real.zip,videos/6TyKFQNdwCY_11_0to118.mp4,1450838,1451620,dataset_cc_by_4_0_component_partial,not_downloaded
open_sora::6TyKFQNdwCY_11_0to118,AIGVDBench,6TyKFQNdwCY_11_0to118,aigvdbench:6TyKFQNdwCY_11_0to118,train,train,1,Open-Sora,text_to_video,6TyKFQNdwCY_11_0to118.mp4,502488c757fe7a279922667d5666417c93afad7b5b9aef7f45f11dc999639cb2,067a67922067d423402f48083fe9357b1d9ee440f911a9b9869687108efbac00,AIGVDBench/OpenSource/T2V/Open-Sora.zip,videos/6TyKFQNdwCY_11_0to118.mp4,54863,55744,dataset_cc_by_4_0_component_partial,not_downloaded
real::uYn0RLEDzEQ_58_0to135,AIGVDBench,uYn0RLEDzEQ_58_0to135,aigvdbench:uYn0RLEDzEQ_58_0to135,train,train,0,,real_video,uYn0RLEDzEQ_58_0to135.mp4,881a4595d58248a69933a2d3a91e913e55e2213a1affdbd57d687f96c41c39bc,067b83b4fd2426c9c57633a90d3cf94d88835623b455170fd226b5d9eae21a3d,AIGVDBench/Real/Real.zip,videos/uYn0RLEDzEQ_58_0to135.mp4,2403032,2403512,dataset_cc_by_4_0_component_partial,not_downloaded
open_sora::uYn0RLEDzEQ_58_0to135,AIGVDBench,uYn0RLEDzEQ_58_0to135,aigvdbench:uYn0RLEDzEQ_58_0to135,train,train,1,Open-Sora,text_to_video,uYn0RLEDzEQ_58_0to135.mp4,881a4595d58248a69933a2d3a91e913e55e2213a1affdbd57d687f96c41c39bc,067b83b4fd2426c9c57633a90d3cf94d88835623b455170fd226b5d9eae21a3d,AIGVDBench/OpenSource/T2V/Open-Sora.zip,videos/uYn0RLEDzEQ_58_0to135.mp4,43104,43915,dataset_cc_by_4_0_component_partial,not_downloaded
real::hzeGe9JdQ3g_1_0to583,AIGVDBench,hzeGe9JdQ3g_1_0to583,aigvdbench:hzeGe9JdQ3g_1_0to583,train,train,0,,real_video,hzeGe9JdQ3g_1_0to583.mp4,c4af4e4095ca77555088cdd644bb38876b3e47140b80828c13808798702b97e8,067bf272e20ff8ade74a02e4a9903da30a5012976b4d77fa22769207209b891b,AIGVDBench/Real/Real.zip,videos/hzeGe9JdQ3g_1_0to583.mp4,6757618,6759157,dataset_cc_by_4_0_component_partial,not_downloaded
open_sora::hzeGe9JdQ3g_1_0to583,AIGVDBench,hzeGe9JdQ3g_1_0to583,aigvdbench:hzeGe9JdQ3g_1_0to583,train,train,1,Open-Sora,text_to_video,hzeGe9JdQ3g_1_0to583.mp4,c4af4e4095ca77555088cdd644bb38876b3e47140b80828c13808798702b97e8,067bf272e20ff8ade74a02e4a9903da30a5012976b4d77fa22769207209b891b,AIGVDBench/OpenSource/T2V/Open-Sora.zip,videos/hzeGe9JdQ3g_1_0to583.mp4,46749,47560,dataset_cc_by_4_0_component_partial,not_downloaded
real::HPSgW2dvv0M_22_0to151,AIGVDBench,HPSgW2dvv0M_22_0to151,aigvdbench:HPSgW2dvv0M_22_0to151,train,train,0,,real_video,HPSgW2dvv0M_22_0to151.mp4,4512dbf6579b2b1ebefa6600d065f35fa3f4ee4f3b71198f40fd93a77039ceb4,06830f5d028cf0a322ad9ef18e4530163ff6e6a320efb21aa18400b2e72cf3bd,AIGVDBench/Real/Real.zip,videos/HPSgW2dvv0M_22_0to151.mp4,3930412,3930884,dataset_cc_by_4_0_component_partial,not_downloaded
open_sora::HPSgW2dvv0M_22_0to151,AIGVDBench,HPSgW2dvv0M_22_0to151,aigvdbench:HPSgW2dvv0M_22_0to151,train,train,1,Open-Sora,text_to_video,HPSgW2dvv0M_22_0to151.mp4,4512dbf6579b2b1ebefa6600d065f35fa3f4ee4f3b71198f40fd93a77039ceb4,06830f5d028cf0a322ad9ef18e4530163ff6e6a320efb21aa18400b2e72cf3bd,AIGVDBench/OpenSource/T2V/Open-Sora.zip,videos/HPSgW2dvv0M_22_0to151.mp4,40108,40988,dataset_cc_by_4_0_component_partial,not_downloaded
real::I8Nyhud2BVI_21_0to203,AIGVDBench,I8Nyhud2BVI_21_0to203,aigvdbench:I8Nyhud2BVI_21_0to203,train,train,0,,real_video,I8Nyhud2BVI_21_0to203.mp4,6c153d26c0dc0077f0b888a34b09b0ee409b94f0222e478b6c8d6cd68b131419,068ca3994f80edc82273021162e16331b142e5d63c87f2b680f340a032a896ff,AIGVDBench/Real/Real.zip,videos/I8Nyhud2BVI_21_0to203.mp4,3396644,3397071,dataset_cc_by_4_0_component_partial,not_downloaded
open_sora::I8Nyhud2BVI_21_0to203,AIGVDBench,I8Nyhud2BVI_21_0to203,aigvdbench:I8Nyhud2BVI_21_0to203,train,train,1,Open-Sora,text_to_video,I8Nyhud2BVI_21_0to203.mp4,6c153d26c0dc0077f0b888a34b09b0ee409b94f0222e478b6c8d6cd68b131419,068ca3994f80edc82273021162e16331b142e5d63c87f2b680f340a032a896ff,AIGVDBench/OpenSource/T2V/Open-Sora.zip,videos/I8Nyhud2BVI_21_0to203.mp4,61354,62121,dataset_cc_by_4_0_component_partial,not_downloaded
real::3rWXqlFIlLU_66_0to187,AIGVDBench,3rWXqlFIlLU_66_0to187,aigvdbench:3rWXqlFIlLU_66_0to187,train,train,0,,real_video,3rWXqlFIlLU_66_0to187.mp4,714761b325ba3b46409e9abe667e0b7a8ca4305295ab56668ef5658cdba0e103,068eb2f39b88bc274c54f13da6abe335b70d123401eee29a5472b7309fae7c0c,AIGVDBench/Real/Real.zip,videos/3rWXqlFIlLU_66_0to187.mp4,3123150,3123778,dataset_cc_by_4_0_component_partial,not_downloaded
open_sora::3rWXqlFIlLU_66_0to187,AIGVDBench,3rWXqlFIlLU_66_0to187,aigvdbench:3rWXqlFIlLU_66_0to187,train,train,1,Open-Sora,text_to_video,3rWXqlFIlLU_66_0to187.mp4,714761b325ba3b46409e9abe667e0b7a8ca4305295ab56668ef5658cdba0e103,068eb2f39b88bc274c54f13da6abe335b70d123401eee29a5472b7309fae7c0c,AIGVDBench/OpenSource/T2V/Open-Sora.zip,videos/3rWXqlFIlLU_66_0to187.mp4,50736,51638,dataset_cc_by_4_0_component_partial,not_downloaded
real::1H-dc_hIASc_2_842to1459,AIGVDBench,1H-dc_hIASc_2_842to1459,aigvdbench:1H-dc_hIASc_2_842to1459,train,train,0,,real_video,1H-dc_hIASc_2_842to1459.mp4,42282282f7c42ea403eb29bb4c4d485c378849fa1daec6dd21b422435e4ff71f,0693c8029cc06a23c88500fe21fe333f37059be23c4c200635f9e345fbc92974,AIGVDBench/Real/Real.zip,videos/1H-dc_hIASc_2_842to1459.mp4,14154584,14155784,dataset_cc_by_4_0_component_partial,not_downloaded
open_sora::1H-dc_hIASc_2_842to1459,AIGVDBench,1H-dc_hIASc_2_842to1459,aigvdbench:1H-dc_hIASc_2_842to1459,train,train,1,Open-Sora,text_to_video,1H-dc_hIASc_2_842to1459.mp4,42282282f7c42ea403eb29bb4c4d485c378849fa1daec6dd21b422435e4ff71f,0693c8029cc06a23c88500fe21fe333f37059be23c4c200635f9e345fbc92974,AIGVDBench/OpenSource/T2V/Open-Sora.zip,videos/1H-dc_hIASc_2_842to1459.mp4,50827,51725,dataset_cc_by_4_0_component_partial,not_downloaded
real::b_PPA2QhRgM_2_0to128,AIGVDBench,b_PPA2QhRgM_2_0to128,aigvdbench:b_PPA2QhRgM_2_0to128,train,train,0,,real_video,b_PPA2QhRgM_2_0to128.mp4,8eb9a1abe589f50c6c4536bc76bb7b9ba2719f821b1a65c6d259dcd73c302347,0694cbb849d04237735b700bad6311582958eec8da95a8357bb520dc76d4dfbc,AIGVDBench/Real/Real.zip,videos/b_PPA2QhRgM_2_0to128.mp4,3812442,3813024,dataset_cc_by_4_0_component_partial,not_downloaded
open_sora::b_PPA2QhRgM_2_0to128,AIGVDBench,b_PPA2QhRgM_2_0to128,aigvdbench:b_PPA2QhRgM_2_0to128,train,train,1,Open-Sora,text_to_video,b_PPA2QhRgM_2_0to128.mp4,8eb9a1abe589f50c6c4536bc76bb7b9ba2719f821b1a65c6d259dcd73c302347,0694cbb849d04237735b700bad6311582958eec8da95a8357bb520dc76d4dfbc,AIGVDBench/OpenSource/T2V/Open-Sora.zip,videos/b_PPA2QhRgM_2_0to128.mp4,53907,54731,dataset_cc_by_4_0_component_partial,not_downloaded
real::Gjpr4H6kKHY_13_0to107,AIGVDBench,Gjpr4H6kKHY_13_0to107,aigvdbench:Gjpr4H6kKHY_13_0to107,train,train,0,,real_video,Gjpr4H6kKHY_13_0to107.mp4,9d28a2d392f0eba46eda23261445d63dea53560d5b9be8fe859e850bdec0e7d5,0696dc2ee99231075713322ef816ef8d0b3e11844e1cdf8948862a1ba23bf02d,AIGVDBench/Real/Real.zip,videos/Gjpr4H6kKHY_13_0to107.mp4,1692847,1693255,dataset_cc_by_4_0_component_partial,not_downloaded
open_sora::Gjpr4H6kKHY_13_0to107,AIGVDBench,Gjpr4H6kKHY_13_0to107,aigvdbench:Gjpr4H6kKHY_13_0to107,train,train,1,Open-Sora,text_to_video,Gjpr4H6kKHY_13_0to107.mp4,9d28a2d392f0eba46eda23261445d63dea53560d5b9be8fe859e850bdec0e7d5,0696dc2ee99231075713322ef816ef8d0b3e11844e1cdf8948862a1ba23bf02d,AIGVDBench/OpenSource/T2V/Open-Sora.zip,videos/Gjpr4H6kKHY_13_0to107.mp4,88392,89158,dataset_cc_by_4_0_component_partial,not_downloaded
real::eBETG_grxM8_1_75to180,AIGVDBench,eBETG_grxM8_1_75to180,aigvdbench:eBETG_grxM8_1_75to180,train,train,0,,real_video,eBETG_grxM8_1_75to180.mp4,cd381b4863635e8c1ef322929b428834250431349e6893aba6ef79b21ade445c,06970b42f52417a4bf894d6e54f24ef3e0aac2db264f54b88cc7dc34e7e53402,AIGVDBench/Real/Real.zip,videos/eBETG_grxM8_1_75to180.mp4,1060506,1061356,dataset_cc_by_4_0_component_partial,not_downloaded
open_sora::eBETG_grxM8_1_75to180,AIGVDBench,eBETG_grxM8_1_75to180,aigvdbench:eBETG_grxM8_1_75to180,train,train,1,Open-Sora,text_to_video,eBETG_grxM8_1_75to180.mp4,cd381b4863635e8c1ef322929b428834250431349e6893aba6ef79b21ade445c,06970b42f52417a4bf894d6e54f24ef3e0aac2db264f54b88cc7dc34e7e53402,AIGVDBench/OpenSource/T2V/Open-Sora.zip,videos/eBETG_grxM8_1_75to180.mp4,56194,56966,dataset_cc_by_4_0_component_partial,not_downloaded
real::KHxxT2r5LLI_14_0to185,AIGVDBench,KHxxT2r5LLI_14_0to185,aigvdbench:KHxxT2r5LLI_14_0to185,train,train,0,,real_video,KHxxT2r5LLI_14_0to185.mp4,fbddb836895d47c02e7229387c1b5b081ea0f671fa5aac8744243e98298af98e,069aa42617aba86ef78ebf078b388a276cd53746b91e6de13d78abbdc04589a3,AIGVDBench/Real/Real.zip,videos/KHxxT2r5LLI_14_0to185.mp4,3060634,3061141,dataset_cc_by_4_0_component_partial,not_downloaded
open_sora::KHxxT2r5LLI_14_0to185,AIGVDBench,KHxxT2r5LLI_14_0to185,aigvdbench:KHxxT2r5LLI_14_0to185,train,train,1,Open-Sora,text_to_video,KHxxT2r5LLI_14_0to185.mp4,fbddb836895d47c02e7229387c1b5b081ea0f671fa5aac8744243e98298af98e,069aa42617aba86ef78ebf078b388a276cd53746b91e6de13d78abbdc04589a3,AIGVDBench/OpenSource/T2V/Open-Sora.zip,videos/KHxxT2r5LLI_14_0to185.mp4,53791,54565,dataset_cc_by_4_0_component_partial,not_downloaded
real::dDZ4rrOHHCs_59_0to201,AIGVDBench,dDZ4rrOHHCs_59_0to201,aigvdbench:dDZ4rrOHHCs_59_0to201,train,train,0,,real_video,dDZ4rrOHHCs_59_0to201.mp4,fe88d600b97b306aec0446dabfbac6a2855938893a4025fe77749ea1974443f9,069feeb81c9ffa971294b4aa2df701a72fa3cda4832e096f62e81d89b941a9dc,AIGVDBench/Real/Real.zip,videos/dDZ4rrOHHCs_59_0to201.mp4,1696874,1698620,dataset_cc_by_4_0_component_partial,not_downloaded
open_sora::dDZ4rrOHHCs_59_0to201,AIGVDBench,dDZ4rrOHHCs_59_0to201,aigvdbench:dDZ4rrOHHCs_59_0to201,train,train,1,Open-Sora,text_to_video,dDZ4rrOHHCs_59_0to201.mp4,fe88d600b97b306aec0446dabfbac6a2855938893a4025fe77749ea1974443f9,069feeb81c9ffa971294b4aa2df701a72fa3cda4832e096f62e81d89b941a9dc,AIGVDBench/OpenSource/T2V/Open-Sora.zip,videos/dDZ4rrOHHCs_59_0to201.mp4,55673,56486,dataset_cc_by_4_0_component_partial,not_downloaded
real::EgUU5Oh1q7c_9_0to117,AIGVDBench,EgUU5Oh1q7c_9_0to117,aigvdbench:EgUU5Oh1q7c_9_0to117,train,train,0,,real_video,EgUU5Oh1q7c_9_0to117.mp4,7139193843ceb652f07c8409faddd45988aace4220895014adb06bb78a2e2e2a,06a30632cb6886e6ffe890bf08f28feefba179761ee693eda7707808c0e2f753,AIGVDBench/Real/Real.zip,videos/EgUU5Oh1q7c_9_0to117.mp4,2781892,2782243,dataset_cc_by_4_0_component_partial,not_downloaded
open_sora::EgUU5Oh1q7c_9_0to117,AIGVDBench,EgUU5Oh1q7c_9_0to117,aigvdbench:EgUU5Oh1q7c_9_0to117,train,train,1,Open-Sora,text_to_video,EgUU5Oh1q7c_9_0to117.mp4,7139193843ceb652f07c8409faddd45988aace4220895014adb06bb78a2e2e2a,06a30632cb6886e6ffe890bf08f28feefba179761ee693eda7707808c0e2f753,AIGVDBench/OpenSource/T2V/Open-Sora.zip,videos/EgUU5Oh1q7c_9_0to117.mp4,68157,68919,dataset_cc_by_4_0_component_partial,not_downloaded
real::nK-zlNUUHhM_13_0to171,AIGVDBench,nK-zlNUUHhM_13_0to171,aigvdbench:nK-zlNUUHhM_13_0to171,train,train,0,,real_video,nK-zlNUUHhM_13_0to171.mp4,734ab85cc5cdcfaf850650cae68973402ebfd128326af11f3cc34ddfbe12ce76,06b66f0c501047b4ae9b116c8b710bb14d1a0aa047a29db4728fd662f1891988,AIGVDBench/Real/Real.zip,videos/nK-zlNUUHhM_13_0to171.mp4,1803933,1805329,dataset_cc_by_4_0_component_partial,not_downloaded
open_sora::nK-zlNUUHhM_13_0to171,AIGVDBench,nK-zlNUUHhM_13_0to171,aigvdbench:nK-zlNUUHhM_13_0to171,train,train,1,Open-Sora,text_to_video,nK-zlNUUHhM_13_0to171.mp4,734ab85cc5cdcfaf850650cae68973402ebfd128326af11f3cc34ddfbe12ce76,06b66f0c501047b4ae9b116c8b710bb14d1a0aa047a29db4728fd662f1891988,AIGVDBench/OpenSource/T2V/Open-Sora.zip,videos/nK-zlNUUHhM_13_0to171.mp4,51058,51896,dataset_cc_by_4_0_component_partial,not_downloaded
real::a5N7oyTNJQQ_18_0to166,AIGVDBench,a5N7oyTNJQQ_18_0to166,aigvdbench:a5N7oyTNJQQ_18_0to166,train,train,0,,real_video,a5N7oyTNJQQ_18_0to166.mp4,0c5b3a1ffcd598c33e0f1ee2e22315ff61195639a4c69709c48589c399682292,06cad2c4f04d69dc24ccd1b686de6c01a7337b74d6317ad4a11077601e3fe67b,AIGVDBench/Real/Real.zip,videos/a5N7oyTNJQQ_18_0to166.mp4,3110996,3111821,dataset_cc_by_4_0_component_partial,not_downloaded
open_sora::a5N7oyTNJQQ_18_0to166,AIGVDBench,a5N7oyTNJQQ_18_0to166,aigvdbench:a5N7oyTNJQQ_18_0to166,train,train,1,Open-Sora,text_to_video,a5N7oyTNJQQ_18_0to166.mp4,0c5b3a1ffcd598c33e0f1ee2e22315ff61195639a4c69709c48589c399682292,06cad2c4f04d69dc24ccd1b686de6c01a7337b74d6317ad4a11077601e3fe67b,AIGVDBench/OpenSource/T2V/Open-Sora.zip,videos/a5N7oyTNJQQ_18_0to166.mp4,87939,88655,dataset_cc_by_4_0_component_partial,not_downloaded
real::3KlHKI-3QdM_25_305to452,AIGVDBench,3KlHKI-3QdM_25_305to452,aigvdbench:3KlHKI-3QdM_25_305to452,train,train,0,,real_video,3KlHKI-3QdM_25_305to452.mp4,b8be68dce7031e07fc388be3274c7b77cdc3b0a7831cd819451ef4f0e050af6c,06d4d896b4881299610db3d99f90fb9204527293422bb10689c9e5f98f499a41,AIGVDBench/Real/Real.zip,videos/3KlHKI-3QdM_25_305to452.mp4,3578669,3578856,dataset_cc_by_4_0_component_partial,not_downloaded
open_sora::3KlHKI-3QdM_25_305to452,AIGVDBench,3KlHKI-3QdM_25_305to452,aigvdbench:3KlHKI-3QdM_25_305to452,train,train,1,Open-Sora,text_to_video,3KlHKI-3QdM_25_305to452.mp4,b8be68dce7031e07fc388be3274c7b77cdc3b0a7831cd819451ef4f0e050af6c,06d4d896b4881299610db3d99f90fb9204527293422bb10689c9e5f98f499a41,AIGVDBench/OpenSource/T2V/Open-Sora.zip,videos/3KlHKI-3QdM_25_305to452.mp4,62657,63519,dataset_cc_by_4_0_component_partial,not_downloaded
real::GgtQ01ROYLo_18_0to117,AIGVDBench,GgtQ01ROYLo_18_0to117,aigvdbench:GgtQ01ROYLo_18_0to117,train,train,0,,real_video,GgtQ01ROYLo_18_0to117.mp4,d18a59f681e6937acdde6809c18454ef880fb9c99a5451594f99706b92743731,06d8669c8fc31186904b965901b3905b37f537e3798d51a65f00aa4a6da6709e,AIGVDBench/Real/Real.zip,videos/GgtQ01ROYLo_18_0to117.mp4,2407042,2407884,dataset_cc_by_4_0_component_partial,not_downloaded
open_sora::GgtQ01ROYLo_18_0to117,AIGVDBench,GgtQ01ROYLo_18_0to117,aigvdbench:GgtQ01ROYLo_18_0to117,train,train,1,Open-Sora,text_to_video,GgtQ01ROYLo_18_0to117.mp4,d18a59f681e6937acdde6809c18454ef880fb9c99a5451594f99706b92743731,06d8669c8fc31186904b965901b3905b37f537e3798d51a65f00aa4a6da6709e,AIGVDBench/OpenSource/T2V/Open-Sora.zip,videos/GgtQ01ROYLo_18_0to117.mp4,44220,45085,dataset_cc_by_4_0_component_partial,not_downloaded
real::TEIacL5lfpQ_24_0to977,AIGVDBench,TEIacL5lfpQ_24_0to977,aigvdbench:TEIacL5lfpQ_24_0to977,train,train,0,,real_video,TEIacL5lfpQ_24_0to977.mp4,450a1c904c0deec1f5e620511bb645605ce0f6bcce07929f114f6468a3613474,06db52a5ceec8169a075a5b932feab2f04ce6bc5c8036806039c0a3e3a1d73f7,AIGVDBench/Real/Real.zip,videos/TEIacL5lfpQ_24_0to977.mp4,23353343,23353532,dataset_cc_by_4_0_component_partial,not_downloaded
open_sora::TEIacL5lfpQ_24_0to977,AIGVDBench,TEIacL5lfpQ_24_0to977,aigvdbench:TEIacL5lfpQ_24_0to977,train,train,1,Open-Sora,text_to_video,TEIacL5lfpQ_24_0to977.mp4,450a1c904c0deec1f5e620511bb645605ce0f6bcce07929f114f6468a3613474,06db52a5ceec8169a075a5b932feab2f04ce6bc5c8036806039c0a3e3a1d73f7,AIGVDBench/OpenSource/T2V/Open-Sora.zip,videos/TEIacL5lfpQ_24_0to977.mp4,45362,46180,dataset_cc_by_4_0_component_partial,not_downloaded
real::ABJHqBkcBBQ_7_84to235,AIGVDBench,ABJHqBkcBBQ_7_84to235,aigvdbench:ABJHqBkcBBQ_7_84to235,train,train,0,,real_video,ABJHqBkcBBQ_7_84to235.mp4,3dcc662660db118dcde350df9908eb42e50748cd8af54d938f2bc78bf57f214c,06dc2c58b3ac60e6a939de96ff3eef4fffd93119b5afc5a485299d598c6ef724,AIGVDBench/Real/Real.zip,videos/ABJHqBkcBBQ_7_84to235.mp4,3233132,3233352,dataset_cc_by_4_0_component_partial,not_downloaded
open_sora::ABJHqBkcBBQ_7_84to235,AIGVDBench,ABJHqBkcBBQ_7_84to235,aigvdbench:ABJHqBkcBBQ_7_84to235,train,train,1,Open-Sora,text_to_video,ABJHqBkcBBQ_7_84to235.mp4,3dcc662660db118dcde350df9908eb42e50748cd8af54d938f2bc78bf57f214c,06dc2c58b3ac60e6a939de96ff3eef4fffd93119b5afc5a485299d598c6ef724,AIGVDBench/OpenSource/T2V/Open-Sora.zip,videos/ABJHqBkcBBQ_7_84to235.mp4,59653,60419,dataset_cc_by_4_0_component_partial,not_downloaded
real::kjM11a_3C2U_40_24to213,AIGVDBench,kjM11a_3C2U_40_24to213,aigvdbench:kjM11a_3C2U_40_24to213,train,train,0,,real_video,kjM11a_3C2U_40_24to213.mp4,8fa750c6cf8ed69a7214fb67f228762f374dacf189d375eac3adf41a2c90f790,06dd475c39cd37234e8242d6d2203aeb7d1241912bb93a57b87b4224ffd6dc8c,AIGVDBench/Real/Real.zip,videos/kjM11a_3C2U_40_24to213.mp4,2459864,2460439,dataset_cc_by_4_0_component_partial,not_downloaded
open_sora::kjM11a_3C2U_40_24to213,AIGVDBench,kjM11a_3C2U_40_24to213,aigvdbench:kjM11a_3C2U_40_24to213,train,train,1,Open-Sora,text_to_video,kjM11a_3C2U_40_24to213.mp4,8fa750c6cf8ed69a7214fb67f228762f374dacf189d375eac3adf41a2c90f790,06dd475c39cd37234e8242d6d2203aeb7d1241912bb93a57b87b4224ffd6dc8c,AIGVDBench/OpenSource/T2V/Open-Sora.zip,videos/kjM11a_3C2U_40_24to213.mp4,33666,34545,dataset_cc_by_4_0_component_partial,not_downloaded
real::YUr9B-5a-kM_128_0to109,AIGVDBench,YUr9B-5a-kM_128_0to109,aigvdbench:YUr9B-5a-kM_128_0to109,train,train,0,,real_video,YUr9B-5a-kM_128_0to109.mp4,56380718a4c7f69d17360e9beb412140d928538e7ab0dfe28acdcac7827ffb62,06e2c443b37b031f019b3aa9a9415559bbe12b808aed994708b799174ac1e36f,AIGVDBench/Real/Real.zip,videos/YUr9B-5a-kM_128_0to109.mp4,1243286,1243947,dataset_cc_by_4_0_component_partial,not_downloaded
open_sora::YUr9B-5a-kM_128_0to109,AIGVDBench,YUr9B-5a-kM_128_0to109,aigvdbench:YUr9B-5a-kM_128_0to109,train,train,1,Open-Sora,text_to_video,YUr9B-5a-kM_128_0to109.mp4,56380718a4c7f69d17360e9beb412140d928538e7ab0dfe28acdcac7827ffb62,06e2c443b37b031f019b3aa9a9415559bbe12b808aed994708b799174ac1e36f,AIGVDBench/OpenSource/T2V/Open-Sora.zip,videos/YUr9B-5a-kM_128_0to109.mp4,57547,58354,dataset_cc_by_4_0_component_partial,not_downloaded
real::_2auieYtkVA_3_0to134,AIGVDBench,_2auieYtkVA_3_0to134,aigvdbench:_2auieYtkVA_3_0to134,train,train,0,,real_video,_2auieYtkVA_3_0to134.mp4,1ea0bc2b9c52924e2540393cacfa567039bbbbf8ff5d38c687c630f562629a8e,06e30e6d869a900a527cec5fa692dd3054d21b4ab6c2108789ac96036f0a1d7e,AIGVDBench/Real/Real.zip,videos/_2auieYtkVA_3_0to134.mp4,2010597,2011470,dataset_cc_by_4_0_component_partial,not_downloaded
open_sora::_2auieYtkVA_3_0to134,AIGVDBench,_2auieYtkVA_3_0to134,aigvdbench:_2auieYtkVA_3_0to134,train,train,1,Open-Sora,text_to_video,_2auieYtkVA_3_0to134.mp4,1ea0bc2b9c52924e2540393cacfa567039bbbbf8ff5d38c687c630f562629a8e,06e30e6d869a900a527cec5fa692dd3054d21b4ab6c2108789ac96036f0a1d7e,AIGVDBench/OpenSource/T2V/Open-Sora.zip,videos/_2auieYtkVA_3_0to134.mp4,14681,15786,dataset_cc_by_4_0_component_partial,not_downloaded
real::Wuy-VEKFJfg_5_0to181,AIGVDBench,Wuy-VEKFJfg_5_0to181,aigvdbench:Wuy-VEKFJfg_5_0to181,train,train,0,,real_video,Wuy-VEKFJfg_5_0to181.mp4,ea27ab9fdd4754b75322cb8677ec75ac4c58b63439017981ef3f65a968188a2c,06e3e144b17bff15fa3a4b5a71b73ddf0d3f39f5d5fe746e005eb7638af670d6,AIGVDBench/Real/Real.zip,videos/Wuy-VEKFJfg_5_0to181.mp4,1761972,1762647,dataset_cc_by_4_0_component_partial,not_downloaded
open_sora::Wuy-VEKFJfg_5_0to181,AIGVDBench,Wuy-VEKFJfg_5_0to181,aigvdbench:Wuy-VEKFJfg_5_0to181,train,train,1,Open-Sora,text_to_video,Wuy-VEKFJfg_5_0to181.mp4,ea27ab9fdd4754b75322cb8677ec75ac4c58b63439017981ef3f65a968188a2c,06e3e144b17bff15fa3a4b5a71b73ddf0d3f39f5d5fe746e005eb7638af670d6,AIGVDBench/OpenSource/T2V/Open-Sora.zip,videos/Wuy-VEKFJfg_5_0to181.mp4,35350,36226,dataset_cc_by_4_0_component_partial,not_downloaded
real::pVeYpniU0nY_3_0to109,AIGVDBench,pVeYpniU0nY_3_0to109,aigvdbench:pVeYpniU0nY_3_0to109,train,train,0,,real_video,pVeYpniU0nY_3_0to109.mp4,8ebfee0edf1064b26b95f675fbfa06fe60eddf70ad006084870a2734481147f4,06e41e0df36874ed5cf6d13a2ef9a50872bb5dcdb846bc6b0ee9a6027ff3df7b,AIGVDBench/Real/Real.zip,videos/pVeYpniU0nY_3_0to109.mp4,878705,879925,dataset_cc_by_4_0_component_partial,not_downloaded
open_sora::pVeYpniU0nY_3_0to109,AIGVDBench,pVeYpniU0nY_3_0to109,aigvdbench:pVeYpniU0nY_3_0to109,train,train,1,Open-Sora,text_to_video,pVeYpniU0nY_3_0to109.mp4,8ebfee0edf1064b26b95f675fbfa06fe60eddf70ad006084870a2734481147f4,06e41e0df36874ed5cf6d13a2ef9a50872bb5dcdb846bc6b0ee9a6027ff3df7b,AIGVDBench/OpenSource/T2V/Open-Sora.zip,videos/pVeYpniU0nY_3_0to109.mp4,26159,27126,dataset_cc_by_4_0_component_partial,not_downloaded
real::jK_poKjGOT4_37_24to181,AIGVDBench,jK_poKjGOT4_37_24to181,aigvdbench:jK_poKjGOT4_37_24to181,train,train,0,,real_video,jK_poKjGOT4_37_24to181.mp4,b3bd4d56402cee4144a26ebb647c3454d51f883f6cbf4ad8b8ed96728a2bf6d0,06e4ccfe3e4f0d9af9969c162104a94e24e562719e1cfb6e6955e84dc9f91bd4,AIGVDBench/Real/Real.zip,videos/jK_poKjGOT4_37_24to181.mp4,1981589,1982101,dataset_cc_by_4_0_component_partial,not_downloaded
open_sora::jK_poKjGOT4_37_24to181,AIGVDBench,jK_poKjGOT4_37_24to181,aigvdbench:jK_poKjGOT4_37_24to181,train,train,1,Open-Sora,text_to_video,jK_poKjGOT4_37_24to181.mp4,b3bd4d56402cee4144a26ebb647c3454d51f883f6cbf4ad8b8ed96728a2bf6d0,06e4ccfe3e4f0d9af9969c162104a94e24e562719e1cfb6e6955e84dc9f91bd4,AIGVDBench/OpenSource/T2V/Open-Sora.zip,videos/jK_poKjGOT4_37_24to181.mp4,48465,49252,dataset_cc_by_4_0_component_partial,not_downloaded
real::2d_CgA7CsrM_4_90to226,AIGVDBench,2d_CgA7CsrM_4_90to226,aigvdbench:2d_CgA7CsrM_4_90to226,train,train,0,,real_video,2d_CgA7CsrM_4_90to226.mp4,8fb01953be49aa0987220b9228dc4594a0ecb049420b8c02bac46486451ea76f,06f6b2a0b721e26e0cb83bacb09c0a68dd9dc52383e6e78634dca0e1be1edf0d,AIGVDBench/Real/Real.zip,videos/2d_CgA7CsrM_4_90to226.mp4,1803824,1804518,dataset_cc_by_4_0_component_partial,not_downloaded
open_sora::2d_CgA7CsrM_4_90to226,AIGVDBench,2d_CgA7CsrM_4_90to226,aigvdbench:2d_CgA7CsrM_4_90to226,train,train,1,Open-Sora,text_to_video,2d_CgA7CsrM_4_90to226.mp4,8fb01953be49aa0987220b9228dc4594a0ecb049420b8c02bac46486451ea76f,06f6b2a0b721e26e0cb83bacb09c0a68dd9dc52383e6e78634dca0e1be1edf0d,AIGVDBench/OpenSource/T2V/Open-Sora.zip,videos/2d_CgA7CsrM_4_90to226.mp4,43948,44814,dataset_cc_by_4_0_component_partial,not_downloaded
real::QxP5xGK11_I_44_19to127,AIGVDBench,QxP5xGK11_I_44_19to127,aigvdbench:QxP5xGK11_I_44_19to127,train,train,0,,real_video,QxP5xGK11_I_44_19to127.mp4,d9dab4ca698e0b3a91be11155ce50fb12b4bc531e26728b603e6dccedc6679d2,06f8bd9ec20d154b1555ecb8313b3ed7b2bc49a8cec47d1b1ecdd3ffab5a7f64,AIGVDBench/Real/Real.zip,videos/QxP5xGK11_I_44_19to127.mp4,1012947,1013652,dataset_cc_by_4_0_component_partial,not_downloaded
open_sora::QxP5xGK11_I_44_19to127,AIGVDBench,QxP5xGK11_I_44_19to127,aigvdbench:QxP5xGK11_I_44_19to127,train,train,1,Open-Sora,text_to_video,QxP5xGK11_I_44_19to127.mp4,d9dab4ca698e0b3a91be11155ce50fb12b4bc531e26728b603e6dccedc6679d2,06f8bd9ec20d154b1555ecb8313b3ed7b2bc49a8cec47d1b1ecdd3ffab5a7f64,AIGVDBench/OpenSource/T2V/Open-Sora.zip,videos/QxP5xGK11_I_44_19to127.mp4,60549,61284,dataset_cc_by_4_0_component_partial,not_downloaded
real::nf0Aom0e6jo_61_75to217,AIGVDBench,nf0Aom0e6jo_61_75to217,aigvdbench:nf0Aom0e6jo_61_75to217,train,train,0,,real_video,nf0Aom0e6jo_61_75to217.mp4,f53ecf8e12b898bf5eaf017dac58279a03212207bf1b155fedb871de02c03cee,06fb0e207362a33e50c945696890ac6be24f3c9a1ff1a2f80e2f7ea330f21c8f,AIGVDBench/Real/Real.zip,videos/nf0Aom0e6jo_61_75to217.mp4,1173724,1174483,dataset_cc_by_4_0_component_partial,not_downloaded
open_sora::nf0Aom0e6jo_61_75to217,AIGVDBench,nf0Aom0e6jo_61_75to217,aigvdbench:nf0Aom0e6jo_61_75to217,train,train,1,Open-Sora,text_to_video,nf0Aom0e6jo_61_75to217.mp4,f53ecf8e12b898bf5eaf017dac58279a03212207bf1b155fedb871de02c03cee,06fb0e207362a33e50c945696890ac6be24f3c9a1ff1a2f80e2f7ea330f21c8f,AIGVDBench/OpenSource/T2V/Open-Sora.zip,videos/nf0Aom0e6jo_61_75to217.mp4,54604,55370,dataset_cc_by_4_0_component_partial,not_downloaded
real::ILeT1KVqgCo_27_71to291,AIGVDBench,ILeT1KVqgCo_27_71to291,aigvdbench:ILeT1KVqgCo_27_71to291,train,train,0,,real_video,ILeT1KVqgCo_27_71to291.mp4,611e96209e48da069877503d04cc12dbc0557c5c78255722f5d394fa779b7798,06fc0228b6a27b5db227edd9b20dff7a7b7d01ed60c33e6103ce8f569501d62e,AIGVDBench/Real/Real.zip,videos/ILeT1KVqgCo_27_71to291.mp4,6894874,6894868,dataset_cc_by_4_0_component_partial,not_downloaded
open_sora::ILeT1KVqgCo_27_71to291,AIGVDBench,ILeT1KVqgCo_27_71to291,aigvdbench:ILeT1KVqgCo_27_71to291,train,train,1,Open-Sora,text_to_video,ILeT1KVqgCo_27_71to291.mp4,611e96209e48da069877503d04cc12dbc0557c5c78255722f5d394fa779b7798,06fc0228b6a27b5db227edd9b20dff7a7b7d01ed60c33e6103ce8f569501d62e,AIGVDBench/OpenSource/T2V/Open-Sora.zip,videos/ILeT1KVqgCo_27_71to291.mp4,56869,57653,dataset_cc_by_4_0_component_partial,not_downloaded
real::m0Tm3Iyknh0_11_0to236,AIGVDBench,m0Tm3Iyknh0_11_0to236,aigvdbench:m0Tm3Iyknh0_11_0to236,train,train,0,,real_video,m0Tm3Iyknh0_11_0to236.mp4,73929f209345574f48678a564dbaced17b1b80ccb2fd55c08fb87997f2862cf5,06feec35dafd07b5db98ae66d3f3d6041e64a318ef3ce436814ec3d0d11f20c3,AIGVDBench/Real/Real.zip,videos/m0Tm3Iyknh0_11_0to236.mp4,3929005,3929447,dataset_cc_by_4_0_component_partial,not_downloaded
open_sora::m0Tm3Iyknh0_11_0to236,AIGVDBench,m0Tm3Iyknh0_11_0to236,aigvdbench:m0Tm3Iyknh0_11_0to236,train,train,1,Open-Sora,text_to_video,m0Tm3Iyknh0_11_0to236.mp4,73929f209345574f48678a564dbaced17b1b80ccb2fd55c08fb87997f2862cf5,06feec35dafd07b5db98ae66d3f3d6041e64a318ef3ce436814ec3d0d11f20c3,AIGVDBench/OpenSource/T2V/Open-Sora.zip,videos/m0Tm3Iyknh0_11_0to236.mp4,73184,73937,dataset_cc_by_4_0_component_partial,not_downloaded
real::H74huKe4zt8_168_0to117,AIGVDBench,H74huKe4zt8_168_0to117,aigvdbench:H74huKe4zt8_168_0to117,train,train,0,,real_video,H74huKe4zt8_168_0to117.mp4,ab40de3886cffa94ae1c0897c35b9b131bb472e1b9dd69e10081df96f1f5a248,06ff7fff3af347c5b0ee0e9e2ca9181f3462ebccfe9c779bd6af2539ab5b7913,AIGVDBench/Real/Real.zip,videos/H74huKe4zt8_168_0to117.mp4,2485096,2485554,dataset_cc_by_4_0_component_partial,not_downloaded
open_sora::H74huKe4zt8_168_0to117,AIGVDBench,H74huKe4zt8_168_0to117,aigvdbench:H74huKe4zt8_168_0to117,train,train,1,Open-Sora,text_to_video,H74huKe4zt8_168_0to117.mp4,ab40de3886cffa94ae1c0897c35b9b131bb472e1b9dd69e10081df96f1f5a248,06ff7fff3af347c5b0ee0e9e2ca9181f3462ebccfe9c779bd6af2539ab5b7913,AIGVDBench/OpenSource/T2V/Open-Sora.zip,videos/H74huKe4zt8_168_0to117.mp4,37571,38405,dataset_cc_by_4_0_component_partial,not_downloaded
real::y6s4PxWQYqc_1_0to209,AIGVDBench,y6s4PxWQYqc_1_0to209,aigvdbench:y6s4PxWQYqc_1_0to209,train,train,0,,real_video,y6s4PxWQYqc_1_0to209.mp4,fdb259939c3add1968c059bd4972d07ea3eb0103524dc705d70151c404eeee03,070ce5af901392afd90a1e1d2121003b6d6e080e4da17152ec319e62daaaff43,AIGVDBench/Real/Real.zip,videos/y6s4PxWQYqc_1_0to209.mp4,4080884,4081734,dataset_cc_by_4_0_component_partial,not_downloaded
open_sora::y6s4PxWQYqc_1_0to209,AIGVDBench,y6s4PxWQYqc_1_0to209,aigvdbench:y6s4PxWQYqc_1_0to209,train,train,1,Open-Sora,text_to_video,y6s4PxWQYqc_1_0to209.mp4,fdb259939c3add1968c059bd4972d07ea3eb0103524dc705d70151c404eeee03,070ce5af901392afd90a1e1d2121003b6d6e080e4da17152ec319e62daaaff43,AIGVDBench/OpenSource/T2V/Open-Sora.zip,videos/y6s4PxWQYqc_1_0to209.mp4,69395,70188,dataset_cc_by_4_0_component_partial,not_downloaded
real::vTrg7Yya23I_3_0to1181,AIGVDBench,vTrg7Yya23I_3_0to1181,aigvdbench:vTrg7Yya23I_3_0to1181,train,train,0,,real_video,vTrg7Yya23I_3_0to1181.mp4,512490e25fad9b41de1fa5118bf6bb6a4ff52a9891d4ffb9b02f32ef3271bd36,071197bed03a32f1845e26d510cceed1bc4274e463f7aae4c0019ca344c2aa1d,AIGVDBench/Real/Real.zip,videos/vTrg7Yya23I_3_0to1181.mp4,37221704,37225007,dataset_cc_by_4_0_component_partial,not_downloaded
open_sora::vTrg7Yya23I_3_0to1181,AIGVDBench,vTrg7Yya23I_3_0to1181,aigvdbench:vTrg7Yya23I_3_0to1181,train,train,1,Open-Sora,text_to_video,vTrg7Yya23I_3_0to1181.mp4,512490e25fad9b41de1fa5118bf6bb6a4ff52a9891d4ffb9b02f32ef3271bd36,071197bed03a32f1845e26d510cceed1bc4274e463f7aae4c0019ca344c2aa1d,AIGVDBench/OpenSource/T2V/Open-Sora.zip,videos/vTrg7Yya23I_3_0to1181.mp4,63619,64408,dataset_cc_by_4_0_component_partial,not_downloaded
real::GR3bSiQ7JJk_22_0to121,AIGVDBench,GR3bSiQ7JJk_22_0to121,aigvdbench:GR3bSiQ7JJk_22_0to121,train,train,0,,real_video,GR3bSiQ7JJk_22_0to121.mp4,a0a9a08abc7515e09a8e75fcb8ef9b3b336be2b9f6b5262ff4125d7cf6122c96,0712da375bda50d1873ec1647e4a9af80ba3ea7bad60c36f2560a751d984f697,AIGVDBench/Real/Real.zip,videos/GR3bSiQ7JJk_22_0to121.mp4,1117198,1117751,dataset_cc_by_4_0_component_partial,not_downloaded
open_sora::GR3bSiQ7JJk_22_0to121,AIGVDBench,GR3bSiQ7JJk_22_0to121,aigvdbench:GR3bSiQ7JJk_22_0to121,train,train,1,Open-Sora,text_to_video,GR3bSiQ7JJk_22_0to121.mp4,a0a9a08abc7515e09a8e75fcb8ef9b3b336be2b9f6b5262ff4125d7cf6122c96,0712da375bda50d1873ec1647e4a9af80ba3ea7bad60c36f2560a751d984f697,AIGVDBench/OpenSource/T2V/Open-Sora.zip,videos/GR3bSiQ7JJk_22_0to121.mp4,34390,35220,dataset_cc_by_4_0_component_partial,not_downloaded
real::36pIxTNvFDA_10_292to704,AIGVDBench,36pIxTNvFDA_10_292to704,aigvdbench:36pIxTNvFDA_10_292to704,train,train,0,,real_video,36pIxTNvFDA_10_292to704.mp4,37c5a44cb19567ef4342c96b1deed8f9ff379eb72804140acfa5d20f17ba92d7,071f78fb76e82ad843408e36bfbc9d474cde80053a9323a6e710539f701ee25b,AIGVDBench/Real/Real.zip,videos/36pIxTNvFDA_10_292to704.mp4,11629357,11629781,dataset_cc_by_4_0_component_partial,not_downloaded
open_sora::36pIxTNvFDA_10_292to704,AIGVDBench,36pIxTNvFDA_10_292to704,aigvdbench:36pIxTNvFDA_10_292to704,train,train,1,Open-Sora,text_to_video,36pIxTNvFDA_10_292to704.mp4,37c5a44cb19567ef4342c96b1deed8f9ff379eb72804140acfa5d20f17ba92d7,071f78fb76e82ad843408e36bfbc9d474cde80053a9323a6e710539f701ee25b,AIGVDBench/OpenSource/T2V/Open-Sora.zip,videos/36pIxTNvFDA_10_292to704.mp4,78305,79056,dataset_cc_by_4_0_component_partial,not_downloaded
real::KJsS3z_ubgQ_4_0to151,AIGVDBench,KJsS3z_ubgQ_4_0to151,aigvdbench:KJsS3z_ubgQ_4_0to151,train,train,0,,real_video,KJsS3z_ubgQ_4_0to151.mp4,00d1488974366525150295aed36cdc5a82e55d8e8c74812e21d0dc1aba9cee78,071fbe1e56b590100a9fe39b5c8e0c5e806ee586c74a33a356de46b76f6cd1b3,AIGVDBench/Real/Real.zip,videos/KJsS3z_ubgQ_4_0to151.mp4,2749828,2750499,dataset_cc_by_4_0_component_partial,not_downloaded
open_sora::KJsS3z_ubgQ_4_0to151,AIGVDBench,KJsS3z_ubgQ_4_0to151,aigvdbench:KJsS3z_ubgQ_4_0to151,train,train,1,Open-Sora,text_to_video,KJsS3z_ubgQ_4_0to151.mp4,00d1488974366525150295aed36cdc5a82e55d8e8c74812e21d0dc1aba9cee78,071fbe1e56b590100a9fe39b5c8e0c5e806ee586c74a33a356de46b76f6cd1b3,AIGVDBench/OpenSource/T2V/Open-Sora.zip,videos/KJsS3z_ubgQ_4_0to151.mp4,39051,39911,dataset_cc_by_4_0_component_partial,not_downloaded
real::hjYYBIH5ZGs_0_0to1460,AIGVDBench,hjYYBIH5ZGs_0_0to1460,aigvdbench:hjYYBIH5ZGs_0_0to1460,train,train,0,,real_video,hjYYBIH5ZGs_0_0to1460.mp4,2e8a59b1a8bf2648f0f1ab87b26863aea1023ff537e634d6c572d6db4cc0a62a,072ffc9df93ddbfe3aa4a27d2da5750593b676e6083634072351d824ffb76a94,AIGVDBench/Real/Real.zip,videos/hjYYBIH5ZGs_0_0to1460.mp4,34228893,34229498,dataset_cc_by_4_0_component_partial,not_downloaded
open_sora::hjYYBIH5ZGs_0_0to1460,AIGVDBench,hjYYBIH5ZGs_0_0to1460,aigvdbench:hjYYBIH5ZGs_0_0to1460,train,train,1,Open-Sora,text_to_video,hjYYBIH5ZGs_0_0to1460.mp4,2e8a59b1a8bf2648f0f1ab87b26863aea1023ff537e634d6c572d6db4cc0a62a,072ffc9df93ddbfe3aa4a27d2da5750593b676e6083634072351d824ffb76a94,AIGVDBench/OpenSource/T2V/Open-Sora.zip,videos/hjYYBIH5ZGs_0_0to1460.mp4,42489,43414,dataset_cc_by_4_0_component_partial,not_downloaded
real::2pDPK0Oi2nE_31_0to132,AIGVDBench,2pDPK0Oi2nE_31_0to132,aigvdbench:2pDPK0Oi2nE_31_0to132,train,train,0,,real_video,2pDPK0Oi2nE_31_0to132.mp4,c4e31221df22d5574e9cd0592b8f62b6dbb620e2a58783f845a90afadd16d413,073a33932b33637cfc21be7afb7ba940cff5d4e9b86afd4e069646483b134535,AIGVDBench/Real/Real.zip,videos/2pDPK0Oi2nE_31_0to132.mp4,4113431,4113451,dataset_cc_by_4_0_component_partial,not_downloaded
open_sora::2pDPK0Oi2nE_31_0to132,AIGVDBench,2pDPK0Oi2nE_31_0to132,aigvdbench:2pDPK0Oi2nE_31_0to132,train,train,1,Open-Sora,text_to_video,2pDPK0Oi2nE_31_0to132.mp4,c4e31221df22d5574e9cd0592b8f62b6dbb620e2a58783f845a90afadd16d413,073a33932b33637cfc21be7afb7ba940cff5d4e9b86afd4e069646483b134535,AIGVDBench/OpenSource/T2V/Open-Sora.zip,videos/2pDPK0Oi2nE_31_0to132.mp4,74789,75556,dataset_cc_by_4_0_component_partial,not_downloaded
real::va98RlN_nAE_2_0to1495,AIGVDBench,va98RlN_nAE_2_0to1495,aigvdbench:va98RlN_nAE_2_0to1495,train,train,0,,real_video,va98RlN_nAE_2_0to1495.mp4,7772af97d9b281fc27d56cb78a21627fe383342deabaec056d9db9688538919c,073c9415a64877deb28f6980a9048036f07dee7092c867a1fd207aea87ea4219,AIGVDBench/Real/Real.zip,videos/va98RlN_nAE_2_0to1495.mp4,38334269,38339560,dataset_cc_by_4_0_component_partial,not_downloaded
open_sora::va98RlN_nAE_2_0to1495,AIGVDBench,va98RlN_nAE_2_0to1495,aigvdbench:va98RlN_nAE_2_0to1495,train,train,1,Open-Sora,text_to_video,va98RlN_nAE_2_0to1495.mp4,7772af97d9b281fc27d56cb78a21627fe383342deabaec056d9db9688538919c,073c9415a64877deb28f6980a9048036f07dee7092c867a1fd207aea87ea4219,AIGVDBench/OpenSource/T2V/Open-Sora.zip,videos/va98RlN_nAE_2_0to1495.mp4,40775,41659,dataset_cc_by_4_0_component_partial,not_downloaded
real::mbPhLYw0TWI_1_0to261,AIGVDBench,mbPhLYw0TWI_1_0to261,aigvdbench:mbPhLYw0TWI_1_0to261,train,train,0,,real_video,mbPhLYw0TWI_1_0to261.mp4,404f1cd20f45cec6169bd60475a488a6e20f35213f22ad7f33596ce68da09884,073f7fde37955cf3ff94837e1415372f6b9c4883d3ab4e106d3439833f7aa2e2,AIGVDBench/Real/Real.zip,videos/mbPhLYw0TWI_1_0to261.mp4,2719440,2720968,dataset_cc_by_4_0_component_partial,not_downloaded
open_sora::mbPhLYw0TWI_1_0to261,AIGVDBench,mbPhLYw0TWI_1_0to261,aigvdbench:mbPhLYw0TWI_1_0to261,train,train,1,Open-Sora,text_to_video,mbPhLYw0TWI_1_0to261.mp4,404f1cd20f45cec6169bd60475a488a6e20f35213f22ad7f33596ce68da09884,073f7fde37955cf3ff94837e1415372f6b9c4883d3ab4e106d3439833f7aa2e2,AIGVDBench/OpenSource/T2V/Open-Sora.zip,videos/mbPhLYw0TWI_1_0to261.mp4,46545,47367,dataset_cc_by_4_0_component_partial,not_downloaded
real::vMbQHNOmo8k_23_0to107,AIGVDBench,vMbQHNOmo8k_23_0to107,aigvdbench:vMbQHNOmo8k_23_0to107,train,train,0,,real_video,vMbQHNOmo8k_23_0to107.mp4,153c04db325d62ba4016cc54f7d670836f80eb04267e26a9f2b46d4eb815c6fc,0742624f8d68f1f7d6ccda5df1fa44f0c780c405cf2b2b33647b980928c45a3a,AIGVDBench/Real/Real.zip,videos/vMbQHNOmo8k_23_0to107.mp4,1886101,1887096,dataset_cc_by_4_0_component_partial,not_downloaded
open_sora::vMbQHNOmo8k_23_0to107,AIGVDBench,vMbQHNOmo8k_23_0to107,aigvdbench:vMbQHNOmo8k_23_0to107,train,train,1,Open-Sora,text_to_video,vMbQHNOmo8k_23_0to107.mp4,153c04db325d62ba4016cc54f7d670836f80eb04267e26a9f2b46d4eb815c6fc,0742624f8d68f1f7d6ccda5df1fa44f0c780c405cf2b2b33647b980928c45a3a,AIGVDBench/OpenSource/T2V/Open-Sora.zip,videos/vMbQHNOmo8k_23_0to107.mp4,50057,50903,dataset_cc_by_4_0_component_partial,not_downloaded
real::Syff4tqo7w0_110_63to221,AIGVDBench,Syff4tqo7w0_110_63to221,aigvdbench:Syff4tqo7w0_110_63to221,train,train,0,,real_video,Syff4tqo7w0_110_63to221.mp4,18377c9077c9ede4771a10cce09c5446f779ef64d26bc1dbf047419fc050ba02,0748e8c71ce0911cfcf5b7c7ae69f597de74bfc5629710597fdaeacf50f436e2,AIGVDBench/Real/Real.zip,videos/Syff4tqo7w0_110_63to221.mp4,1208440,1209260,dataset_cc_by_4_0_component_partial,not_downloaded
open_sora::Syff4tqo7w0_110_63to221,AIGVDBench,Syff4tqo7w0_110_63to221,aigvdbench:Syff4tqo7w0_110_63to221,train,train,1,Open-Sora,text_to_video,Syff4tqo7w0_110_63to221.mp4,18377c9077c9ede4771a10cce09c5446f779ef64d26bc1dbf047419fc050ba02,0748e8c71ce0911cfcf5b7c7ae69f597de74bfc5629710597fdaeacf50f436e2,AIGVDBench/OpenSource/T2V/Open-Sora.zip,videos/Syff4tqo7w0_110_63to221.mp4,61212,61983,dataset_cc_by_4_0_component_partial,not_downloaded
real::j_sZOexT9qU_59_0to149,AIGVDBench,j_sZOexT9qU_59_0to149,aigvdbench:j_sZOexT9qU_59_0to149,train,train,0,,real_video,j_sZOexT9qU_59_0to149.mp4,55c8da52ef9cc5a179343cae1436fc6b3c01d1114f4fec2bb5e16ac538806ae7,0749ecb4d046c6fac0e93ac790e848bff73c50e5d23eba563bf97eb3ca656033,AIGVDBench/Real/Real.zip,videos/j_sZOexT9qU_59_0to149.mp4,3058270,3058666,dataset_cc_by_4_0_component_partial,not_downloaded
open_sora::j_sZOexT9qU_59_0to149,AIGVDBench,j_sZOexT9qU_59_0to149,aigvdbench:j_sZOexT9qU_59_0to149,train,train,1,Open-Sora,text_to_video,j_sZOexT9qU_59_0to149.mp4,55c8da52ef9cc5a179343cae1436fc6b3c01d1114f4fec2bb5e16ac538806ae7,0749ecb4d046c6fac0e93ac790e848bff73c50e5d23eba563bf97eb3ca656033,AIGVDBench/OpenSource/T2V/Open-Sora.zip,videos/j_sZOexT9qU_59_0to149.mp4,42639,43517,dataset_cc_by_4_0_component_partial,not_downloaded
real::TCIGV7Zyvog_50_72to192,AIGVDBench,TCIGV7Zyvog_50_72to192,aigvdbench:TCIGV7Zyvog_50_72to192,train,train,0,,real_video,TCIGV7Zyvog_50_72to192.mp4,f3ceedae971d46d8f06891b4dae73ed06af4449267907f504246deabb05c1fdd,0750b5771bf7e8e4473590ac0440803c894040f4cd867f78d3cb08e4a8442872,AIGVDBench/Real/Real.zip,videos/TCIGV7Zyvog_50_72to192.mp4,2970597,2970806,dataset_cc_by_4_0_component_partial,not_downloaded
open_sora::TCIGV7Zyvog_50_72to192,AIGVDBench,TCIGV7Zyvog_50_72to192,aigvdbench:TCIGV7Zyvog_50_72to192,train,train,1,Open-Sora,text_to_video,TCIGV7Zyvog_50_72to192.mp4,f3ceedae971d46d8f06891b4dae73ed06af4449267907f504246deabb05c1fdd,0750b5771bf7e8e4473590ac0440803c894040f4cd867f78d3cb08e4a8442872,AIGVDBench/OpenSource/T2V/Open-Sora.zip,videos/TCIGV7Zyvog_50_72to192.mp4,51681,52528,dataset_cc_by_4_0_component_partial,not_downloaded
real::lV0yvykKALc_368_105to235,AIGVDBench,lV0yvykKALc_368_105to235,aigvdbench:lV0yvykKALc_368_105to235,train,train,0,,real_video,lV0yvykKALc_368_105to235.mp4,402c246173a624500adeeabfb1fc7494a7a20ccf57ff39b7dc7442f8de3ccf7c,07519778031c7783c042e7cb4ca29fbaefcb41d9c43b4616114d78d4a012f0e2,AIGVDBench/Real/Real.zip,videos/lV0yvykKALc_368_105to235.mp4,3020924,3021350,dataset_cc_by_4_0_component_partial,not_downloaded
open_sora::lV0yvykKALc_368_105to235,AIGVDBench,lV0yvykKALc_368_105to235,aigvdbench:lV0yvykKALc_368_105to235,train,train,1,Open-Sora,text_to_video,lV0yvykKALc_368_105to235.mp4,402c246173a624500adeeabfb1fc7494a7a20ccf57ff39b7dc7442f8de3ccf7c,07519778031c7783c042e7cb4ca29fbaefcb41d9c43b4616114d78d4a012f0e2,AIGVDBench/OpenSource/T2V/Open-Sora.zip,videos/lV0yvykKALc_368_105to235.mp4,54311,55068,dataset_cc_by_4_0_component_partial,not_downloaded
real::sUR4aiCMLDg_14_0to196,AIGVDBench,sUR4aiCMLDg_14_0to196,aigvdbench:sUR4aiCMLDg_14_0to196,train,train,0,,real_video,sUR4aiCMLDg_14_0to196.mp4,87ebd95fadb489d47a6eca63e597aa840b9659e7cff44c58a43d28307ca73bc3,075295ea3b246dd6c05af7ab9abbc8347f2b820d0c76ee6c02b4e03e1c27a2ca,AIGVDBench/Real/Real.zip,videos/sUR4aiCMLDg_14_0to196.mp4,4426314,4426782,dataset_cc_by_4_0_component_partial,not_downloaded
open_sora::sUR4aiCMLDg_14_0to196,AIGVDBench,sUR4aiCMLDg_14_0to196,aigvdbench:sUR4aiCMLDg_14_0to196,train,train,1,Open-Sora,text_to_video,sUR4aiCMLDg_14_0to196.mp4,87ebd95fadb489d47a6eca63e597aa840b9659e7cff44c58a43d28307ca73bc3,075295ea3b246dd6c05af7ab9abbc8347f2b820d0c76ee6c02b4e03e1c27a2ca,AIGVDBench/OpenSource/T2V/Open-Sora.zip,videos/sUR4aiCMLDg_14_0to196.mp4,53388,54225,dataset_cc_by_4_0_component_partial,not_downloaded
real::jZ0BPkVx5Ds_15_76to220,AIGVDBench,jZ0BPkVx5Ds_15_76to220,aigvdbench:jZ0BPkVx5Ds_15_76to220,train,train,0,,real_video,jZ0BPkVx5Ds_15_76to220.mp4,c1e7053d8bfef26035daa1c57d3af2ba77ad955cadd1510bf353772fcf231dad,07611e8606db65a22b7c7987809ec31ea15e14f0b324cbedd573cad8459a62ba,AIGVDBench/Real/Real.zip,videos/jZ0BPkVx5Ds_15_76to220.mp4,2289998,2290359,dataset_cc_by_4_0_component_partial,not_downloaded
open_sora::jZ0BPkVx5Ds_15_76to220,AIGVDBench,jZ0BPkVx5Ds_15_76to220,aigvdbench:jZ0BPkVx5Ds_15_76to220,train,train,1,Open-Sora,text_to_video,jZ0BPkVx5Ds_15_76to220.mp4,c1e7053d8bfef26035daa1c57d3af2ba77ad955cadd1510bf353772fcf231dad,07611e8606db65a22b7c7987809ec31ea15e14f0b324cbedd573cad8459a62ba,AIGVDBench/OpenSource/T2V/Open-Sora.zip,videos/jZ0BPkVx5Ds_15_76to220.mp4,76685,77457,dataset_cc_by_4_0_component_partial,not_downloaded
real::3YMQxmNWVkI_41_0to296,AIGVDBench,3YMQxmNWVkI_41_0to296,aigvdbench:3YMQxmNWVkI_41_0to296,train,train,0,,real_video,3YMQxmNWVkI_41_0to296.mp4,71790574383a349b4f56ab62935f2e431d8462309ba88a5fac4a3dba2bfb5d44,076258e1ead178485ee704b79c13f0556757abef126239abcac9f44d0b8646e0,AIGVDBench/Real/Real.zip,videos/3YMQxmNWVkI_41_0to296.mp4,4369399,4370410,dataset_cc_by_4_0_component_partial,not_downloaded
open_sora::3YMQxmNWVkI_41_0to296,AIGVDBench,3YMQxmNWVkI_41_0to296,aigvdbench:3YMQxmNWVkI_41_0to296,train,train,1,Open-Sora,text_to_video,3YMQxmNWVkI_41_0to296.mp4,71790574383a349b4f56ab62935f2e431d8462309ba88a5fac4a3dba2bfb5d44,076258e1ead178485ee704b79c13f0556757abef126239abcac9f44d0b8646e0,AIGVDBench/OpenSource/T2V/Open-Sora.zip,videos/3YMQxmNWVkI_41_0to296.mp4,51523,52344,dataset_cc_by_4_0_component_partial,not_downloaded
real::O2eTjinMQA8_2_0to1072,AIGVDBench,O2eTjinMQA8_2_0to1072,aigvdbench:O2eTjinMQA8_2_0to1072,train,train,0,,real_video,O2eTjinMQA8_2_0to1072.mp4,4cdb4f922f2d7649e99e2e35138ef1e67c2068cf069cebe94ad9273d99274021,0765843d9f11d94a9ae6945409885d34df0f48262ac86104c07162164d284fd9,AIGVDBench/Real/Real.zip,videos/O2eTjinMQA8_2_0to1072.mp4,17768204,17772435,dataset_cc_by_4_0_component_partial,not_downloaded
open_sora::O2eTjinMQA8_2_0to1072,AIGVDBench,O2eTjinMQA8_2_0to1072,aigvdbench:O2eTjinMQA8_2_0to1072,train,train,1,Open-Sora,text_to_video,O2eTjinMQA8_2_0to1072.mp4,4cdb4f922f2d7649e99e2e35138ef1e67c2068cf069cebe94ad9273d99274021,0765843d9f11d94a9ae6945409885d34df0f48262ac86104c07162164d284fd9,AIGVDBench/OpenSource/T2V/Open-Sora.zip,videos/O2eTjinMQA8_2_0to1072.mp4,41686,42487,dataset_cc_by_4_0_component_partial,not_downloaded
real::WOqEXH58-dA_25_0to114,AIGVDBench,WOqEXH58-dA_25_0to114,aigvdbench:WOqEXH58-dA_25_0to114,train,train,0,,real_video,WOqEXH58-dA_25_0to114.mp4,54680299fd9fd5194973a5da697f4d79dd2f3e385c292f858ddd39463c770103,0766802a197660a941d75af2cea69225c28dfd7110d497ccc939ee051848c69f,AIGVDBench/Real/Real.zip,videos/WOqEXH58-dA_25_0to114.mp4,1145715,1146191,dataset_cc_by_4_0_component_partial,not_downloaded
open_sora::WOqEXH58-dA_25_0to114,AIGVDBench,WOqEXH58-dA_25_0to114,aigvdbench:WOqEXH58-dA_25_0to114,train,train,1,Open-Sora,text_to_video,WOqEXH58-dA_25_0to114.mp4,54680299fd9fd5194973a5da697f4d79dd2f3e385c292f858ddd39463c770103,0766802a197660a941d75af2cea69225c28dfd7110d497ccc939ee051848c69f,AIGVDBench/OpenSource/T2V/Open-Sora.zip,videos/WOqEXH58-dA_25_0to114.mp4,55884,56657,dataset_cc_by_4_0_component_partial,not_downloaded
real::Tcn1Tu4pmsY_5_0to104,AIGVDBench,Tcn1Tu4pmsY_5_0to104,aigvdbench:Tcn1Tu4pmsY_5_0to104,train,train,0,,real_video,Tcn1Tu4pmsY_5_0to104.mp4,5d1c1ccdd15441e26207fa88429842bf36aaf4da5f54e799e2a8c9134d53bc25,0768d11a61c5578f2b5b001a070958f17be8abb027f99ada7eb32700d59259ea,AIGVDBench/Real/Real.zip,videos/Tcn1Tu4pmsY_5_0to104.mp4,1307502,1308562,dataset_cc_by_4_0_component_partial,not_downloaded
open_sora::Tcn1Tu4pmsY_5_0to104,AIGVDBench,Tcn1Tu4pmsY_5_0to104,aigvdbench:Tcn1Tu4pmsY_5_0to104,train,train,1,Open-Sora,text_to_video,Tcn1Tu4pmsY_5_0to104.mp4,5d1c1ccdd15441e26207fa88429842bf36aaf4da5f54e799e2a8c9134d53bc25,0768d11a61c5578f2b5b001a070958f17be8abb027f99ada7eb32700d59259ea,AIGVDBench/OpenSource/T2V/Open-Sora.zip,videos/Tcn1Tu4pmsY_5_0to104.mp4,48967,49788,dataset_cc_by_4_0_component_partial,not_downloaded
real::6tmVWo-YUEc_17_27to141,AIGVDBench,6tmVWo-YUEc_17_27to141,aigvdbench:6tmVWo-YUEc_17_27to141,train,train,0,,real_video,6tmVWo-YUEc_17_27to141.mp4,ec5a39551565ae8be99ebc909d1b295e1b2aa7e53a4de7fb43c6a6a335f58e7f,076cb80122a78593a6ec5419a47e7586a5bb6c358a64950f618c636a94adcec2,AIGVDBench/Real/Real.zip,videos/6tmVWo-YUEc_17_27to141.mp4,952848,953490,dataset_cc_by_4_0_component_partial,not_downloaded
open_sora::6tmVWo-YUEc_17_27to141,AIGVDBench,6tmVWo-YUEc_17_27to141,aigvdbench:6tmVWo-YUEc_17_27to141,train,train,1,Open-Sora,text_to_video,6tmVWo-YUEc_17_27to141.mp4,ec5a39551565ae8be99ebc909d1b295e1b2aa7e53a4de7fb43c6a6a335f58e7f,076cb80122a78593a6ec5419a47e7586a5bb6c358a64950f618c636a94adcec2,AIGVDBench/OpenSource/T2V/Open-Sora.zip,videos/6tmVWo-YUEc_17_27to141.mp4,39671,40519,dataset_cc_by_4_0_component_partial,not_downloaded
real::iEz91Wn5XnQ_134_30to149,AIGVDBench,iEz91Wn5XnQ_134_30to149,aigvdbench:iEz91Wn5XnQ_134_30to149,train,train,0,,real_video,iEz91Wn5XnQ_134_30to149.mp4,0acdf0ff8c8897611a9b7e82f75d522c24f76a13883f8edd2fea0e70b45650cb,076e439aea451a37153b3e7e8740e6c4f34c063c7e74833318fac94f18da0347,AIGVDBench/Real/Real.zip,videos/iEz91Wn5XnQ_134_30to149.mp4,1514667,1515196,dataset_cc_by_4_0_component_partial,not_downloaded
open_sora::iEz91Wn5XnQ_134_30to149,AIGVDBench,iEz91Wn5XnQ_134_30to149,aigvdbench:iEz91Wn5XnQ_134_30to149,train,train,1,Open-Sora,text_to_video,iEz91Wn5XnQ_134_30to149.mp4,0acdf0ff8c8897611a9b7e82f75d522c24f76a13883f8edd2fea0e70b45650cb,076e439aea451a37153b3e7e8740e6c4f34c063c7e74833318fac94f18da0347,AIGVDBench/OpenSource/T2V/Open-Sora.zip,videos/iEz91Wn5XnQ_134_30to149.mp4,49429,50198,dataset_cc_by_4_0_component_partial,not_downloaded
real::yh-5NAtulks_26_0to107,AIGVDBench,yh-5NAtulks_26_0to107,aigvdbench:yh-5NAtulks_26_0to107,train,train,0,,real_video,yh-5NAtulks_26_0to107.mp4,3c57f8a85c6f2c95a0f7c8f4753c45891739484a00fd4c1dd9d30f6835c91472,076ede7435d5e7d7b5d910268a6ceffd372e749ef276d8e111550c74baf9e67f,AIGVDBench/Real/Real.zip,videos/yh-5NAtulks_26_0to107.mp4,2010961,2011302,dataset_cc_by_4_0_component_partial,not_downloaded
open_sora::yh-5NAtulks_26_0to107,AIGVDBench,yh-5NAtulks_26_0to107,aigvdbench:yh-5NAtulks_26_0to107,train,train,1,Open-Sora,text_to_video,yh-5NAtulks_26_0to107.mp4,3c57f8a85c6f2c95a0f7c8f4753c45891739484a00fd4c1dd9d30f6835c91472,076ede7435d5e7d7b5d910268a6ceffd372e749ef276d8e111550c74baf9e67f,AIGVDBench/OpenSource/T2V/Open-Sora.zip,videos/yh-5NAtulks_26_0to107.mp4,54474,55236,dataset_cc_by_4_0_component_partial,not_downloaded
real::MLKrmw906TM_26_23to307,AIGVDBench,MLKrmw906TM_26_23to307,aigvdbench:MLKrmw906TM_26_23to307,train,train,0,,real_video,MLKrmw906TM_26_23to307.mp4,5f8c6d0bf246c84a63edf8672b513378ced53939c05dcf06833987577e5cd9f0,0770263713119fbf2bd501607eaa5e20995957044bcb6ca950da5c10f883372a,AIGVDBench/Real/Real.zip,videos/MLKrmw906TM_26_23to307.mp4,2895339,2896451,dataset_cc_by_4_0_component_partial,not_downloaded
open_sora::MLKrmw906TM_26_23to307,AIGVDBench,MLKrmw906TM_26_23to307,aigvdbench:MLKrmw906TM_26_23to307,train,train,1,Open-Sora,text_to_video,MLKrmw906TM_26_23to307.mp4,5f8c6d0bf246c84a63edf8672b513378ced53939c05dcf06833987577e5cd9f0,0770263713119fbf2bd501607eaa5e20995957044bcb6ca950da5c10f883372a,AIGVDBench/OpenSource/T2V/Open-Sora.zip,videos/MLKrmw906TM_26_23to307.mp4,54530,55258,dataset_cc_by_4_0_component_partial,not_downloaded
real::MqYPKimycmI_19_106to230,AIGVDBench,MqYPKimycmI_19_106to230,aigvdbench:MqYPKimycmI_19_106to230,train,train,0,,real_video,MqYPKimycmI_19_106to230.mp4,0d3a6ad9dbbb06c1423e73306466490d37bad369dd141498a20bba9427e5ba4a,07702898d93d882c235e88058b8255ff81e263ab83ef5d12d7f8deb529a27d1f,AIGVDBench/Real/Real.zip,videos/MqYPKimycmI_19_106to230.mp4,2992775,2992989,dataset_cc_by_4_0_component_partial,not_downloaded
open_sora::MqYPKimycmI_19_106to230,AIGVDBench,MqYPKimycmI_19_106to230,aigvdbench:MqYPKimycmI_19_106to230,train,train,1,Open-Sora,text_to_video,MqYPKimycmI_19_106to230.mp4,0d3a6ad9dbbb06c1423e73306466490d37bad369dd141498a20bba9427e5ba4a,07702898d93d882c235e88058b8255ff81e263ab83ef5d12d7f8deb529a27d1f,AIGVDBench/OpenSource/T2V/Open-Sora.zip,videos/MqYPKimycmI_19_106to230.mp4,65231,66052,dataset_cc_by_4_0_component_partial,not_downloaded
real::zkslGsxPw7w_3_85to802,AIGVDBench,zkslGsxPw7w_3_85to802,aigvdbench:zkslGsxPw7w_3_85to802,train,train,0,,real_video,zkslGsxPw7w_3_85to802.mp4,a81b7daeb1398faf389466ff3bde0b42e5f245553f374094adfb93b2abedd907,077273f9550902ae21d08198e037acd0ae340564da98aa0c21c8c3fb2742e945,AIGVDBench/Real/Real.zip,videos/zkslGsxPw7w_3_85to802.mp4,10818261,10822597,dataset_cc_by_4_0_component_partial,not_downloaded
open_sora::zkslGsxPw7w_3_85to802,AIGVDBench,zkslGsxPw7w_3_85to802,aigvdbench:zkslGsxPw7w_3_85to802,train,train,1,Open-Sora,text_to_video,zkslGsxPw7w_3_85to802.mp4,a81b7daeb1398faf389466ff3bde0b42e5f245553f374094adfb93b2abedd907,077273f9550902ae21d08198e037acd0ae340564da98aa0c21c8c3fb2742e945,AIGVDBench/OpenSource/T2V/Open-Sora.zip,videos/zkslGsxPw7w_3_85to802.mp4,57384,58122,dataset_cc_by_4_0_component_partial,not_downloaded
real::Stg7i3xsOMg_1_106to307,AIGVDBench,Stg7i3xsOMg_1_106to307,aigvdbench:Stg7i3xsOMg_1_106to307,train,train,0,,real_video,Stg7i3xsOMg_1_106to307.mp4,796c02e2f4007ff7a3e4311189d07c7114b9f9e31715afb62a1a6511c4119379,0774e961015a1c086835113a8cc8d1262c3a827aaa6506e1765ceb99272c7d20,AIGVDBench/Real/Real.zip,videos/Stg7i3xsOMg_1_106to307.mp4,2785773,2786711,dataset_cc_by_4_0_component_partial,not_downloaded
open_sora::Stg7i3xsOMg_1_106to307,AIGVDBench,Stg7i3xsOMg_1_106to307,aigvdbench:Stg7i3xsOMg_1_106to307,train,train,1,Open-Sora,text_to_video,Stg7i3xsOMg_1_106to307.mp4,796c02e2f4007ff7a3e4311189d07c7114b9f9e31715afb62a1a6511c4119379,0774e961015a1c086835113a8cc8d1262c3a827aaa6506e1765ceb99272c7d20,AIGVDBench/OpenSource/T2V/Open-Sora.zip,videos/Stg7i3xsOMg_1_106to307.mp4,38426,39342,dataset_cc_by_4_0_component_partial,not_downloaded
real::utedyJ7QRBs_0_728to926,AIGVDBench,utedyJ7QRBs_0_728to926,aigvdbench:utedyJ7QRBs_0_728to926,train,train,0,,real_video,utedyJ7QRBs_0_728to926.mp4,a46d772538fdab4ad6c7d4ec57a24639ba3853ce390baaf8a7ba97e977fa90bb,0775ef465b1038c2b54c6f8fec9890f1fa98fe624fa9790962ba390939577822,AIGVDBench/Real/Real.zip,videos/utedyJ7QRBs_0_728to926.mp4,1758759,1759424,dataset_cc_by_4_0_component_partial,not_downloaded
open_sora::utedyJ7QRBs_0_728to926,AIGVDBench,utedyJ7QRBs_0_728to926,aigvdbench:utedyJ7QRBs_0_728to926,train,train,1,Open-Sora,text_to_video,utedyJ7QRBs_0_728to926.mp4,a46d772538fdab4ad6c7d4ec57a24639ba3853ce390baaf8a7ba97e977fa90bb,0775ef465b1038c2b54c6f8fec9890f1fa98fe624fa9790962ba390939577822,AIGVDBench/OpenSource/T2V/Open-Sora.zip,videos/utedyJ7QRBs_0_728to926.mp4,19369,20503,dataset_cc_by_4_0_component_partial,not_downloaded
real::GqlqMUy-gKM_15_0to140,AIGVDBench,GqlqMUy-gKM_15_0to140,aigvdbench:GqlqMUy-gKM_15_0to140,train,train,0,,real_video,GqlqMUy-gKM_15_0to140.mp4,99097013d7d2c1e54f2df47fa0f7fb79fc81462a865fc9b560da0be63ff8030b,077ecfa166e2f5421967806153dfea7144095cc7c8c43ed2f776891722a97fa4,AIGVDBench/Real/Real.zip,videos/GqlqMUy-gKM_15_0to140.mp4,2408133,2408534,dataset_cc_by_4_0_component_partial,not_downloaded
open_sora::GqlqMUy-gKM_15_0to140,AIGVDBench,GqlqMUy-gKM_15_0to140,aigvdbench:GqlqMUy-gKM_15_0to140,train,train,1,Open-Sora,text_to_video,GqlqMUy-gKM_15_0to140.mp4,99097013d7d2c1e54f2df47fa0f7fb79fc81462a865fc9b560da0be63ff8030b,077ecfa166e2f5421967806153dfea7144095cc7c8c43ed2f776891722a97fa4,AIGVDBench/OpenSource/T2V/Open-Sora.zip,videos/GqlqMUy-gKM_15_0to140.mp4,58686,59491,dataset_cc_by_4_0_component_partial,not_downloaded
real::SMCOgb9WbmA_93_24to125,AIGVDBench,SMCOgb9WbmA_93_24to125,aigvdbench:SMCOgb9WbmA_93_24to125,train,train,0,,real_video,SMCOgb9WbmA_93_24to125.mp4,b0e4f133d09ead06498d0e4009c10c122b199095aa47696723cb45640afd7ec9,077f7340f51818d84c5eeff4f3f28bc4b92d15cf0f439988881cd7c6faa0d245,AIGVDBench/Real/Real.zip,videos/SMCOgb9WbmA_93_24to125.mp4,4077197,4077196,dataset_cc_by_4_0_component_partial,not_downloaded
open_sora::SMCOgb9WbmA_93_24to125,AIGVDBench,SMCOgb9WbmA_93_24to125,aigvdbench:SMCOgb9WbmA_93_24to125,train,train,1,Open-Sora,text_to_video,SMCOgb9WbmA_93_24to125.mp4,b0e4f133d09ead06498d0e4009c10c122b199095aa47696723cb45640afd7ec9,077f7340f51818d84c5eeff4f3f28bc4b92d15cf0f439988881cd7c6faa0d245,AIGVDBench/OpenSource/T2V/Open-Sora.zip,videos/SMCOgb9WbmA_93_24to125.mp4,93802,94545,dataset_cc_by_4_0_component_partial,not_downloaded
real::95TU5NOnLgQ_44_107to216,AIGVDBench,95TU5NOnLgQ_44_107to216,aigvdbench:95TU5NOnLgQ_44_107to216,train,train,0,,real_video,95TU5NOnLgQ_44_107to216.mp4,bdce0996d0cb6039b23265eb75256d65a8b5428ad5664cc40cf5e3f0d6cde1dc,0783dc3a8cc8421f942380724d95ea58a6726869d2c824c03982b46d97582cb0,AIGVDBench/Real/Real.zip,videos/95TU5NOnLgQ_44_107to216.mp4,1871765,1872138,dataset_cc_by_4_0_component_partial,not_downloaded
open_sora::95TU5NOnLgQ_44_107to216,AIGVDBench,95TU5NOnLgQ_44_107to216,aigvdbench:95TU5NOnLgQ_44_107to216,train,train,1,Open-Sora,text_to_video,95TU5NOnLgQ_44_107to216.mp4,bdce0996d0cb6039b23265eb75256d65a8b5428ad5664cc40cf5e3f0d6cde1dc,0783dc3a8cc8421f942380724d95ea58a6726869d2c824c03982b46d97582cb0,AIGVDBench/OpenSource/T2V/Open-Sora.zip,videos/95TU5NOnLgQ_44_107to216.mp4,58853,59648,dataset_cc_by_4_0_component_partial,not_downloaded
real::or_j2KGveyE_0_0to115,AIGVDBench,or_j2KGveyE_0_0to115,aigvdbench:or_j2KGveyE_0_0to115,train,train,0,,real_video,or_j2KGveyE_0_0to115.mp4,2d2cadc5c7fa51b280ba5aa9aa6c2153506146b8f352506de5669f41c93b38a7,0783e1b7adf0adcf5ee6fded507dfb787a01404fe7c3a69a5f19ca354cb26ec8,AIGVDBench/Real/Real.zip,videos/or_j2KGveyE_0_0to115.mp4,1874344,1875166,dataset_cc_by_4_0_component_partial,not_downloaded
open_sora::or_j2KGveyE_0_0to115,AIGVDBench,or_j2KGveyE_0_0to115,aigvdbench:or_j2KGveyE_0_0to115,train,train,1,Open-Sora,text_to_video,or_j2KGveyE_0_0to115.mp4,2d2cadc5c7fa51b280ba5aa9aa6c2153506146b8f352506de5669f41c93b38a7,0783e1b7adf0adcf5ee6fded507dfb787a01404fe7c3a69a5f19ca354cb26ec8,AIGVDBench/OpenSource/T2V/Open-Sora.zip,videos/or_j2KGveyE_0_0to115.mp4,35491,36404,dataset_cc_by_4_0_component_partial,not_downloaded
real::uT5Drjfx8ho_16_0to201,AIGVDBench,uT5Drjfx8ho_16_0to201,aigvdbench:uT5Drjfx8ho_16_0to201,train,train,0,,real_video,uT5Drjfx8ho_16_0to201.mp4,2ad0ae316cc4c9e109349cbe687bddb458a30f8f3a3b5c9161a92825dd65df3b,0786025f8e27939a0bcd7dea2d38461d7ad6dfaabc281467c0c4cef8117a24c1,AIGVDBench/Real/Real.zip,videos/uT5Drjfx8ho_16_0to201.mp4,2843825,2844654,dataset_cc_by_4_0_component_partial,not_downloaded
open_sora::uT5Drjfx8ho_16_0to201,AIGVDBench,uT5Drjfx8ho_16_0to201,aigvdbench:uT5Drjfx8ho_16_0to201,train,train,1,Open-Sora,text_to_video,uT5Drjfx8ho_16_0to201.mp4,2ad0ae316cc4c9e109349cbe687bddb458a30f8f3a3b5c9161a92825dd65df3b,0786025f8e27939a0bcd7dea2d38461d7ad6dfaabc281467c0c4cef8117a24c1,AIGVDBench/OpenSource/T2V/Open-Sora.zip,videos/uT5Drjfx8ho_16_0to201.mp4,53752,54538,dataset_cc_by_4_0_component_partial,not_downloaded
real::iVBLJnLJgLk_9_0to115,AIGVDBench,iVBLJnLJgLk_9_0to115,aigvdbench:iVBLJnLJgLk_9_0to115,train,train,0,,real_video,iVBLJnLJgLk_9_0to115.mp4,38fb4f6dbc0139b11f108aa7e951b34e2713137f1abcc6784bd0df49dd945d91,078615567ea4dd50d89544e126820dad622d03307e1df5093f46d2ca14b53753,AIGVDBench/Real/Real.zip,videos/iVBLJnLJgLk_9_0to115.mp4,2734259,2734540,dataset_cc_by_4_0_component_partial,not_downloaded
open_sora::iVBLJnLJgLk_9_0to115,AIGVDBench,iVBLJnLJgLk_9_0to115,aigvdbench:iVBLJnLJgLk_9_0to115,train,train,1,Open-Sora,text_to_video,iVBLJnLJgLk_9_0to115.mp4,38fb4f6dbc0139b11f108aa7e951b34e2713137f1abcc6784bd0df49dd945d91,078615567ea4dd50d89544e126820dad622d03307e1df5093f46d2ca14b53753,AIGVDBench/OpenSource/T2V/Open-Sora.zip,videos/iVBLJnLJgLk_9_0to115.mp4,93390,94117,dataset_cc_by_4_0_component_partial,not_downloaded
real::1eV2Vwgvax8_200_117to221,AIGVDBench,1eV2Vwgvax8_200_117to221,aigvdbench:1eV2Vwgvax8_200_117to221,train,train,0,,real_video,1eV2Vwgvax8_200_117to221.mp4,7ee68f2e5389a13246075a0ed3362481b2a40f7347b4d68de41c6ec49f060745,078654ce93405cb4d0f87024f3f949462cfffbb71a572cc1b2517e54265df9c5,AIGVDBench/Real/Real.zip,videos/1eV2Vwgvax8_200_117to221.mp4,2402452,2403105,dataset_cc_by_4_0_component_partial,not_downloaded
open_sora::1eV2Vwgvax8_200_117to221,AIGVDBench,1eV2Vwgvax8_200_117to221,aigvdbench:1eV2Vwgvax8_200_117to221,train,train,1,Open-Sora,text_to_video,1eV2Vwgvax8_200_117to221.mp4,7ee68f2e5389a13246075a0ed3362481b2a40f7347b4d68de41c6ec49f060745,078654ce93405cb4d0f87024f3f949462cfffbb71a572cc1b2517e54265df9c5,AIGVDBench/OpenSource/T2V/Open-Sora.zip,videos/1eV2Vwgvax8_200_117to221.mp4,73041,73706,dataset_cc_by_4_0_component_partial,not_downloaded
real::bd-0jHY_A7U_14_0to145,AIGVDBench,bd-0jHY_A7U_14_0to145,aigvdbench:bd-0jHY_A7U_14_0to145,train,train,0,,real_video,bd-0jHY_A7U_14_0to145.mp4,559d8e3681cd2aecae2c5138a2f598d01cc53e42f908c2428d9eb46a3c6a5e42,078a714cf8d54387ba3b45803fb0b2fbf36934d839c6268cd265645baf789041,AIGVDBench/Real/Real.zip,videos/bd-0jHY_A7U_14_0to145.mp4,2299899,2300527,dataset_cc_by_4_0_component_partial,not_downloaded
open_sora::bd-0jHY_A7U_14_0to145,AIGVDBench,bd-0jHY_A7U_14_0to145,aigvdbench:bd-0jHY_A7U_14_0to145,train,train,1,Open-Sora,text_to_video,bd-0jHY_A7U_14_0to145.mp4,559d8e3681cd2aecae2c5138a2f598d01cc53e42f908c2428d9eb46a3c6a5e42,078a714cf8d54387ba3b45803fb0b2fbf36934d839c6268cd265645baf789041,AIGVDBench/OpenSource/T2V/Open-Sora.zip,videos/bd-0jHY_A7U_14_0to145.mp4,35611,36550,dataset_cc_by_4_0_component_partial,not_downloaded
real::my3ZfcTydcI_10_104to276,AIGVDBench,my3ZfcTydcI_10_104to276,aigvdbench:my3ZfcTydcI_10_104to276,train,train,0,,real_video,my3ZfcTydcI_10_104to276.mp4,64d1b5b47d382beebf8447f77eafe04aba9c3756cc09fdf0e2446360be4472a9,078d7c4373020cad1ef7e61059c0fc013a72e86ff8790c3bd6cf3ef4ebfed2bd,AIGVDBench/Real/Real.zip,videos/my3ZfcTydcI_10_104to276.mp4,3037807,3038641,dataset_cc_by_4_0_component_partial,not_downloaded
open_sora::my3ZfcTydcI_10_104to276,AIGVDBench,my3ZfcTydcI_10_104to276,aigvdbench:my3ZfcTydcI_10_104to276,train,train,1,Open-Sora,text_to_video,my3ZfcTydcI_10_104to276.mp4,64d1b5b47d382beebf8447f77eafe04aba9c3756cc09fdf0e2446360be4472a9,078d7c4373020cad1ef7e61059c0fc013a72e86ff8790c3bd6cf3ef4ebfed2bd,AIGVDBench/OpenSource/T2V/Open-Sora.zip,videos/my3ZfcTydcI_10_104to276.mp4,48598,49379,dataset_cc_by_4_0_component_partial,not_downloaded
real::amr5aVYjMfA_47_0to244,AIGVDBench,amr5aVYjMfA_47_0to244,aigvdbench:amr5aVYjMfA_47_0to244,train,train,0,,real_video,amr5aVYjMfA_47_0to244.mp4,636f0aa537b5fc7178dcd03f70f689a1828a7f147666702193306633d38272ef,078eab8ab559a932d0215a27fb8009d34bd2ba57ff418e79ac9537b2843d9078,AIGVDBench/Real/Real.zip,videos/amr5aVYjMfA_47_0to244.mp4,4638359,4639720,dataset_cc_by_4_0_component_partial,not_downloaded
open_sora::amr5aVYjMfA_47_0to244,AIGVDBench,amr5aVYjMfA_47_0to244,aigvdbench:amr5aVYjMfA_47_0to244,train,train,1,Open-Sora,text_to_video,amr5aVYjMfA_47_0to244.mp4,636f0aa537b5fc7178dcd03f70f689a1828a7f147666702193306633d38272ef,078eab8ab559a932d0215a27fb8009d34bd2ba57ff418e79ac9537b2843d9078,AIGVDBench/OpenSource/T2V/Open-Sora.zip,videos/amr5aVYjMfA_47_0to244.mp4,55332,56111,dataset_cc_by_4_0_component_partial,not_downloaded
real::q8sc0yY8njk_37_112to223,AIGVDBench,q8sc0yY8njk_37_112to223,aigvdbench:q8sc0yY8njk_37_112to223,train,train,0,,real_video,q8sc0yY8njk_37_112to223.mp4,745e368357160c25eb8d0f87925fe2c60b7b588cf6582c120d726b09e2d351e5,078fa2f3ad9705a243cf5878c108c25fa28c5637f7b28c7556ac01ce786ce35f,AIGVDBench/Real/Real.zip,videos/q8sc0yY8njk_37_112to223.mp4,1367901,1368832,dataset_cc_by_4_0_component_partial,not_downloaded
open_sora::q8sc0yY8njk_37_112to223,AIGVDBench,q8sc0yY8njk_37_112to223,aigvdbench:q8sc0yY8njk_37_112to223,train,train,1,Open-Sora,text_to_video,q8sc0yY8njk_37_112to223.mp4,745e368357160c25eb8d0f87925fe2c60b7b588cf6582c120d726b09e2d351e5,078fa2f3ad9705a243cf5878c108c25fa28c5637f7b28c7556ac01ce786ce35f,AIGVDBench/OpenSource/T2V/Open-Sora.zip,videos/q8sc0yY8njk_37_112to223.mp4,78658,79413,dataset_cc_by_4_0_component_partial,not_downloaded
real::O-H_Ybmtu_U_16_0to445,AIGVDBench,O-H_Ybmtu_U_16_0to445,aigvdbench:O-H_Ybmtu_U_16_0to445,train,train,0,,real_video,O-H_Ybmtu_U_16_0to445.mp4,34560c0a0e76c5c02d2be8b08bfb7cb69a30e18b0113bcee02eff25980556e45,07926f63898e72381f3551f1c38adb37bbc4b8c2275637b832f88d65f7fbd021,AIGVDBench/Real/Real.zip,videos/O-H_Ybmtu_U_16_0to445.mp4,4898067,4899679,dataset_cc_by_4_0_component_partial,not_downloaded
open_sora::O-H_Ybmtu_U_16_0to445,AIGVDBench,O-H_Ybmtu_U_16_0to445,aigvdbench:O-H_Ybmtu_U_16_0to445,train,train,1,Open-Sora,text_to_video,O-H_Ybmtu_U_16_0to445.mp4,34560c0a0e76c5c02d2be8b08bfb7cb69a30e18b0113bcee02eff25980556e45,07926f63898e72381f3551f1c38adb37bbc4b8c2275637b832f88d65f7fbd021,AIGVDBench/OpenSource/T2V/Open-Sora.zip,videos/O-H_Ybmtu_U_16_0to445.mp4,40316,41100,dataset_cc_by_4_0_component_partial,not_downloaded
real::SX0i_AOIlEg_0_0to130,AIGVDBench,SX0i_AOIlEg_0_0to130,aigvdbench:SX0i_AOIlEg_0_0to130,train,train,0,,real_video,SX0i_AOIlEg_0_0to130.mp4,2ed1f02a8de4faf00479c47e928f89e9456018692e093f0b1b9bc99275107efa,0792f61069b8595a3d8676dc88de58a79d142faf44789c579079a62427284ff9,AIGVDBench/Real/Real.zip,videos/SX0i_AOIlEg_0_0to130.mp4,1975227,1975751,dataset_cc_by_4_0_component_partial,not_downloaded
open_sora::SX0i_AOIlEg_0_0to130,AIGVDBench,SX0i_AOIlEg_0_0to130,aigvdbench:SX0i_AOIlEg_0_0to130,train,train,1,Open-Sora,text_to_video,SX0i_AOIlEg_0_0to130.mp4,2ed1f02a8de4faf00479c47e928f89e9456018692e093f0b1b9bc99275107efa,0792f61069b8595a3d8676dc88de58a79d142faf44789c579079a62427284ff9,AIGVDBench/OpenSource/T2V/Open-Sora.zip,videos/SX0i_AOIlEg_0_0to130.mp4,51276,52096,dataset_cc_by_4_0_component_partial,not_downloaded
real::iv9xwewntVA_7_140to280,AIGVDBench,iv9xwewntVA_7_140to280,aigvdbench:iv9xwewntVA_7_140to280,train,train,0,,real_video,iv9xwewntVA_7_140to280.mp4,084e6498a06751c698a6a267d87a697c4242863fb606d38015ab7de5c096b72a,0793f31d34c73dac0d6175536d9d5417878eeb84be7be466759d86758b3d4d35,AIGVDBench/Real/Real.zip,videos/iv9xwewntVA_7_140to280.mp4,2010952,2011478,dataset_cc_by_4_0_component_partial,not_downloaded
open_sora::iv9xwewntVA_7_140to280,AIGVDBench,iv9xwewntVA_7_140to280,aigvdbench:iv9xwewntVA_7_140to280,train,train,1,Open-Sora,text_to_video,iv9xwewntVA_7_140to280.mp4,084e6498a06751c698a6a267d87a697c4242863fb606d38015ab7de5c096b72a,0793f31d34c73dac0d6175536d9d5417878eeb84be7be466759d86758b3d4d35,AIGVDBench/OpenSource/T2V/Open-Sora.zip,videos/iv9xwewntVA_7_140to280.mp4,51272,52088,dataset_cc_by_4_0_component_partial,not_downloaded
real::xeXCnPHJRPA_28_0to331,AIGVDBench,xeXCnPHJRPA_28_0to331,aigvdbench:xeXCnPHJRPA_28_0to331,train,train,0,,real_video,xeXCnPHJRPA_28_0to331.mp4,e24e1c4cab1340c55776475a5809e8f0c9a7e32db814a6da42661ba9fe2fa521,0796d7573b0d78de7e600b94de1ae79005e22ef42eb16b14389870ebddc6c608,AIGVDBench/Real/Real.zip,videos/xeXCnPHJRPA_28_0to331.mp4,4942940,4943531,dataset_cc_by_4_0_component_partial,not_downloaded
open_sora::xeXCnPHJRPA_28_0to331,AIGVDBench,xeXCnPHJRPA_28_0to331,aigvdbench:xeXCnPHJRPA_28_0to331,train,train,1,Open-Sora,text_to_video,xeXCnPHJRPA_28_0to331.mp4,e24e1c4cab1340c55776475a5809e8f0c9a7e32db814a6da42661ba9fe2fa521,0796d7573b0d78de7e600b94de1ae79005e22ef42eb16b14389870ebddc6c608,AIGVDBench/OpenSource/T2V/Open-Sora.zip,videos/xeXCnPHJRPA_28_0to331.mp4,52808,53604,dataset_cc_by_4_0_component_partial,not_downloaded
real::avQ0EtONoq0_22_84to315,AIGVDBench,avQ0EtONoq0_22_84to315,aigvdbench:avQ0EtONoq0_22_84to315,train,train,0,,real_video,avQ0EtONoq0_22_84to315.mp4,f0954db9ad99076ecb926ccbb1163521923926a9648b7341f2dced53191b211f,079dc82e308a02893cf1c380dc69dd61f54d7c5e2907ec244db487b6d1317f44,AIGVDBench/Real/Real.zip,videos/avQ0EtONoq0_22_84to315.mp4,4144785,4145382,dataset_cc_by_4_0_component_partial,not_downloaded
open_sora::avQ0EtONoq0_22_84to315,AIGVDBench,avQ0EtONoq0_22_84to315,aigvdbench:avQ0EtONoq0_22_84to315,train,train,1,Open-Sora,text_to_video,avQ0EtONoq0_22_84to315.mp4,f0954db9ad99076ecb926ccbb1163521923926a9648b7341f2dced53191b211f,079dc82e308a02893cf1c380dc69dd61f54d7c5e2907ec244db487b6d1317f44,AIGVDBench/OpenSource/T2V/Open-Sora.zip,videos/avQ0EtONoq0_22_84to315.mp4,86148,86856,dataset_cc_by_4_0_component_partial,not_downloaded
real::pR76qfLvcwQ_38_0to160,AIGVDBench,pR76qfLvcwQ_38_0to160,aigvdbench:pR76qfLvcwQ_38_0to160,train,train,0,,real_video,pR76qfLvcwQ_38_0to160.mp4,6247cb5b9e865dbe389c78ec07c1e0e4c577f07381341334c57b468e52249a4a,07a2caa1b39e49b06ac01183eae2b9b1c4a59a94c7a9b7eee7369f5c3b50a7eb,AIGVDBench/Real/Real.zip,videos/pR76qfLvcwQ_38_0to160.mp4,3540063,3540573,dataset_cc_by_4_0_component_partial,not_downloaded
open_sora::pR76qfLvcwQ_38_0to160,AIGVDBench,pR76qfLvcwQ_38_0to160,aigvdbench:pR76qfLvcwQ_38_0to160,train,train,1,Open-Sora,text_to_video,pR76qfLvcwQ_38_0to160.mp4,6247cb5b9e865dbe389c78ec07c1e0e4c577f07381341334c57b468e52249a4a,07a2caa1b39e49b06ac01183eae2b9b1c4a59a94c7a9b7eee7369f5c3b50a7eb,AIGVDBench/OpenSource/T2V/Open-Sora.zip,videos/pR76qfLvcwQ_38_0to160.mp4,48699,49558,dataset_cc_by_4_0_component_partial,not_downloaded
real::A_aFnxsStao_2_0to797,AIGVDBench,A_aFnxsStao_2_0to797,aigvdbench:A_aFnxsStao_2_0to797,train,train,0,,real_video,A_aFnxsStao_2_0to797.mp4,542a11111aec3a3eb6ac9d5c12eb019b5773fce3f69be611ae71d78018ebca5d,07a5f9bad2d94b9c8c9c8a7b61c39e2e045815ee920332983ed9e534c8956043,AIGVDBench/Real/Real.zip,videos/A_aFnxsStao_2_0to797.mp4,12560700,12561798,dataset_cc_by_4_0_component_partial,not_downloaded
open_sora::A_aFnxsStao_2_0to797,AIGVDBench,A_aFnxsStao_2_0to797,aigvdbench:A_aFnxsStao_2_0to797,train,train,1,Open-Sora,text_to_video,A_aFnxsStao_2_0to797.mp4,542a11111aec3a3eb6ac9d5c12eb019b5773fce3f69be611ae71d78018ebca5d,07a5f9bad2d94b9c8c9c8a7b61c39e2e045815ee920332983ed9e534c8956043,AIGVDBench/OpenSource/T2V/Open-Sora.zip,videos/A_aFnxsStao_2_0to797.mp4,28048,28986,dataset_cc_by_4_0_component_partial,not_downloaded
real::BckyrcymtUk_65_0to136,AIGVDBench,BckyrcymtUk_65_0to136,aigvdbench:BckyrcymtUk_65_0to136,train,train,0,,real_video,BckyrcymtUk_65_0to136.mp4,35485b4e3007962af2aefbdd0e0040af8333018b39d694316f3b85edca804f2d,07a896d0be3f9b77aded6ea81fd5e4805f13a88f9643f16ee39def9d020db039,AIGVDBench/Real/Real.zip,videos/BckyrcymtUk_65_0to136.mp4,3192666,3193094,dataset_cc_by_4_0_component_partial,not_downloaded
open_sora::BckyrcymtUk_65_0to136,AIGVDBench,BckyrcymtUk_65_0to136,aigvdbench:BckyrcymtUk_65_0to136,train,train,1,Open-Sora,text_to_video,BckyrcymtUk_65_0to136.mp4,35485b4e3007962af2aefbdd0e0040af8333018b39d694316f3b85edca804f2d,07a896d0be3f9b77aded6ea81fd5e4805f13a88f9643f16ee39def9d020db039,AIGVDBench/OpenSource/T2V/Open-Sora.zip,videos/BckyrcymtUk_65_0to136.mp4,44144,45043,dataset_cc_by_4_0_component_partial,not_downloaded
real::Q66yzo2mBBI_1_0to109,AIGVDBench,Q66yzo2mBBI_1_0to109,aigvdbench:Q66yzo2mBBI_1_0to109,train,train,0,,real_video,Q66yzo2mBBI_1_0to109.mp4,747c9fe9df8b1d88b66e634dbdc2d74d6b7c9a25b3ed5b7e48202e638a0132e4,07b22d4c839a2bb8dd552b828d755c6202ffb4647ffe6a1b7ca86319de5b9942,AIGVDBench/Real/Real.zip,videos/Q66yzo2mBBI_1_0to109.mp4,1483635,1484001,dataset_cc_by_4_0_component_partial,not_downloaded
open_sora::Q66yzo2mBBI_1_0to109,AIGVDBench,Q66yzo2mBBI_1_0to109,aigvdbench:Q66yzo2mBBI_1_0to109,train,train,1,Open-Sora,text_to_video,Q66yzo2mBBI_1_0to109.mp4,747c9fe9df8b1d88b66e634dbdc2d74d6b7c9a25b3ed5b7e48202e638a0132e4,07b22d4c839a2bb8dd552b828d755c6202ffb4647ffe6a1b7ca86319de5b9942,AIGVDBench/OpenSource/T2V/Open-Sora.zip,videos/Q66yzo2mBBI_1_0to109.mp4,50292,51069,dataset_cc_by_4_0_component_partial,not_downloaded
real::1RxNjS_XTE4_11_0to181,AIGVDBench,1RxNjS_XTE4_11_0to181,aigvdbench:1RxNjS_XTE4_11_0to181,train,train,0,,real_video,1RxNjS_XTE4_11_0to181.mp4,49750be8e19b64d0cd7cfb1803c1d342f3961ee5ad83d2dc32aa33b848d55f81,07bf7dbc07fd63d9ebb52ddff8a4ade8c37966a3e97ea64724be031284701e23,AIGVDBench/Real/Real.zip,videos/1RxNjS_XTE4_11_0to181.mp4,784424,785987,dataset_cc_by_4_0_component_partial,not_downloaded
open_sora::1RxNjS_XTE4_11_0to181,AIGVDBench,1RxNjS_XTE4_11_0to181,aigvdbench:1RxNjS_XTE4_11_0to181,train,train,1,Open-Sora,text_to_video,1RxNjS_XTE4_11_0to181.mp4,49750be8e19b64d0cd7cfb1803c1d342f3961ee5ad83d2dc32aa33b848d55f81,07bf7dbc07fd63d9ebb52ddff8a4ade8c37966a3e97ea64724be031284701e23,AIGVDBench/OpenSource/T2V/Open-Sora.zip,videos/1RxNjS_XTE4_11_0to181.mp4,33000,33888,dataset_cc_by_4_0_component_partial,not_downloaded
real::OUXBFpgC_YI_3_73to448,AIGVDBench,OUXBFpgC_YI_3_73to448,aigvdbench:OUXBFpgC_YI_3_73to448,train,train,0,,real_video,OUXBFpgC_YI_3_73to448.mp4,4703c013234b0bbfea552096f472542a744c56fabce45865599ed355beadea63,07c11b734aafca365fbc32e5ae9efa232f2500f238e080a35ea352f564e752b1,AIGVDBench/Real/Real.zip,videos/OUXBFpgC_YI_3_73to448.mp4,10383328,10383113,dataset_cc_by_4_0_component_partial,not_downloaded
open_sora::OUXBFpgC_YI_3_73to448,AIGVDBench,OUXBFpgC_YI_3_73to448,aigvdbench:OUXBFpgC_YI_3_73to448,train,train,1,Open-Sora,text_to_video,OUXBFpgC_YI_3_73to448.mp4,4703c013234b0bbfea552096f472542a744c56fabce45865599ed355beadea63,07c11b734aafca365fbc32e5ae9efa232f2500f238e080a35ea352f564e752b1,AIGVDBench/OpenSource/T2V/Open-Sora.zip,videos/OUXBFpgC_YI_3_73to448.mp4,60835,61661,dataset_cc_by_4_0_component_partial,not_downloaded
real::LkWmwEN4uh4_29_0to219,AIGVDBench,LkWmwEN4uh4_29_0to219,aigvdbench:LkWmwEN4uh4_29_0to219,train,train,0,,real_video,LkWmwEN4uh4_29_0to219.mp4,d5088ed091e52c6dbd4a69a46415ac65d735da856b963bf1cd7d7dd0334d8e5e,07c869dfd908d5c19203df6087f355ce57794f577172d168bb99d5a660d39db1,AIGVDBench/Real/Real.zip,videos/LkWmwEN4uh4_29_0to219.mp4,5944483,5944775,dataset_cc_by_4_0_component_partial,not_downloaded
open_sora::LkWmwEN4uh4_29_0to219,AIGVDBench,LkWmwEN4uh4_29_0to219,aigvdbench:LkWmwEN4uh4_29_0to219,train,train,1,Open-Sora,text_to_video,LkWmwEN4uh4_29_0to219.mp4,d5088ed091e52c6dbd4a69a46415ac65d735da856b963bf1cd7d7dd0334d8e5e,07c869dfd908d5c19203df6087f355ce57794f577172d168bb99d5a660d39db1,AIGVDBench/OpenSource/T2V/Open-Sora.zip,videos/LkWmwEN4uh4_29_0to219.mp4,43594,44463,dataset_cc_by_4_0_component_partial,not_downloaded
real::XvlyJ5JxXyQ_5_0to208,AIGVDBench,XvlyJ5JxXyQ_5_0to208,aigvdbench:XvlyJ5JxXyQ_5_0to208,train,train,0,,real_video,XvlyJ5JxXyQ_5_0to208.mp4,7996f5de4469595e0c9646d769ac9849425ce5c3eeb796670e532f5d6eaf7e75,07c925cbb8dd72cc700b7e4b8dce7d59f69f8469d3002ea1317e56a300b33be4,AIGVDBench/Real/Real.zip,videos/XvlyJ5JxXyQ_5_0to208.mp4,7695319,7695716,dataset_cc_by_4_0_component_partial,not_downloaded
open_sora::XvlyJ5JxXyQ_5_0to208,AIGVDBench,XvlyJ5JxXyQ_5_0to208,aigvdbench:XvlyJ5JxXyQ_5_0to208,train,train,1,Open-Sora,text_to_video,XvlyJ5JxXyQ_5_0to208.mp4,7996f5de4469595e0c9646d769ac9849425ce5c3eeb796670e532f5d6eaf7e75,07c925cbb8dd72cc700b7e4b8dce7d59f69f8469d3002ea1317e56a300b33be4,AIGVDBench/OpenSource/T2V/Open-Sora.zip,videos/XvlyJ5JxXyQ_5_0to208.mp4,56494,57355,dataset_cc_by_4_0_component_partial,not_downloaded
real::hLRM_UaYjfw_33_0to108,AIGVDBench,hLRM_UaYjfw_33_0to108,aigvdbench:hLRM_UaYjfw_33_0to108,train,train,0,,real_video,hLRM_UaYjfw_33_0to108.mp4,6e55c7428199d9f84a876caec9122e2f0ca41fefe0e162f84056aee2ddcb5afd,07ca3703afd7cbfb02db09ad0e783dd3434c3148cf736b05475ac4501502f1d3,AIGVDBench/Real/Real.zip,videos/hLRM_UaYjfw_33_0to108.mp4,2887286,2887538,dataset_cc_by_4_0_component_partial,not_downloaded
open_sora::hLRM_UaYjfw_33_0to108,AIGVDBench,hLRM_UaYjfw_33_0to108,aigvdbench:hLRM_UaYjfw_33_0to108,train,train,1,Open-Sora,text_to_video,hLRM_UaYjfw_33_0to108.mp4,6e55c7428199d9f84a876caec9122e2f0ca41fefe0e162f84056aee2ddcb5afd,07ca3703afd7cbfb02db09ad0e783dd3434c3148cf736b05475ac4501502f1d3,AIGVDBench/OpenSource/T2V/Open-Sora.zip,videos/hLRM_UaYjfw_33_0to108.mp4,61528,62327,dataset_cc_by_4_0_component_partial,not_downloaded
real::zdj2JlHuoQk_4_0to150,AIGVDBench,zdj2JlHuoQk_4_0to150,aigvdbench:zdj2JlHuoQk_4_0to150,train,train,0,,real_video,zdj2JlHuoQk_4_0to150.mp4,cc92c0877534c07dee8ac496ddeecdaef9db3893ba31a445b7916e972e5d4b10,07ccbc7f73312939cb4fdac5a6d6dbcefebcb09b87a18c4a55a31cd6c3d5a630,AIGVDBench/Real/Real.zip,videos/zdj2JlHuoQk_4_0to150.mp4,2503053,2503491,dataset_cc_by_4_0_component_partial,not_downloaded
open_sora::zdj2JlHuoQk_4_0to150,AIGVDBench,zdj2JlHuoQk_4_0to150,aigvdbench:zdj2JlHuoQk_4_0to150,train,train,1,Open-Sora,text_to_video,zdj2JlHuoQk_4_0to150.mp4,cc92c0877534c07dee8ac496ddeecdaef9db3893ba31a445b7916e972e5d4b10,07ccbc7f73312939cb4fdac5a6d6dbcefebcb09b87a18c4a55a31cd6c3d5a630,AIGVDBench/OpenSource/T2V/Open-Sora.zip,videos/zdj2JlHuoQk_4_0to150.mp4,39945,40811,dataset_cc_by_4_0_component_partial,not_downloaded
real::xN754xIHe8w_2_91to240,AIGVDBench,xN754xIHe8w_2_91to240,aigvdbench:xN754xIHe8w_2_91to240,train,train,0,,real_video,xN754xIHe8w_2_91to240.mp4,384592e26b5f01b8d73ef4b45de0fb8155054591a2b2eeaacd921d10bb2f0281,07da24f3efba35768b7cbdd676bd8a81e10803b0da840fc847628e502c85ba39,AIGVDBench/Real/Real.zip,videos/xN754xIHe8w_2_91to240.mp4,1486241,1486824,dataset_cc_by_4_0_component_partial,not_downloaded
open_sora::xN754xIHe8w_2_91to240,AIGVDBench,xN754xIHe8w_2_91to240,aigvdbench:xN754xIHe8w_2_91to240,train,train,1,Open-Sora,text_to_video,xN754xIHe8w_2_91to240.mp4,384592e26b5f01b8d73ef4b45de0fb8155054591a2b2eeaacd921d10bb2f0281,07da24f3efba35768b7cbdd676bd8a81e10803b0da840fc847628e502c85ba39,AIGVDBench/OpenSource/T2V/Open-Sora.zip,videos/xN754xIHe8w_2_91to240.mp4,42358,43171,dataset_cc_by_4_0_component_partial,not_downloaded
real::_KZ32_lVyIc_25_0to176,AIGVDBench,_KZ32_lVyIc_25_0to176,aigvdbench:_KZ32_lVyIc_25_0to176,train,train,0,,real_video,_KZ32_lVyIc_25_0to176.mp4,24ff1c7d7535a910dce9184306f2b7403fa37c7fd666714bf73c5a014e8a58de,07dabd5c3a268e9ae2428d15e9ea827c54a029e631992d14df04d8c3a58a778a,AIGVDBench/Real/Real.zip,videos/_KZ32_lVyIc_25_0to176.mp4,2015189,2015818,dataset_cc_by_4_0_component_partial,not_downloaded
open_sora::_KZ32_lVyIc_25_0to176,AIGVDBench,_KZ32_lVyIc_25_0to176,aigvdbench:_KZ32_lVyIc_25_0to176,train,train,1,Open-Sora,text_to_video,_KZ32_lVyIc_25_0to176.mp4,24ff1c7d7535a910dce9184306f2b7403fa37c7fd666714bf73c5a014e8a58de,07dabd5c3a268e9ae2428d15e9ea827c54a029e631992d14df04d8c3a58a778a,AIGVDBench/OpenSource/T2V/Open-Sora.zip,videos/_KZ32_lVyIc_25_0to176.mp4,62133,62964,dataset_cc_by_4_0_component_partial,not_downloaded
real::HdtqT1Tmd-w_33_0to122,AIGVDBench,HdtqT1Tmd-w_33_0to122,aigvdbench:HdtqT1Tmd-w_33_0to122,train,train,0,,real_video,HdtqT1Tmd-w_33_0to122.mp4,b7ee47bf9b8d256b9df2e35f3b0e0709ec1a9a24e1bce9f58a09e528931a64ab,07e0c7feb0b12f5c78c609b6cbad916431a0c2cf863598e835f157e451e0a4d2,AIGVDBench/Real/Real.zip,videos/HdtqT1Tmd-w_33_0to122.mp4,1772375,1773529,dataset_cc_by_4_0_component_partial,not_downloaded
open_sora::HdtqT1Tmd-w_33_0to122,AIGVDBench,HdtqT1Tmd-w_33_0to122,aigvdbench:HdtqT1Tmd-w_33_0to122,train,train,1,Open-Sora,text_to_video,HdtqT1Tmd-w_33_0to122.mp4,b7ee47bf9b8d256b9df2e35f3b0e0709ec1a9a24e1bce9f58a09e528931a64ab,07e0c7feb0b12f5c78c609b6cbad916431a0c2cf863598e835f157e451e0a4d2,AIGVDBench/OpenSource/T2V/Open-Sora.zip,videos/HdtqT1Tmd-w_33_0to122.mp4,46949,47747,dataset_cc_by_4_0_component_partial,not_downloaded
real::NYaxxBAIrok_22_195to305,AIGVDBench,NYaxxBAIrok_22_195to305,aigvdbench:NYaxxBAIrok_22_195to305,train,train,0,,real_video,NYaxxBAIrok_22_195to305.mp4,3dc5f13cea5e7ce18e81cf6066a1f6f2d42a8dbecd7582e4775f8599602fc4ce,07e23ae83c62a03b031d7038985b67b5d0f2ff7e8e9650b258a63eeae5e32cea,AIGVDBench/Real/Real.zip,videos/NYaxxBAIrok_22_195to305.mp4,2089710,2090063,dataset_cc_by_4_0_component_partial,not_downloaded
open_sora::NYaxxBAIrok_22_195to305,AIGVDBench,NYaxxBAIrok_22_195to305,aigvdbench:NYaxxBAIrok_22_195to305,train,train,1,Open-Sora,text_to_video,NYaxxBAIrok_22_195to305.mp4,3dc5f13cea5e7ce18e81cf6066a1f6f2d42a8dbecd7582e4775f8599602fc4ce,07e23ae83c62a03b031d7038985b67b5d0f2ff7e8e9650b258a63eeae5e32cea,AIGVDBench/OpenSource/T2V/Open-Sora.zip,videos/NYaxxBAIrok_22_195to305.mp4,40570,41452,dataset_cc_by_4_0_component_partial,not_downloaded
real::q1HlTaAjgdk_6_0to195,AIGVDBench,q1HlTaAjgdk_6_0to195,aigvdbench:q1HlTaAjgdk_6_0to195,train,train,0,,real_video,q1HlTaAjgdk_6_0to195.mp4,8aba4200bfad118bdee662d7586d0675c8bcfb8e70487788990ab9512b6c20fa,07e7e41b15487ef3f78103d0bd946865f866605f399c91dde0b0ca69bf8dc950,AIGVDBench/Real/Real.zip,videos/q1HlTaAjgdk_6_0to195.mp4,4804972,4805993,dataset_cc_by_4_0_component_partial,not_downloaded
open_sora::q1HlTaAjgdk_6_0to195,AIGVDBench,q1HlTaAjgdk_6_0to195,aigvdbench:q1HlTaAjgdk_6_0to195,train,train,1,Open-Sora,text_to_video,q1HlTaAjgdk_6_0to195.mp4,8aba4200bfad118bdee662d7586d0675c8bcfb8e70487788990ab9512b6c20fa,07e7e41b15487ef3f78103d0bd946865f866605f399c91dde0b0ca69bf8dc950,AIGVDBench/OpenSource/T2V/Open-Sora.zip,videos/q1HlTaAjgdk_6_0to195.mp4,56755,57551,dataset_cc_by_4_0_component_partial,not_downloaded
real::5LLb3Hv6XSE_3_0to110,AIGVDBench,5LLb3Hv6XSE_3_0to110,aigvdbench:5LLb3Hv6XSE_3_0to110,train,train,0,,real_video,5LLb3Hv6XSE_3_0to110.mp4,58fe7d599177478af28d6989f76b3e8095339b23ef1cb755f2f81fccd4bb12b4,07e9283ff46c6c8d9d212ab591b1b0d37b6102b0513a3eff060e21f00d18ef49,AIGVDBench/Real/Real.zip,videos/5LLb3Hv6XSE_3_0to110.mp4,1260257,1261204,dataset_cc_by_4_0_component_partial,not_downloaded
open_sora::5LLb3Hv6XSE_3_0to110,AIGVDBench,5LLb3Hv6XSE_3_0to110,aigvdbench:5LLb3Hv6XSE_3_0to110,train,train,1,Open-Sora,text_to_video,5LLb3Hv6XSE_3_0to110.mp4,58fe7d599177478af28d6989f76b3e8095339b23ef1cb755f2f81fccd4bb12b4,07e9283ff46c6c8d9d212ab591b1b0d37b6102b0513a3eff060e21f00d18ef49,AIGVDBench/OpenSource/T2V/Open-Sora.zip,videos/5LLb3Hv6XSE_3_0to110.mp4,58374,59204,dataset_cc_by_4_0_component_partial,not_downloaded
real::BG6Ls_CVFys_10_0to130,AIGVDBench,BG6Ls_CVFys_10_0to130,aigvdbench:BG6Ls_CVFys_10_0to130,train,train,0,,real_video,BG6Ls_CVFys_10_0to130.mp4,1cd0e18ca86517dda5ec765926462a7ce7ce6c2c77078d8b7ff94b0ab3995da6,07ec54887b2e1cf2823ddc197d490ce056fd6cade7d3e2e50e05d92a73e7b9aa,AIGVDBench/Real/Real.zip,videos/BG6Ls_CVFys_10_0to130.mp4,2756389,2756914,dataset_cc_by_4_0_component_partial,not_downloaded
open_sora::BG6Ls_CVFys_10_0to130,AIGVDBench,BG6Ls_CVFys_10_0to130,aigvdbench:BG6Ls_CVFys_10_0to130,train,train,1,Open-Sora,text_to_video,BG6Ls_CVFys_10_0to130.mp4,1cd0e18ca86517dda5ec765926462a7ce7ce6c2c77078d8b7ff94b0ab3995da6,07ec54887b2e1cf2823ddc197d490ce056fd6cade7d3e2e50e05d92a73e7b9aa,AIGVDBench/OpenSource/T2V/Open-Sora.zip,videos/BG6Ls_CVFys_10_0to130.mp4,76153,76899,dataset_cc_by_4_0_component_partial,not_downloaded
real::thOm3ERcDa0_19_0to238,AIGVDBench,thOm3ERcDa0_19_0to238,aigvdbench:thOm3ERcDa0_19_0to238,train,train,0,,real_video,thOm3ERcDa0_19_0to238.mp4,c8a0c9e15bcfab7fd4f68ff5dcd8cbc2083237896018721c2448abb8594b3d15,07fc105fb18e546c71bd4112eb7eafb7dcfd9f9fd5c2824639c95b2f21639e36,AIGVDBench/Real/Real.zip,videos/thOm3ERcDa0_19_0to238.mp4,4162824,4164161,dataset_cc_by_4_0_component_partial,not_downloaded
open_sora::thOm3ERcDa0_19_0to238,AIGVDBench,thOm3ERcDa0_19_0to238,aigvdbench:thOm3ERcDa0_19_0to238,train,train,1,Open-Sora,text_to_video,thOm3ERcDa0_19_0to238.mp4,c8a0c9e15bcfab7fd4f68ff5dcd8cbc2083237896018721c2448abb8594b3d15,07fc105fb18e546c71bd4112eb7eafb7dcfd9f9fd5c2824639c95b2f21639e36,AIGVDBench/OpenSource/T2V/Open-Sora.zip,videos/thOm3ERcDa0_19_0to238.mp4,73599,74362,dataset_cc_by_4_0_component_partial,not_downloaded
real::5F8CM4jD6TM_24_0to128,AIGVDBench,5F8CM4jD6TM_24_0to128,aigvdbench:5F8CM4jD6TM_24_0to128,train,train,0,,real_video,5F8CM4jD6TM_24_0to128.mp4,866fae544b6e11cc4b08d86ebf1919405b0b50396e23cd3226e1720a27aceb51,08002e70cbc62de7d3553117fcdf9bac3a79ac3474353d9af5088edc329fef95,AIGVDBench/Real/Real.zip,videos/5F8CM4jD6TM_24_0to128.mp4,2368057,2368531,dataset_cc_by_4_0_component_partial,not_downloaded
open_sora::5F8CM4jD6TM_24_0to128,AIGVDBench,5F8CM4jD6TM_24_0to128,aigvdbench:5F8CM4jD6TM_24_0to128,train,train,1,Open-Sora,text_to_video,5F8CM4jD6TM_24_0to128.mp4,866fae544b6e11cc4b08d86ebf1919405b0b50396e23cd3226e1720a27aceb51,08002e70cbc62de7d3553117fcdf9bac3a79ac3474353d9af5088edc329fef95,AIGVDBench/OpenSource/T2V/Open-Sora.zip,videos/5F8CM4jD6TM_24_0to128.mp4,32966,33821,dataset_cc_by_4_0_component_partial,not_downloaded
real::MPxVVVppyOI_12_0to226,AIGVDBench,MPxVVVppyOI_12_0to226,aigvdbench:MPxVVVppyOI_12_0to226,train,train,0,,real_video,MPxVVVppyOI_12_0to226.mp4,5b5d316938a197998912cd64aaf26e0e61f2e01c975948dd5405b7623c39d933,08035678015bd89fe572ba4ba23ee4db6402c66057730bf5e1a17efce50ff50b,AIGVDBench/Real/Real.zip,videos/MPxVVVppyOI_12_0to226.mp4,3913850,3915251,dataset_cc_by_4_0_component_partial,not_downloaded
open_sora::MPxVVVppyOI_12_0to226,AIGVDBench,MPxVVVppyOI_12_0to226,aigvdbench:MPxVVVppyOI_12_0to226,train,train,1,Open-Sora,text_to_video,MPxVVVppyOI_12_0to226.mp4,5b5d316938a197998912cd64aaf26e0e61f2e01c975948dd5405b7623c39d933,08035678015bd89fe572ba4ba23ee4db6402c66057730bf5e1a17efce50ff50b,AIGVDBench/OpenSource/T2V/Open-Sora.zip,videos/MPxVVVppyOI_12_0to226.mp4,59463,60278,dataset_cc_by_4_0_component_partial,not_downloaded
real::ta7HoZFRKJQ_90_57to158,AIGVDBench,ta7HoZFRKJQ_90_57to158,aigvdbench:ta7HoZFRKJQ_90_57to158,train,train,0,,real_video,ta7HoZFRKJQ_90_57to158.mp4,d240dcc0c7693c9e25eef67e24628da89a6bf6d0dae8d025b9ba489161b0134b,080aa31daa1e9f8a05f8241b35e3d4d2d7f5207f0289ca6e596835c41a0c9428,AIGVDBench/Real/Real.zip,videos/ta7HoZFRKJQ_90_57to158.mp4,1519023,1519493,dataset_cc_by_4_0_component_partial,not_downloaded
open_sora::ta7HoZFRKJQ_90_57to158,AIGVDBench,ta7HoZFRKJQ_90_57to158,aigvdbench:ta7HoZFRKJQ_90_57to158,train,train,1,Open-Sora,text_to_video,ta7HoZFRKJQ_90_57to158.mp4,d240dcc0c7693c9e25eef67e24628da89a6bf6d0dae8d025b9ba489161b0134b,080aa31daa1e9f8a05f8241b35e3d4d2d7f5207f0289ca6e596835c41a0c9428,AIGVDBench/OpenSource/T2V/Open-Sora.zip,videos/ta7HoZFRKJQ_90_57to158.mp4,71896,72681,dataset_cc_by_4_0_component_partial,not_downloaded
real::-MKRahy1iHQ_39_38to239,AIGVDBench,-MKRahy1iHQ_39_38to239,aigvdbench:-MKRahy1iHQ_39_38to239,train,train,0,,real_video,-MKRahy1iHQ_39_38to239.mp4,8b47d1cba897dc986666f890300c292cdbe1dc433842484ae5369b872a7248d5,0812e6406f362c101c0317d340686589f0e933b911ce3028e23c5a4e9c0b3ffb,AIGVDBench/Real/Real.zip,videos/-MKRahy1iHQ_39_38to239.mp4,2229287,2230838,dataset_cc_by_4_0_component_partial,not_downloaded
open_sora::-MKRahy1iHQ_39_38to239,AIGVDBench,-MKRahy1iHQ_39_38to239,aigvdbench:-MKRahy1iHQ_39_38to239,train,train,1,Open-Sora,text_to_video,-MKRahy1iHQ_39_38to239.mp4,8b47d1cba897dc986666f890300c292cdbe1dc433842484ae5369b872a7248d5,0812e6406f362c101c0317d340686589f0e933b911ce3028e23c5a4e9c0b3ffb,AIGVDBench/OpenSource/T2V/Open-Sora.zip,videos/-MKRahy1iHQ_39_38to239.mp4,55687,56494,dataset_cc_by_4_0_component_partial,not_downloaded
real::ox7drYVhsto_5_0to1542,AIGVDBench,ox7drYVhsto_5_0to1542,aigvdbench:ox7drYVhsto_5_0to1542,train,train,0,,real_video,ox7drYVhsto_5_0to1542.mp4,71c38bfa2384b1911d76f43b4d3183470e3ce1afd77c30bef5871aa3d790b687,0814d114b242ded169640e5d09a90c6c07d85bb125d0d9da6140f50fd0733b61,AIGVDBench/Real/Real.zip,videos/ox7drYVhsto_5_0to1542.mp4,27456864,27458874,dataset_cc_by_4_0_component_partial,not_downloaded
open_sora::ox7drYVhsto_5_0to1542,AIGVDBench,ox7drYVhsto_5_0to1542,aigvdbench:ox7drYVhsto_5_0to1542,train,train,1,Open-Sora,text_to_video,ox7drYVhsto_5_0to1542.mp4,71c38bfa2384b1911d76f43b4d3183470e3ce1afd77c30bef5871aa3d790b687,0814d114b242ded169640e5d09a90c6c07d85bb125d0d9da6140f50fd0733b61,AIGVDBench/OpenSource/T2V/Open-Sora.zip,videos/ox7drYVhsto_5_0to1542.mp4,48134,48939,dataset_cc_by_4_0_component_partial,not_downloaded
real::b0FeBMXxjt8_9_0to113,AIGVDBench,b0FeBMXxjt8_9_0to113,aigvdbench:b0FeBMXxjt8_9_0to113,train,train,0,,real_video,b0FeBMXxjt8_9_0to113.mp4,00a633b4311650ed31ba5f17dccc9030fa479a239feb75e821e1176bf935986a,08177fbb85ce101a8b78bae9cd8e62c3864c5b1ec6b9d8b79b0c2b4f1d5478d1,AIGVDBench/Real/Real.zip,videos/b0FeBMXxjt8_9_0to113.mp4,2103260,2103706,dataset_cc_by_4_0_component_partial,not_downloaded
open_sora::b0FeBMXxjt8_9_0to113,AIGVDBench,b0FeBMXxjt8_9_0to113,aigvdbench:b0FeBMXxjt8_9_0to113,train,train,1,Open-Sora,text_to_video,b0FeBMXxjt8_9_0to113.mp4,00a633b4311650ed31ba5f17dccc9030fa479a239feb75e821e1176bf935986a,08177fbb85ce101a8b78bae9cd8e62c3864c5b1ec6b9d8b79b0c2b4f1d5478d1,AIGVDBench/OpenSource/T2V/Open-Sora.zip,videos/b0FeBMXxjt8_9_0to113.mp4,36152,37058,dataset_cc_by_4_0_component_partial,not_downloaded
real::H5GgVEj9oOQ_2_67to279,AIGVDBench,H5GgVEj9oOQ_2_67to279,aigvdbench:H5GgVEj9oOQ_2_67to279,train,train,0,,real_video,H5GgVEj9oOQ_2_67to279.mp4,46d89136b41801748209a30dedb7e49f52e849d6f536d49ca636589dd6ca397d,08188e1a1aeea4a1bff97f68482ab1f8ae631f8f57584fd4af2b5598fcf15298,AIGVDBench/Real/Real.zip,videos/H5GgVEj9oOQ_2_67to279.mp4,3741038,3742118,dataset_cc_by_4_0_component_partial,not_downloaded
open_sora::H5GgVEj9oOQ_2_67to279,AIGVDBench,H5GgVEj9oOQ_2_67to279,aigvdbench:H5GgVEj9oOQ_2_67to279,train,train,1,Open-Sora,text_to_video,H5GgVEj9oOQ_2_67to279.mp4,46d89136b41801748209a30dedb7e49f52e849d6f536d49ca636589dd6ca397d,08188e1a1aeea4a1bff97f68482ab1f8ae631f8f57584fd4af2b5598fcf15298,AIGVDBench/OpenSource/T2V/Open-Sora.zip,videos/H5GgVEj9oOQ_2_67to279.mp4,43074,43952,dataset_cc_by_4_0_component_partial,not_downloaded
real::Pc4OMXbpyus_56_0to114,AIGVDBench,Pc4OMXbpyus_56_0to114,aigvdbench:Pc4OMXbpyus_56_0to114,train,train,0,,real_video,Pc4OMXbpyus_56_0to114.mp4,f6416c5e92e218d612878618a80934b2ffda47fe5f664bf7c908fd5bf55d87d3,0826628fb3dff11b038da3478d1539fe8e631361ce99548b14f22134dfb14f15,AIGVDBench/Real/Real.zip,videos/Pc4OMXbpyus_56_0to114.mp4,1350485,1351026,dataset_cc_by_4_0_component_partial,not_downloaded
open_sora::Pc4OMXbpyus_56_0to114,AIGVDBench,Pc4OMXbpyus_56_0to114,aigvdbench:Pc4OMXbpyus_56_0to114,train,train,1,Open-Sora,text_to_video,Pc4OMXbpyus_56_0to114.mp4,f6416c5e92e218d612878618a80934b2ffda47fe5f664bf7c908fd5bf55d87d3,0826628fb3dff11b038da3478d1539fe8e631361ce99548b14f22134dfb14f15,AIGVDBench/OpenSource/T2V/Open-Sora.zip,videos/Pc4OMXbpyus_56_0to114.mp4,35448,36358,dataset_cc_by_4_0_component_partial,not_downloaded
real::C-JOvnL8zG4_62_0to320,AIGVDBench,C-JOvnL8zG4_62_0to320,aigvdbench:C-JOvnL8zG4_62_0to320,train,train,0,,real_video,C-JOvnL8zG4_62_0to320.mp4,5a92986605d0dfc53f6b81fff1e389eca7ac2744c04792229d4640e51c150502,08275d67eb47c38d410385af2dd2795781b7aa0344ad6b4d35811f2afad8ca00,AIGVDBench/Real/Real.zip,videos/C-JOvnL8zG4_62_0to320.mp4,7685786,7685884,dataset_cc_by_4_0_component_partial,not_downloaded
open_sora::C-JOvnL8zG4_62_0to320,AIGVDBench,C-JOvnL8zG4_62_0to320,aigvdbench:C-JOvnL8zG4_62_0to320,train,train,1,Open-Sora,text_to_video,C-JOvnL8zG4_62_0to320.mp4,5a92986605d0dfc53f6b81fff1e389eca7ac2744c04792229d4640e51c150502,08275d67eb47c38d410385af2dd2795781b7aa0344ad6b4d35811f2afad8ca00,AIGVDBench/OpenSource/T2V/Open-Sora.zip,videos/C-JOvnL8zG4_62_0to320.mp4,45031,45883,dataset_cc_by_4_0_component_partial,not_downloaded
real::HD5KrPC1PUs_80_21to136,AIGVDBench,HD5KrPC1PUs_80_21to136,aigvdbench:HD5KrPC1PUs_80_21to136,train,train,0,,real_video,HD5KrPC1PUs_80_21to136.mp4,ed5857481a61c638b1d831f60393b01261a12baba407b37e24598b7489b373cc,0827be2485ab8f0fac7c16a1bf1243a1e9aa8dd4d27c94e8faaaa46b8aac4abc,AIGVDBench/Real/Real.zip,videos/HD5KrPC1PUs_80_21to136.mp4,3007464,3007644,dataset_cc_by_4_0_component_partial,not_downloaded
open_sora::HD5KrPC1PUs_80_21to136,AIGVDBench,HD5KrPC1PUs_80_21to136,aigvdbench:HD5KrPC1PUs_80_21to136,train,train,1,Open-Sora,text_to_video,HD5KrPC1PUs_80_21to136.mp4,ed5857481a61c638b1d831f60393b01261a12baba407b37e24598b7489b373cc,0827be2485ab8f0fac7c16a1bf1243a1e9aa8dd4d27c94e8faaaa46b8aac4abc,AIGVDBench/OpenSource/T2V/Open-Sora.zip,videos/HD5KrPC1PUs_80_21to136.mp4,68289,69092,dataset_cc_by_4_0_component_partial,not_downloaded
real::nYh3xGCqHQc_0_0to157,AIGVDBench,nYh3xGCqHQc_0_0to157,aigvdbench:nYh3xGCqHQc_0_0to157,train,train,0,,real_video,nYh3xGCqHQc_0_0to157.mp4,722a8833adfe21f4621cfd58279e9d160ee630c20c012aa3eadd7bb688cf3d4a,08380464c152558150be6012a7e0fc0177bb756c42db6da21b3257106b3483a7,AIGVDBench/Real/Real.zip,videos/nYh3xGCqHQc_0_0to157.mp4,1540546,1541250,dataset_cc_by_4_0_component_partial,not_downloaded
open_sora::nYh3xGCqHQc_0_0to157,AIGVDBench,nYh3xGCqHQc_0_0to157,aigvdbench:nYh3xGCqHQc_0_0to157,train,train,1,Open-Sora,text_to_video,nYh3xGCqHQc_0_0to157.mp4,722a8833adfe21f4621cfd58279e9d160ee630c20c012aa3eadd7bb688cf3d4a,08380464c152558150be6012a7e0fc0177bb756c42db6da21b3257106b3483a7,AIGVDBench/OpenSource/T2V/Open-Sora.zip,videos/nYh3xGCqHQc_0_0to157.mp4,51071,51909,dataset_cc_by_4_0_component_partial,not_downloaded
real::71UTg76CzjY_7_102to381,AIGVDBench,71UTg76CzjY_7_102to381,aigvdbench:71UTg76CzjY_7_102to381,train,train,0,,real_video,71UTg76CzjY_7_102to381.mp4,cb276d199ce2014c300f87fd7379e3c5076847e784a535e6ba316df04f703794,08405932d6bf3122347b3dfc544320e9b22db73479c57ce9832ea74a201ceaf6,AIGVDBench/Real/Real.zip,videos/71UTg76CzjY_7_102to381.mp4,3646679,3648524,dataset_cc_by_4_0_component_partial,not_downloaded
open_sora::71UTg76CzjY_7_102to381,AIGVDBench,71UTg76CzjY_7_102to381,aigvdbench:71UTg76CzjY_7_102to381,train,train,1,Open-Sora,text_to_video,71UTg76CzjY_7_102to381.mp4,cb276d199ce2014c300f87fd7379e3c5076847e784a535e6ba316df04f703794,08405932d6bf3122347b3dfc544320e9b22db73479c57ce9832ea74a201ceaf6,AIGVDBench/OpenSource/T2V/Open-Sora.zip,videos/71UTg76CzjY_7_102to381.mp4,41027,41924,dataset_cc_by_4_0_component_partial,not_downloaded
real::5UCcOvoabm8_43_19to123,AIGVDBench,5UCcOvoabm8_43_19to123,aigvdbench:5UCcOvoabm8_43_19to123,train,train,0,,real_video,5UCcOvoabm8_43_19to123.mp4,04142a2a6d6237238c3b3d78fa7221144951606fc5b27f904c23d5ab33db8744,08425ea1c9a37b22ed9d677e1a6a7c304bdb02d574d9f4d051c6c785dd8c3829,AIGVDBench/Real/Real.zip,videos/5UCcOvoabm8_43_19to123.mp4,1969670,1970421,dataset_cc_by_4_0_component_partial,not_downloaded
open_sora::5UCcOvoabm8_43_19to123,AIGVDBench,5UCcOvoabm8_43_19to123,aigvdbench:5UCcOvoabm8_43_19to123,train,train,1,Open-Sora,text_to_video,5UCcOvoabm8_43_19to123.mp4,04142a2a6d6237238c3b3d78fa7221144951606fc5b27f904c23d5ab33db8744,08425ea1c9a37b22ed9d677e1a6a7c304bdb02d574d9f4d051c6c785dd8c3829,AIGVDBench/OpenSource/T2V/Open-Sora.zip,videos/5UCcOvoabm8_43_19to123.mp4,69460,70190,dataset_cc_by_4_0_component_partial,not_downloaded
real::zASYYrptGPU_2_40to163,AIGVDBench,zASYYrptGPU_2_40to163,aigvdbench:zASYYrptGPU_2_40to163,train,train,0,,real_video,zASYYrptGPU_2_40to163.mp4,a1668bcbaf9622d8155e3785770f67f05ffc9f0baa53798026a0608d8022e474,084608a111fc225cd727c182d4c2c48ef74168ab4e5efff1df5e3b7ef8db97b5,AIGVDBench/Real/Real.zip,videos/zASYYrptGPU_2_40to163.mp4,1741548,1742219,dataset_cc_by_4_0_component_partial,not_downloaded
open_sora::zASYYrptGPU_2_40to163,AIGVDBench,zASYYrptGPU_2_40to163,aigvdbench:zASYYrptGPU_2_40to163,train,train,1,Open-Sora,text_to_video,zASYYrptGPU_2_40to163.mp4,a1668bcbaf9622d8155e3785770f67f05ffc9f0baa53798026a0608d8022e474,084608a111fc225cd727c182d4c2c48ef74168ab4e5efff1df5e3b7ef8db97b5,AIGVDBench/OpenSource/T2V/Open-Sora.zip,videos/zASYYrptGPU_2_40to163.mp4,42390,43255,dataset_cc_by_4_0_component_partial,not_downloaded
real::Glqb66ErZbM_7_20to174,AIGVDBench,Glqb66ErZbM_7_20to174,aigvdbench:Glqb66ErZbM_7_20to174,train,train,0,,real_video,Glqb66ErZbM_7_20to174.mp4,492e8a01bc90436fb5878dd8b354b4955ee2a71497f30d9a7b061163fd33324a,08479ba4e78950fdc28bc191eee8a55ff378f684abb3a34fdc270645aee7706e,AIGVDBench/Real/Real.zip,videos/Glqb66ErZbM_7_20to174.mp4,690978,692403,dataset_cc_by_4_0_component_partial,not_downloaded
open_sora::Glqb66ErZbM_7_20to174,AIGVDBench,Glqb66ErZbM_7_20to174,aigvdbench:Glqb66ErZbM_7_20to174,train,train,1,Open-Sora,text_to_video,Glqb66ErZbM_7_20to174.mp4,492e8a01bc90436fb5878dd8b354b4955ee2a71497f30d9a7b061163fd33324a,08479ba4e78950fdc28bc191eee8a55ff378f684abb3a34fdc270645aee7706e,AIGVDBench/OpenSource/T2V/Open-Sora.zip,videos/Glqb66ErZbM_7_20to174.mp4,55493,56264,dataset_cc_by_4_0_component_partial,not_downloaded
real::0U-wsZCoZSw_9_0to101,AIGVDBench,0U-wsZCoZSw_9_0to101,aigvdbench:0U-wsZCoZSw_9_0to101,train,train,0,,real_video,0U-wsZCoZSw_9_0to101.mp4,acf3b3cab664840d455cb02988fe740b7da0732da7c0a9538eba45631efeb5f0,0853c64c2c9bfcf56a745acabe9749fb4d43e1adee09945fd8eb978a2af7ae8b,AIGVDBench/Real/Real.zip,videos/0U-wsZCoZSw_9_0to101.mp4,1467736,1468199,dataset_cc_by_4_0_component_partial,not_downloaded
open_sora::0U-wsZCoZSw_9_0to101,AIGVDBench,0U-wsZCoZSw_9_0to101,aigvdbench:0U-wsZCoZSw_9_0to101,train,train,1,Open-Sora,text_to_video,0U-wsZCoZSw_9_0to101.mp4,acf3b3cab664840d455cb02988fe740b7da0732da7c0a9538eba45631efeb5f0,0853c64c2c9bfcf56a745acabe9749fb4d43e1adee09945fd8eb978a2af7ae8b,AIGVDBench/OpenSource/T2V/Open-Sora.zip,videos/0U-wsZCoZSw_9_0to101.mp4,65714,66494,dataset_cc_by_4_0_component_partial,not_downloaded
real::Q07HlVqNM0A_18_0to124,AIGVDBench,Q07HlVqNM0A_18_0to124,aigvdbench:Q07HlVqNM0A_18_0to124,train,train,0,,real_video,Q07HlVqNM0A_18_0to124.mp4,9fa3bddb8888938333e8404cedc84aa353847c52d32d9b363c6d347900d64168,08583ade05edb8e364165757befe5deff1ea76c9c96e0a3486b34fdc93b442ea,AIGVDBench/Real/Real.zip,videos/Q07HlVqNM0A_18_0to124.mp4,1740012,1740553,dataset_cc_by_4_0_component_partial,not_downloaded
open_sora::Q07HlVqNM0A_18_0to124,AIGVDBench,Q07HlVqNM0A_18_0to124,aigvdbench:Q07HlVqNM0A_18_0to124,train,train,1,Open-Sora,text_to_video,Q07HlVqNM0A_18_0to124.mp4,9fa3bddb8888938333e8404cedc84aa353847c52d32d9b363c6d347900d64168,08583ade05edb8e364165757befe5deff1ea76c9c96e0a3486b34fdc93b442ea,AIGVDBench/OpenSource/T2V/Open-Sora.zip,videos/Q07HlVqNM0A_18_0to124.mp4,37194,38124,dataset_cc_by_4_0_component_partial,not_downloaded
real::ziLTQymxqS8_28_0to431,AIGVDBench,ziLTQymxqS8_28_0to431,aigvdbench:ziLTQymxqS8_28_0to431,train,train,0,,real_video,ziLTQymxqS8_28_0to431.mp4,1508b89482904ad12258cb8068fb7644677e206c877edccf2f50e330642e99dd,0867055e074be4bb7f89edef9ca911bc142f0e4aa1c901a9ae5c53d93f410984,AIGVDBench/Real/Real.zip,videos/ziLTQymxqS8_28_0to431.mp4,6263489,6265463,dataset_cc_by_4_0_component_partial,not_downloaded
open_sora::ziLTQymxqS8_28_0to431,AIGVDBench,ziLTQymxqS8_28_0to431,aigvdbench:ziLTQymxqS8_28_0to431,train,train,1,Open-Sora,text_to_video,ziLTQymxqS8_28_0to431.mp4,1508b89482904ad12258cb8068fb7644677e206c877edccf2f50e330642e99dd,0867055e074be4bb7f89edef9ca911bc142f0e4aa1c901a9ae5c53d93f410984,AIGVDBench/OpenSource/T2V/Open-Sora.zip,videos/ziLTQymxqS8_28_0to431.mp4,58307,59136,dataset_cc_by_4_0_component_partial,not_downloaded
real::XKpBW4ZBlYQ_39_0to148,AIGVDBench,XKpBW4ZBlYQ_39_0to148,aigvdbench:XKpBW4ZBlYQ_39_0to148,train,train,0,,real_video,XKpBW4ZBlYQ_39_0to148.mp4,123ab9b48dc9e14961583e9ce7fd5317af37881c443413063fff7b1c084e9bef,086cc1356f32c1c892834cb20be30bc8fd638cb738e0caa501e7a4481532364f,AIGVDBench/Real/Real.zip,videos/XKpBW4ZBlYQ_39_0to148.mp4,3442150,3442332,dataset_cc_by_4_0_component_partial,not_downloaded
open_sora::XKpBW4ZBlYQ_39_0to148,AIGVDBench,XKpBW4ZBlYQ_39_0to148,aigvdbench:XKpBW4ZBlYQ_39_0to148,train,train,1,Open-Sora,text_to_video,XKpBW4ZBlYQ_39_0to148.mp4,123ab9b48dc9e14961583e9ce7fd5317af37881c443413063fff7b1c084e9bef,086cc1356f32c1c892834cb20be30bc8fd638cb738e0caa501e7a4481532364f,AIGVDBench/OpenSource/T2V/Open-Sora.zip,videos/XKpBW4ZBlYQ_39_0to148.mp4,54280,55096,dataset_cc_by_4_0_component_partial,not_downloaded
real::SyjehBU3yM4_1_0to527,AIGVDBench,SyjehBU3yM4_1_0to527,aigvdbench:SyjehBU3yM4_1_0to527,train,train,0,,real_video,SyjehBU3yM4_1_0to527.mp4,21f9a9b07d7c563558dd0a0fd803d3e6988ebca8ab3fd2beaf45535e4af61b64,086e221b73ffbf3296e512bd5d1dc97cfb6dd0b846b2a4fc57bbf39ce401ca99,AIGVDBench/Real/Real.zip,videos/SyjehBU3yM4_1_0to527.mp4,5297793,5300098,dataset_cc_by_4_0_component_partial,not_downloaded
open_sora::SyjehBU3yM4_1_0to527,AIGVDBench,SyjehBU3yM4_1_0to527,aigvdbench:SyjehBU3yM4_1_0to527,train,train,1,Open-Sora,text_to_video,SyjehBU3yM4_1_0to527.mp4,21f9a9b07d7c563558dd0a0fd803d3e6988ebca8ab3fd2beaf45535e4af61b64,086e221b73ffbf3296e512bd5d1dc97cfb6dd0b846b2a4fc57bbf39ce401ca99,AIGVDBench/OpenSource/T2V/Open-Sora.zip,videos/SyjehBU3yM4_1_0to527.mp4,41401,42296,dataset_cc_by_4_0_component_partial,not_downloaded
real::wrQSMcU_IRQ_46_0to204,AIGVDBench,wrQSMcU_IRQ_46_0to204,aigvdbench:wrQSMcU_IRQ_46_0to204,train,train,0,,real_video,wrQSMcU_IRQ_46_0to204.mp4,99189a09a7d17d1503f97023876268ddd6edb65630981d7103c952122b060e34,0871f5deca1bf3c087d12b6a8c6834528a389e5dd058950cabef670d280ef542,AIGVDBench/Real/Real.zip,videos/wrQSMcU_IRQ_46_0to204.mp4,4883253,4883422,dataset_cc_by_4_0_component_partial,not_downloaded
open_sora::wrQSMcU_IRQ_46_0to204,AIGVDBench,wrQSMcU_IRQ_46_0to204,aigvdbench:wrQSMcU_IRQ_46_0to204,train,train,1,Open-Sora,text_to_video,wrQSMcU_IRQ_46_0to204.mp4,99189a09a7d17d1503f97023876268ddd6edb65630981d7103c952122b060e34,0871f5deca1bf3c087d12b6a8c6834528a389e5dd058950cabef670d280ef542,AIGVDBench/OpenSource/T2V/Open-Sora.zip,videos/wrQSMcU_IRQ_46_0to204.mp4,69443,70160,dataset_cc_by_4_0_component_partial,not_downloaded
real::7X1iNz-GnYc_3_51to266,AIGVDBench,7X1iNz-GnYc_3_51to266,aigvdbench:7X1iNz-GnYc_3_51to266,train,train,0,,real_video,7X1iNz-GnYc_3_51to266.mp4,b14de441a816bfdbc7231073578f394f23b575ec56f9e9e3591797e528b77984,0874d267c5a20b9fad85512d0f5a8769ff20b8c4c04b286a8f1344727d41f3c4,AIGVDBench/Real/Real.zip,videos/7X1iNz-GnYc_3_51to266.mp4,3414123,3414703,dataset_cc_by_4_0_component_partial,not_downloaded
open_sora::7X1iNz-GnYc_3_51to266,AIGVDBench,7X1iNz-GnYc_3_51to266,aigvdbench:7X1iNz-GnYc_3_51to266,train,train,1,Open-Sora,text_to_video,7X1iNz-GnYc_3_51to266.mp4,b14de441a816bfdbc7231073578f394f23b575ec56f9e9e3591797e528b77984,0874d267c5a20b9fad85512d0f5a8769ff20b8c4c04b286a8f1344727d41f3c4,AIGVDBench/OpenSource/T2V/Open-Sora.zip,videos/7X1iNz-GnYc_3_51to266.mp4,41656,42560,dataset_cc_by_4_0_component_partial,not_downloaded
real::e3g4P1MEKmk_14_0to331,AIGVDBench,e3g4P1MEKmk_14_0to331,aigvdbench:e3g4P1MEKmk_14_0to331,train,train,0,,real_video,e3g4P1MEKmk_14_0to331.mp4,330ee150e3def1cc96e29dbc990c0c747061e57897dc316e49946fe83f9a3572,0876501f6c5c7a8a4c567c110b6c06fd4fa42771d881fd9b13f13d3b5969562c,AIGVDBench/Real/Real.zip,videos/e3g4P1MEKmk_14_0to331.mp4,4660469,4661541,dataset_cc_by_4_0_component_partial,not_downloaded
open_sora::e3g4P1MEKmk_14_0to331,AIGVDBench,e3g4P1MEKmk_14_0to331,aigvdbench:e3g4P1MEKmk_14_0to331,train,train,1,Open-Sora,text_to_video,e3g4P1MEKmk_14_0to331.mp4,330ee150e3def1cc96e29dbc990c0c747061e57897dc316e49946fe83f9a3572,0876501f6c5c7a8a4c567c110b6c06fd4fa42771d881fd9b13f13d3b5969562c,AIGVDBench/OpenSource/T2V/Open-Sora.zip,videos/e3g4P1MEKmk_14_0to331.mp4,40867,41749,dataset_cc_by_4_0_component_partial,not_downloaded
real::kdVaDtUFVFc_68_0to193,AIGVDBench,kdVaDtUFVFc_68_0to193,aigvdbench:kdVaDtUFVFc_68_0to193,train,train,0,,real_video,kdVaDtUFVFc_68_0to193.mp4,c015077760ffe8b42a0a14f1f4a37ec23acf24c406776202b4de59a6fee9a579,087697b2972fcdf9b90a176b35c275e2b32f62d5b98d22dc58d1c72b31c8c0fe,AIGVDBench/Real/Real.zip,videos/kdVaDtUFVFc_68_0to193.mp4,3419154,3419565,dataset_cc_by_4_0_component_partial,not_downloaded
open_sora::kdVaDtUFVFc_68_0to193,AIGVDBench,kdVaDtUFVFc_68_0to193,aigvdbench:kdVaDtUFVFc_68_0to193,train,train,1,Open-Sora,text_to_video,kdVaDtUFVFc_68_0to193.mp4,c015077760ffe8b42a0a14f1f4a37ec23acf24c406776202b4de59a6fee9a579,087697b2972fcdf9b90a176b35c275e2b32f62d5b98d22dc58d1c72b31c8c0fe,AIGVDBench/OpenSource/T2V/Open-Sora.zip,videos/kdVaDtUFVFc_68_0to193.mp4,56583,57394,dataset_cc_by_4_0_component_partial,not_downloaded
real::SCN9HH0eaPc_21_0to297,AIGVDBench,SCN9HH0eaPc_21_0to297,aigvdbench:SCN9HH0eaPc_21_0to297,train,train,0,,real_video,SCN9HH0eaPc_21_0to297.mp4,7fb34e46556c4136a7ce95c7d2e4dffee8c52beef6d94babf8998dd0e04b102f,087ec9d8f652b2fb8bf7e353d177851c080eba75b9161d9f8613552a15e0fe4e,AIGVDBench/Real/Real.zip,videos/SCN9HH0eaPc_21_0to297.mp4,9739049,9738832,dataset_cc_by_4_0_component_partial,not_downloaded
open_sora::SCN9HH0eaPc_21_0to297,AIGVDBench,SCN9HH0eaPc_21_0to297,aigvdbench:SCN9HH0eaPc_21_0to297,train,train,1,Open-Sora,text_to_video,SCN9HH0eaPc_21_0to297.mp4,7fb34e46556c4136a7ce95c7d2e4dffee8c52beef6d94babf8998dd0e04b102f,087ec9d8f652b2fb8bf7e353d177851c080eba75b9161d9f8613552a15e0fe4e,AIGVDBench/OpenSource/T2V/Open-Sora.zip,videos/SCN9HH0eaPc_21_0to297.mp4,62050,62884,dataset_cc_by_4_0_component_partial,not_downloaded
real::dfAOmLOl4NM_8_0to158,AIGVDBench,dfAOmLOl4NM_8_0to158,aigvdbench:dfAOmLOl4NM_8_0to158,train,train,0,,real_video,dfAOmLOl4NM_8_0to158.mp4,24503dfc949e95007c297ba6830bf661101521a54288b52f0985858557c9c898,0884ceec858a37e6ccba6b685bd60f4b4af0653fbe74f6b6617d994b0032b736,AIGVDBench/Real/Real.zip,videos/dfAOmLOl4NM_8_0to158.mp4,2137248,2138326,dataset_cc_by_4_0_component_partial,not_downloaded
open_sora::dfAOmLOl4NM_8_0to158,AIGVDBench,dfAOmLOl4NM_8_0to158,aigvdbench:dfAOmLOl4NM_8_0to158,train,train,1,Open-Sora,text_to_video,dfAOmLOl4NM_8_0to158.mp4,24503dfc949e95007c297ba6830bf661101521a54288b52f0985858557c9c898,0884ceec858a37e6ccba6b685bd60f4b4af0653fbe74f6b6617d994b0032b736,AIGVDBench/OpenSource/T2V/Open-Sora.zip,videos/dfAOmLOl4NM_8_0to158.mp4,39652,40582,dataset_cc_by_4_0_component_partial,not_downloaded
real::4PwQgQafGjE_44_40to429,AIGVDBench,4PwQgQafGjE_44_40to429,aigvdbench:4PwQgQafGjE_44_40to429,train,train,0,,real_video,4PwQgQafGjE_44_40to429.mp4,a86515fd0115ca5a41c947b5efd04a6245da2e00446e15f3d2a594417ea2a4e0,088d46ac1522d3d5a896132d15efbce17505fd09e695aa14de58effec4abf632,AIGVDBench/Real/Real.zip,videos/4PwQgQafGjE_44_40to429.mp4,8542917,8543503,dataset_cc_by_4_0_component_partial,not_downloaded
open_sora::4PwQgQafGjE_44_40to429,AIGVDBench,4PwQgQafGjE_44_40to429,aigvdbench:4PwQgQafGjE_44_40to429,train,train,1,Open-Sora,text_to_video,4PwQgQafGjE_44_40to429.mp4,a86515fd0115ca5a41c947b5efd04a6245da2e00446e15f3d2a594417ea2a4e0,088d46ac1522d3d5a896132d15efbce17505fd09e695aa14de58effec4abf632,AIGVDBench/OpenSource/T2V/Open-Sora.zip,videos/4PwQgQafGjE_44_40to429.mp4,46570,47407,dataset_cc_by_4_0_component_partial,not_downloaded
real::QajVeGfuxv8_6_20to201,AIGVDBench,QajVeGfuxv8_6_20to201,aigvdbench:QajVeGfuxv8_6_20to201,train,train,0,,real_video,QajVeGfuxv8_6_20to201.mp4,3bd7b7308edd9bf4bb10f733c9f78815fef992211290c68e4362f1af6ec446cf,088ed05635ee8804c57f1857f3c3844b4f2a570ab355eb4ac551831887f5dd8a,AIGVDBench/Real/Real.zip,videos/QajVeGfuxv8_6_20to201.mp4,1274303,1275137,dataset_cc_by_4_0_component_partial,not_downloaded
open_sora::QajVeGfuxv8_6_20to201,AIGVDBench,QajVeGfuxv8_6_20to201,aigvdbench:QajVeGfuxv8_6_20to201,train,train,1,Open-Sora,text_to_video,QajVeGfuxv8_6_20to201.mp4,3bd7b7308edd9bf4bb10f733c9f78815fef992211290c68e4362f1af6ec446cf,088ed05635ee8804c57f1857f3c3844b4f2a570ab355eb4ac551831887f5dd8a,AIGVDBench/OpenSource/T2V/Open-Sora.zip,videos/QajVeGfuxv8_6_20to201.mp4,22696,23766,dataset_cc_by_4_0_component_partial,not_downloaded
real::XPvEQG2D9O4_10_63to400,AIGVDBench,XPvEQG2D9O4_10_63to400,aigvdbench:XPvEQG2D9O4_10_63to400,train,train,0,,real_video,XPvEQG2D9O4_10_63to400.mp4,7ef47086e7c92a31635de4d69c1553b2463f03ab066c4242556610263d978596,08a08be1acefdcd89de6bc1f703c45451ff06d0fa1044181373a94d075bec32b,AIGVDBench/Real/Real.zip,videos/XPvEQG2D9O4_10_63to400.mp4,6676216,6676841,dataset_cc_by_4_0_component_partial,not_downloaded
open_sora::XPvEQG2D9O4_10_63to400,AIGVDBench,XPvEQG2D9O4_10_63to400,aigvdbench:XPvEQG2D9O4_10_63to400,train,train,1,Open-Sora,text_to_video,XPvEQG2D9O4_10_63to400.mp4,7ef47086e7c92a31635de4d69c1553b2463f03ab066c4242556610263d978596,08a08be1acefdcd89de6bc1f703c45451ff06d0fa1044181373a94d075bec32b,AIGVDBench/OpenSource/T2V/Open-Sora.zip,videos/XPvEQG2D9O4_10_63to400.mp4,47827,48674,dataset_cc_by_4_0_component_partial,not_downloaded
real::deL_b1rthTA_0_0to1449,AIGVDBench,deL_b1rthTA_0_0to1449,aigvdbench:deL_b1rthTA_0_0to1449,train,train,0,,real_video,deL_b1rthTA_0_0to1449.mp4,4d26b17b419d81b0e1ec7789e63a711e59b29cf3f2f5dc79558ddceb1ff6c872,08a57899239c78f6e21827e93e939090f498eee5f1afd7f4281ce250c20fad24,AIGVDBench/Real/Real.zip,videos/deL_b1rthTA_0_0to1449.mp4,15645320,15648176,dataset_cc_by_4_0_component_partial,not_downloaded
open_sora::deL_b1rthTA_0_0to1449,AIGVDBench,deL_b1rthTA_0_0to1449,aigvdbench:deL_b1rthTA_0_0to1449,train,train,1,Open-Sora,text_to_video,deL_b1rthTA_0_0to1449.mp4,4d26b17b419d81b0e1ec7789e63a711e59b29cf3f2f5dc79558ddceb1ff6c872,08a57899239c78f6e21827e93e939090f498eee5f1afd7f4281ce250c20fad24,AIGVDBench/OpenSource/T2V/Open-Sora.zip,videos/deL_b1rthTA_0_0to1449.mp4,56712,57521,dataset_cc_by_4_0_component_partial,not_downloaded
real::mpuaNpaoIms_32_0to132,AIGVDBench,mpuaNpaoIms_32_0to132,aigvdbench:mpuaNpaoIms_32_0to132,train,train,0,,real_video,mpuaNpaoIms_32_0to132.mp4,d0bdcee1301cc00630bedd4293a206cf26f6ef3efe9aad70ab454f38bbd5a057,08a60a5d669d1d5825d368e25179cf9e4cab3d8081c2dd48494279c8feeda2d1,AIGVDBench/Real/Real.zip,videos/mpuaNpaoIms_32_0to132.mp4,4666754,4666822,dataset_cc_by_4_0_component_partial,not_downloaded
open_sora::mpuaNpaoIms_32_0to132,AIGVDBench,mpuaNpaoIms_32_0to132,aigvdbench:mpuaNpaoIms_32_0to132,train,train,1,Open-Sora,text_to_video,mpuaNpaoIms_32_0to132.mp4,d0bdcee1301cc00630bedd4293a206cf26f6ef3efe9aad70ab454f38bbd5a057,08a60a5d669d1d5825d368e25179cf9e4cab3d8081c2dd48494279c8feeda2d1,AIGVDBench/OpenSource/T2V/Open-Sora.zip,videos/mpuaNpaoIms_32_0to132.mp4,60034,60860,dataset_cc_by_4_0_component_partial,not_downloaded
real::MhBqXU_yMmM_3_0to614,AIGVDBench,MhBqXU_yMmM_3_0to614,aigvdbench:MhBqXU_yMmM_3_0to614,train,train,0,,real_video,MhBqXU_yMmM_3_0to614.mp4,007d128f5dd2bf36c439dd0d0ea679a63f64788b83a842d66f761620c31d471d,08b107216ca153af0d4b521539f19f761088f85b97600261f46226a22edee17d,AIGVDBench/Real/Real.zip,videos/MhBqXU_yMmM_3_0to614.mp4,9750992,9753270,dataset_cc_by_4_0_component_partial,not_downloaded
open_sora::MhBqXU_yMmM_3_0to614,AIGVDBench,MhBqXU_yMmM_3_0to614,aigvdbench:MhBqXU_yMmM_3_0to614,train,train,1,Open-Sora,text_to_video,MhBqXU_yMmM_3_0to614.mp4,007d128f5dd2bf36c439dd0d0ea679a63f64788b83a842d66f761620c31d471d,08b107216ca153af0d4b521539f19f761088f85b97600261f46226a22edee17d,AIGVDBench/OpenSource/T2V/Open-Sora.zip,videos/MhBqXU_yMmM_3_0to614.mp4,104326,105075,dataset_cc_by_4_0_component_partial,not_downloaded
real::NP2ILVtgYdM_19_0to195,AIGVDBench,NP2ILVtgYdM_19_0to195,aigvdbench:NP2ILVtgYdM_19_0to195,train,train,0,,real_video,NP2ILVtgYdM_19_0to195.mp4,08cfe4d02481e0c7dfb892b44ea2544803db58845ed7936ff1916e87ea1cc1f6,08b6c9ddb7e009fb19c4a0975c13c9d8869304196f6e481e5d326fde4b226259,AIGVDBench/Real/Real.zip,videos/NP2ILVtgYdM_19_0to195.mp4,3522272,3522721,dataset_cc_by_4_0_component_partial,not_downloaded
open_sora::NP2ILVtgYdM_19_0to195,AIGVDBench,NP2ILVtgYdM_19_0to195,aigvdbench:NP2ILVtgYdM_19_0to195,train,train,1,Open-Sora,text_to_video,NP2ILVtgYdM_19_0to195.mp4,08cfe4d02481e0c7dfb892b44ea2544803db58845ed7936ff1916e87ea1cc1f6,08b6c9ddb7e009fb19c4a0975c13c9d8869304196f6e481e5d326fde4b226259,AIGVDBench/OpenSource/T2V/Open-Sora.zip,videos/NP2ILVtgYdM_19_0to195.mp4,45785,46646,dataset_cc_by_4_0_component_partial,not_downloaded
real::4nZgSQZSWc0_12_79to191,AIGVDBench,4nZgSQZSWc0_12_79to191,aigvdbench:4nZgSQZSWc0_12_79to191,train,train,0,,real_video,4nZgSQZSWc0_12_79to191.mp4,8b2763084cf700520be92e997f0488a14ccb92ea1953129289c82432eaa79366,08b777be0b9b82e891d1093d750451ca83bce2a2551fecdcd422baa896d9223f,AIGVDBench/Real/Real.zip,videos/4nZgSQZSWc0_12_79to191.mp4,1329119,1329991,dataset_cc_by_4_0_component_partial,not_downloaded
open_sora::4nZgSQZSWc0_12_79to191,AIGVDBench,4nZgSQZSWc0_12_79to191,aigvdbench:4nZgSQZSWc0_12_79to191,train,train,1,Open-Sora,text_to_video,4nZgSQZSWc0_12_79to191.mp4,8b2763084cf700520be92e997f0488a14ccb92ea1953129289c82432eaa79366,08b777be0b9b82e891d1093d750451ca83bce2a2551fecdcd422baa896d9223f,AIGVDBench/OpenSource/T2V/Open-Sora.zip,videos/4nZgSQZSWc0_12_79to191.mp4,55560,56396,dataset_cc_by_4_0_component_partial,not_downloaded
real::hKVz2lml-44_20_0to400,AIGVDBench,hKVz2lml-44_20_0to400,aigvdbench:hKVz2lml-44_20_0to400,train,train,0,,real_video,hKVz2lml-44_20_0to400.mp4,229581caf67f85049af1ce1620139bf7a240d9e5340491ce62979ac39f4b2943,08b9699fff9655f300434a512f0eca65dc52e14f77d498dddbf490c1b9d28410,AIGVDBench/Real/Real.zip,videos/hKVz2lml-44_20_0to400.mp4,10515430,10515803,dataset_cc_by_4_0_component_partial,not_downloaded
open_sora::hKVz2lml-44_20_0to400,AIGVDBench,hKVz2lml-44_20_0to400,aigvdbench:hKVz2lml-44_20_0to400,train,train,1,Open-Sora,text_to_video,hKVz2lml-44_20_0to400.mp4,229581caf67f85049af1ce1620139bf7a240d9e5340491ce62979ac39f4b2943,08b9699fff9655f300434a512f0eca65dc52e14f77d498dddbf490c1b9d28410,AIGVDBench/OpenSource/T2V/Open-Sora.zip,videos/hKVz2lml-44_20_0to400.mp4,58526,59249,dataset_cc_by_4_0_component_partial,not_downloaded
real::XnOPyRIqFH0_26_0to139,AIGVDBench,XnOPyRIqFH0_26_0to139,aigvdbench:XnOPyRIqFH0_26_0to139,train,train,0,,real_video,XnOPyRIqFH0_26_0to139.mp4,f475a7544c7c0195d60206048feb4f7ba20f796d114b6fe61751419607413bdc,08c1ee40448156b68cfe2d18f4e7a23ea8ce6ba8861cc243c111f374bcbe6834,AIGVDBench/Real/Real.zip,videos/XnOPyRIqFH0_26_0to139.mp4,1488754,1489460,dataset_cc_by_4_0_component_partial,not_downloaded
open_sora::XnOPyRIqFH0_26_0to139,AIGVDBench,XnOPyRIqFH0_26_0to139,aigvdbench:XnOPyRIqFH0_26_0to139,train,train,1,Open-Sora,text_to_video,XnOPyRIqFH0_26_0to139.mp4,f475a7544c7c0195d60206048feb4f7ba20f796d114b6fe61751419607413bdc,08c1ee40448156b68cfe2d18f4e7a23ea8ce6ba8861cc243c111f374bcbe6834,AIGVDBench/OpenSource/T2V/Open-Sora.zip,videos/XnOPyRIqFH0_26_0to139.mp4,41933,42822,dataset_cc_by_4_0_component_partial,not_downloaded
real::H5obudBgjKk_6_19to557,AIGVDBench,H5obudBgjKk_6_19to557,aigvdbench:H5obudBgjKk_6_19to557,train,train,0,,real_video,H5obudBgjKk_6_19to557.mp4,ef6d1082b3118ed9b022ada5efad655b5ddbbcd6c00a49747c40ff92622d4f83,08c483cee8f6e16da1cd85f00ac80d81548f1a81ac3ee9b04b54f07ea3caf3e0,AIGVDBench/Real/Real.zip,videos/H5obudBgjKk_6_19to557.mp4,18762132,18762155,dataset_cc_by_4_0_component_partial,not_downloaded
open_sora::H5obudBgjKk_6_19to557,AIGVDBench,H5obudBgjKk_6_19to557,aigvdbench:H5obudBgjKk_6_19to557,train,train,1,Open-Sora,text_to_video,H5obudBgjKk_6_19to557.mp4,ef6d1082b3118ed9b022ada5efad655b5ddbbcd6c00a49747c40ff92622d4f83,08c483cee8f6e16da1cd85f00ac80d81548f1a81ac3ee9b04b54f07ea3caf3e0,AIGVDBench/OpenSource/T2V/Open-Sora.zip,videos/H5obudBgjKk_6_19to557.mp4,48477,49282,dataset_cc_by_4_0_component_partial,not_downloaded
real::2W4RH0G48Y4_1_0to141,AIGVDBench,2W4RH0G48Y4_1_0to141,aigvdbench:2W4RH0G48Y4_1_0to141,train,train,0,,real_video,2W4RH0G48Y4_1_0to141.mp4,f30055da8015afd4cd1e7e5b3f46d7a6456d57a7db1b5e5c092ca3153d95b776,08c5056a5d40727eefd885dc7d318f4cbaf67831632305ef2656929213cbce03,AIGVDBench/Real/Real.zip,videos/2W4RH0G48Y4_1_0to141.mp4,2945708,2946178,dataset_cc_by_4_0_component_partial,not_downloaded
open_sora::2W4RH0G48Y4_1_0to141,AIGVDBench,2W4RH0G48Y4_1_0to141,aigvdbench:2W4RH0G48Y4_1_0to141,train,train,1,Open-Sora,text_to_video,2W4RH0G48Y4_1_0to141.mp4,f30055da8015afd4cd1e7e5b3f46d7a6456d57a7db1b5e5c092ca3153d95b776,08c5056a5d40727eefd885dc7d318f4cbaf67831632305ef2656929213cbce03,AIGVDBench/OpenSource/T2V/Open-Sora.zip,videos/2W4RH0G48Y4_1_0to141.mp4,67210,68028,dataset_cc_by_4_0_component_partial,not_downloaded
real::S-732576H4Y_48_0to176,AIGVDBench,S-732576H4Y_48_0to176,aigvdbench:S-732576H4Y_48_0to176,train,train,0,,real_video,S-732576H4Y_48_0to176.mp4,200107154faaf8e34ae08de42c5cc52c49a8e15ba3363745666282fecaca77bb,08c7cb2bdd8133a94fa159aee214adb7a66419e4988aff129c66f1f673b32006,AIGVDBench/Real/Real.zip,videos/S-732576H4Y_48_0to176.mp4,2896572,2897697,dataset_cc_by_4_0_component_partial,not_downloaded
open_sora::S-732576H4Y_48_0to176,AIGVDBench,S-732576H4Y_48_0to176,aigvdbench:S-732576H4Y_48_0to176,train,train,1,Open-Sora,text_to_video,S-732576H4Y_48_0to176.mp4,200107154faaf8e34ae08de42c5cc52c49a8e15ba3363745666282fecaca77bb,08c7cb2bdd8133a94fa159aee214adb7a66419e4988aff129c66f1f673b32006,AIGVDBench/OpenSource/T2V/Open-Sora.zip,videos/S-732576H4Y_48_0to176.mp4,74033,74727,dataset_cc_by_4_0_component_partial,not_downloaded
real::mzyArbF7dMg_3_147to469,AIGVDBench,mzyArbF7dMg_3_147to469,aigvdbench:mzyArbF7dMg_3_147to469,train,train,0,,real_video,mzyArbF7dMg_3_147to469.mp4,26287ead825f8dd778a601733dd00eb00f4049534b69a5ad26b096b72d4ea789,08cea5489ae55ee2383d3ea5444d37156b0baf22693c9cf20e60cf4e7ed7db4c,AIGVDBench/Real/Real.zip,videos/mzyArbF7dMg_3_147to469.mp4,11878699,11878364,dataset_cc_by_4_0_component_partial,not_downloaded
open_sora::mzyArbF7dMg_3_147to469,AIGVDBench,mzyArbF7dMg_3_147to469,aigvdbench:mzyArbF7dMg_3_147to469,train,train,1,Open-Sora,text_to_video,mzyArbF7dMg_3_147to469.mp4,26287ead825f8dd778a601733dd00eb00f4049534b69a5ad26b096b72d4ea789,08cea5489ae55ee2383d3ea5444d37156b0baf22693c9cf20e60cf4e7ed7db4c,AIGVDBench/OpenSource/T2V/Open-Sora.zip,videos/mzyArbF7dMg_3_147to469.mp4,83770,84503,dataset_cc_by_4_0_component_partial,not_downloaded
real::recdC1ljLCs_11_116to250,AIGVDBench,recdC1ljLCs_11_116to250,aigvdbench:recdC1ljLCs_11_116to250,train,train,0,,real_video,recdC1ljLCs_11_116to250.mp4,c5a8d7ca53bee940f53dc9b5fb141e56e7e0914f78c7fc122eac15998c536912,08cee0d335679496714d680e68ce7b1a09c9b5412bf04d3148898bccbae226f5,AIGVDBench/Real/Real.zip,videos/recdC1ljLCs_11_116to250.mp4,1583548,1584329,dataset_cc_by_4_0_component_partial,not_downloaded
open_sora::recdC1ljLCs_11_116to250,AIGVDBench,recdC1ljLCs_11_116to250,aigvdbench:recdC1ljLCs_11_116to250,train,train,1,Open-Sora,text_to_video,recdC1ljLCs_11_116to250.mp4,c5a8d7ca53bee940f53dc9b5fb141e56e7e0914f78c7fc122eac15998c536912,08cee0d335679496714d680e68ce7b1a09c9b5412bf04d3148898bccbae226f5,AIGVDBench/OpenSource/T2V/Open-Sora.zip,videos/recdC1ljLCs_11_116to250.mp4,57339,58117,dataset_cc_by_4_0_component_partial,not_downloaded
real::kisUSW0hn1c_12_0to267,AIGVDBench,kisUSW0hn1c_12_0to267,aigvdbench:kisUSW0hn1c_12_0to267,train,train,0,,real_video,kisUSW0hn1c_12_0to267.mp4,976f51d1ee782556af3c77c9f9b5c068a71ec24b2c0b320ea74d20e5f46283de,08d04ab830cc1266626cc51f5dd173daa714a9dfd7e46f629625a0f6f84b90b7,AIGVDBench/Real/Real.zip,videos/kisUSW0hn1c_12_0to267.mp4,3332257,3333178,dataset_cc_by_4_0_component_partial,not_downloaded
open_sora::kisUSW0hn1c_12_0to267,AIGVDBench,kisUSW0hn1c_12_0to267,aigvdbench:kisUSW0hn1c_12_0to267,train,train,1,Open-Sora,text_to_video,kisUSW0hn1c_12_0to267.mp4,976f51d1ee782556af3c77c9f9b5c068a71ec24b2c0b320ea74d20e5f46283de,08d04ab830cc1266626cc51f5dd173daa714a9dfd7e46f629625a0f6f84b90b7,AIGVDBench/OpenSource/T2V/Open-Sora.zip,videos/kisUSW0hn1c_12_0to267.mp4,29888,30813,dataset_cc_by_4_0_component_partial,not_downloaded
real::lo6fVLLcDac_9_0to118,AIGVDBench,lo6fVLLcDac_9_0to118,aigvdbench:lo6fVLLcDac_9_0to118,train,train,0,,real_video,lo6fVLLcDac_9_0to118.mp4,7b41826a56f43b83c57db4eebe53511995645f383838571ef8719ec38f25981a,08dcae7ecb276ecc6530a7ad10fbc8b7baf3bb35beb8a522015972d899073e41,AIGVDBench/Real/Real.zip,videos/lo6fVLLcDac_9_0to118.mp4,1391511,1392681,dataset_cc_by_4_0_component_partial,not_downloaded
open_sora::lo6fVLLcDac_9_0to118,AIGVDBench,lo6fVLLcDac_9_0to118,aigvdbench:lo6fVLLcDac_9_0to118,train,train,1,Open-Sora,text_to_video,lo6fVLLcDac_9_0to118.mp4,7b41826a56f43b83c57db4eebe53511995645f383838571ef8719ec38f25981a,08dcae7ecb276ecc6530a7ad10fbc8b7baf3bb35beb8a522015972d899073e41,AIGVDBench/OpenSource/T2V/Open-Sora.zip,videos/lo6fVLLcDac_9_0to118.mp4,52506,53334,dataset_cc_by_4_0_component_partial,not_downloaded
real::s38C4ArmSWg_55_175to280,AIGVDBench,s38C4ArmSWg_55_175to280,aigvdbench:s38C4ArmSWg_55_175to280,train,train,0,,real_video,s38C4ArmSWg_55_175to280.mp4,80a74f77078b28f662de5324194b57ca8c1dbc2d33457975c83d368479a1223b,08e2955e84f1e0ffedcc690551734575b17306e114eb4ac9b12c7df3fab5e7f5,AIGVDBench/Real/Real.zip,videos/s38C4ArmSWg_55_175to280.mp4,3318636,3319219,dataset_cc_by_4_0_component_partial,not_downloaded
open_sora::s38C4ArmSWg_55_175to280,AIGVDBench,s38C4ArmSWg_55_175to280,aigvdbench:s38C4ArmSWg_55_175to280,train,train,1,Open-Sora,text_to_video,s38C4ArmSWg_55_175to280.mp4,80a74f77078b28f662de5324194b57ca8c1dbc2d33457975c83d368479a1223b,08e2955e84f1e0ffedcc690551734575b17306e114eb4ac9b12c7df3fab5e7f5,AIGVDBench/OpenSource/T2V/Open-Sora.zip,videos/s38C4ArmSWg_55_175to280.mp4,69103,69863,dataset_cc_by_4_0_component_partial,not_downloaded
real::jKcbTaegbVs_28_0to128,AIGVDBench,jKcbTaegbVs_28_0to128,aigvdbench:jKcbTaegbVs_28_0to128,train,train,0,,real_video,jKcbTaegbVs_28_0to128.mp4,81e93bc578ce64bf0a8113f22ac870907f4768419f67af471acd0d4c1e34864f,08e4706f44bc7b7804375b7d4dd8c628254f576a38b3fbae34381b7294c1489a,AIGVDBench/Real/Real.zip,videos/jKcbTaegbVs_28_0to128.mp4,1848893,1849837,dataset_cc_by_4_0_component_partial,not_downloaded
open_sora::jKcbTaegbVs_28_0to128,AIGVDBench,jKcbTaegbVs_28_0to128,aigvdbench:jKcbTaegbVs_28_0to128,train,train,1,Open-Sora,text_to_video,jKcbTaegbVs_28_0to128.mp4,81e93bc578ce64bf0a8113f22ac870907f4768419f67af471acd0d4c1e34864f,08e4706f44bc7b7804375b7d4dd8c628254f576a38b3fbae34381b7294c1489a,AIGVDBench/OpenSource/T2V/Open-Sora.zip,videos/jKcbTaegbVs_28_0to128.mp4,49807,50651,dataset_cc_by_4_0_component_partial,not_downloaded
real::4xSKhrsm3AM_7_38to139,AIGVDBench,4xSKhrsm3AM_7_38to139,aigvdbench:4xSKhrsm3AM_7_38to139,train,train,0,,real_video,4xSKhrsm3AM_7_38to139.mp4,edd180d7b2fd30dbf951ec2a58548f33a4497e5641d67189ae8462af92893c31,08eaf6ff34e3b8452060e90dc4d71bdec94eca5da88584585e713f47d809fb69,AIGVDBench/Real/Real.zip,videos/4xSKhrsm3AM_7_38to139.mp4,1620037,1620383,dataset_cc_by_4_0_component_partial,not_downloaded
open_sora::4xSKhrsm3AM_7_38to139,AIGVDBench,4xSKhrsm3AM_7_38to139,aigvdbench:4xSKhrsm3AM_7_38to139,train,train,1,Open-Sora,text_to_video,4xSKhrsm3AM_7_38to139.mp4,edd180d7b2fd30dbf951ec2a58548f33a4497e5641d67189ae8462af92893c31,08eaf6ff34e3b8452060e90dc4d71bdec94eca5da88584585e713f47d809fb69,AIGVDBench/OpenSource/T2V/Open-Sora.zip,videos/4xSKhrsm3AM_7_38to139.mp4,37016,37901,dataset_cc_by_4_0_component_partial,not_downloaded
real::_jAHaAd0vZ0_0_582to971,AIGVDBench,_jAHaAd0vZ0_0_582to971,aigvdbench:_jAHaAd0vZ0_0_582to971,train,train,0,,real_video,_jAHaAd0vZ0_0_582to971.mp4,5de5dab9a22e33fa9570f3a036d1557c3544941dc6fc2ba4759e67d180818913,08ff3b580d1b2a12f65a77610be62fa796b506e5bea084e9d1c2d71e3d5d00d0,AIGVDBench/Real/Real.zip,videos/_jAHaAd0vZ0_0_582to971.mp4,8081499,8081669,dataset_cc_by_4_0_component_partial,not_downloaded
open_sora::_jAHaAd0vZ0_0_582to971,AIGVDBench,_jAHaAd0vZ0_0_582to971,aigvdbench:_jAHaAd0vZ0_0_582to971,train,train,1,Open-Sora,text_to_video,_jAHaAd0vZ0_0_582to971.mp4,5de5dab9a22e33fa9570f3a036d1557c3544941dc6fc2ba4759e67d180818913,08ff3b580d1b2a12f65a77610be62fa796b506e5bea084e9d1c2d71e3d5d00d0,AIGVDBench/OpenSource/T2V/Open-Sora.zip,videos/_jAHaAd0vZ0_0_582to971.mp4,46394,47238,dataset_cc_by_4_0_component_partial,not_downloaded
real::DNU0bXmfXR0_22_0to725,AIGVDBench,DNU0bXmfXR0_22_0to725,aigvdbench:DNU0bXmfXR0_22_0to725,train,train,0,,real_video,DNU0bXmfXR0_22_0to725.mp4,c65720e73c2e6f93a3431617c663a3c06d1693496c3f5f1b6a03878e7e713690,09082b6d5b960ae4852729fbed47b776929f46486199eb78fe03dea26cd39e16,AIGVDBench/Real/Real.zip,videos/DNU0bXmfXR0_22_0to725.mp4,13261157,13265279,dataset_cc_by_4_0_component_partial,not_downloaded
open_sora::DNU0bXmfXR0_22_0to725,AIGVDBench,DNU0bXmfXR0_22_0to725,aigvdbench:DNU0bXmfXR0_22_0to725,train,train,1,Open-Sora,text_to_video,DNU0bXmfXR0_22_0to725.mp4,c65720e73c2e6f93a3431617c663a3c06d1693496c3f5f1b6a03878e7e713690,09082b6d5b960ae4852729fbed47b776929f46486199eb78fe03dea26cd39e16,AIGVDBench/OpenSource/T2V/Open-Sora.zip,videos/DNU0bXmfXR0_22_0to725.mp4,55490,56297,dataset_cc_by_4_0_component_partial,not_downloaded
real::nSO51Kat_MI_51_75to203,AIGVDBench,nSO51Kat_MI_51_75to203,aigvdbench:nSO51Kat_MI_51_75to203,train,train,0,,real_video,nSO51Kat_MI_51_75to203.mp4,9925497175f0d662f107aca16e155d486a2c54b9c2ec7f4f09ac343925e74c98,09085b4100a17db5161c7694f3e467173c5e85fb423e41b4e33e89533ca1a142,AIGVDBench/Real/Real.zip,videos/nSO51Kat_MI_51_75to203.mp4,1834608,1835160,dataset_cc_by_4_0_component_partial,not_downloaded
open_sora::nSO51Kat_MI_51_75to203,AIGVDBench,nSO51Kat_MI_51_75to203,aigvdbench:nSO51Kat_MI_51_75to203,train,train,1,Open-Sora,text_to_video,nSO51Kat_MI_51_75to203.mp4,9925497175f0d662f107aca16e155d486a2c54b9c2ec7f4f09ac343925e74c98,09085b4100a17db5161c7694f3e467173c5e85fb423e41b4e33e89533ca1a142,AIGVDBench/OpenSource/T2V/Open-Sora.zip,videos/nSO51Kat_MI_51_75to203.mp4,42275,43148,dataset_cc_by_4_0_component_partial,not_downloaded
real::magictime_7136539298299530527_0022,AIGVDBench,magictime_7136539298299530527_0022,aigvdbench:magictime_7136539298299530527_0022,train,train,0,,real_video,magictime_7136539298299530527_0022.mp4,7577a051e25fa7d24e5735f05472572af723649da1b83fbc1050eb11d99c39ef,090a546d9afa6fac5934c3adbd12bdb8984f81e134d55d2b3f938a9ad5e2737a,AIGVDBench/Real/Real.zip,videos/magictime_7136539298299530527_0022.mp4,579295,580718,dataset_cc_by_4_0_component_partial,not_downloaded
open_sora::magictime_7136539298299530527_0022,AIGVDBench,magictime_7136539298299530527_0022,aigvdbench:magictime_7136539298299530527_0022,train,train,1,Open-Sora,text_to_video,magictime_7136539298299530527_0022.mp4,7577a051e25fa7d24e5735f05472572af723649da1b83fbc1050eb11d99c39ef,090a546d9afa6fac5934c3adbd12bdb8984f81e134d55d2b3f938a9ad5e2737a,AIGVDBench/OpenSource/T2V/Open-Sora.zip,videos/magictime_7136539298299530527_0022.mp4,61970,62664,dataset_cc_by_4_0_component_partial,not_downloaded
real::0XcS1jPrPPk_30_861to1114,AIGVDBench,0XcS1jPrPPk_30_861to1114,aigvdbench:0XcS1jPrPPk_30_861to1114,train,train,0,,real_video,0XcS1jPrPPk_30_861to1114.mp4,c1fc9813ba97c8c5aa3d2aafe34505d2bf9f1ae56a649f78c5d46cd5eef0bc26,090ae4f3b4d6156cbe48d04fc0015ed4494988990e8b95f926128e2f178ca6f8,AIGVDBench/Real/Real.zip,videos/0XcS1jPrPPk_30_861to1114.mp4,6414610,6414559,dataset_cc_by_4_0_component_partial,not_downloaded
open_sora::0XcS1jPrPPk_30_861to1114,AIGVDBench,0XcS1jPrPPk_30_861to1114,aigvdbench:0XcS1jPrPPk_30_861to1114,train,train,1,Open-Sora,text_to_video,0XcS1jPrPPk_30_861to1114.mp4,c1fc9813ba97c8c5aa3d2aafe34505d2bf9f1ae56a649f78c5d46cd5eef0bc26,090ae4f3b4d6156cbe48d04fc0015ed4494988990e8b95f926128e2f178ca6f8,AIGVDBench/OpenSource/T2V/Open-Sora.zip,videos/0XcS1jPrPPk_30_861to1114.mp4,43969,44807,dataset_cc_by_4_0_component_partial,not_downloaded
real::zRwhnkPE450_10_0to136,AIGVDBench,zRwhnkPE450_10_0to136,aigvdbench:zRwhnkPE450_10_0to136,train,train,0,,real_video,zRwhnkPE450_10_0to136.mp4,4712de1d0974e360b4ebe81a330b6f5f39f2027487f3e717881ff132abaadf0c,090bec4a976c3146eaed3a66486f49637ff943c790a8605bf757385f64e49131,AIGVDBench/Real/Real.zip,videos/zRwhnkPE450_10_0to136.mp4,3226159,3226423,dataset_cc_by_4_0_component_partial,not_downloaded
open_sora::zRwhnkPE450_10_0to136,AIGVDBench,zRwhnkPE450_10_0to136,aigvdbench:zRwhnkPE450_10_0to136,train,train,1,Open-Sora,text_to_video,zRwhnkPE450_10_0to136.mp4,4712de1d0974e360b4ebe81a330b6f5f39f2027487f3e717881ff132abaadf0c,090bec4a976c3146eaed3a66486f49637ff943c790a8605bf757385f64e49131,AIGVDBench/OpenSource/T2V/Open-Sora.zip,videos/zRwhnkPE450_10_0to136.mp4,40797,41607,dataset_cc_by_4_0_component_partial,not_downloaded
real::1XdjneJPURo_23_0to296,AIGVDBench,1XdjneJPURo_23_0to296,aigvdbench:1XdjneJPURo_23_0to296,train,train,0,,real_video,1XdjneJPURo_23_0to296.mp4,2e9f3eb341679693b5a029bfecd0156dca4d691b142e55fabdd2f5377d8e9700,09152c33e0c317c3742243c3383d4c510cc4edd1debb85b4c1dc15cac93b70a2,AIGVDBench/Real/Real.zip,videos/1XdjneJPURo_23_0to296.mp4,3948684,3950116,dataset_cc_by_4_0_component_partial,not_downloaded
open_sora::1XdjneJPURo_23_0to296,AIGVDBench,1XdjneJPURo_23_0to296,aigvdbench:1XdjneJPURo_23_0to296,train,train,1,Open-Sora,text_to_video,1XdjneJPURo_23_0to296.mp4,2e9f3eb341679693b5a029bfecd0156dca4d691b142e55fabdd2f5377d8e9700,09152c33e0c317c3742243c3383d4c510cc4edd1debb85b4c1dc15cac93b70a2,AIGVDBench/OpenSource/T2V/Open-Sora.zip,videos/1XdjneJPURo_23_0to296.mp4,54859,55605,dataset_cc_by_4_0_component_partial,not_downloaded
real::LG3EHF0vh64_47_0to136,AIGVDBench,LG3EHF0vh64_47_0to136,aigvdbench:LG3EHF0vh64_47_0to136,train,train,0,,real_video,LG3EHF0vh64_47_0to136.mp4,ac6c44e7c86a910005ae29c741bb662766da6ac0d61a343ab8d682a56f5b0b8f,09166d2b39d1b853fb3098f52cce5c5edf6ed2238cad457c736514ae135656a6,AIGVDBench/Real/Real.zip,videos/LG3EHF0vh64_47_0to136.mp4,3704270,3705212,dataset_cc_by_4_0_component_partial,not_downloaded
open_sora::LG3EHF0vh64_47_0to136,AIGVDBench,LG3EHF0vh64_47_0to136,aigvdbench:LG3EHF0vh64_47_0to136,train,train,1,Open-Sora,text_to_video,LG3EHF0vh64_47_0to136.mp4,ac6c44e7c86a910005ae29c741bb662766da6ac0d61a343ab8d682a56f5b0b8f,09166d2b39d1b853fb3098f52cce5c5edf6ed2238cad457c736514ae135656a6,AIGVDBench/OpenSource/T2V/Open-Sora.zip,videos/LG3EHF0vh64_47_0to136.mp4,68005,68802,dataset_cc_by_4_0_component_partial,not_downloaded
real::U30n7iM9XoI_8_0to118,AIGVDBench,U30n7iM9XoI_8_0to118,aigvdbench:U30n7iM9XoI_8_0to118,train,train,0,,real_video,U30n7iM9XoI_8_0to118.mp4,92c5f8f8b28b3e398d5600766d7666e5c2d0855480005c62edd85f36847c0d52,092172d691a15e043f81fc4dd1b3f95d65bed55f145bf2fe90c187a00791184a,AIGVDBench/Real/Real.zip,videos/U30n7iM9XoI_8_0to118.mp4,3143194,3143545,dataset_cc_by_4_0_component_partial,not_downloaded
open_sora::U30n7iM9XoI_8_0to118,AIGVDBench,U30n7iM9XoI_8_0to118,aigvdbench:U30n7iM9XoI_8_0to118,train,train,1,Open-Sora,text_to_video,U30n7iM9XoI_8_0to118.mp4,92c5f8f8b28b3e398d5600766d7666e5c2d0855480005c62edd85f36847c0d52,092172d691a15e043f81fc4dd1b3f95d65bed55f145bf2fe90c187a00791184a,AIGVDBench/OpenSource/T2V/Open-Sora.zip,videos/U30n7iM9XoI_8_0to118.mp4,59255,60082,dataset_cc_by_4_0_component_partial,not_downloaded
real::zRRbVdmlrrk_42_81to273,AIGVDBench,zRRbVdmlrrk_42_81to273,aigvdbench:zRRbVdmlrrk_42_81to273,train,train,0,,real_video,zRRbVdmlrrk_42_81to273.mp4,e45ca129446b8c642952d556f2c25a654c5e4c541648881b41c9d417af547d0b,0922b512f91394b9866fc6f86214ac8198358853f086187bf486c7e32a4bad98,AIGVDBench/Real/Real.zip,videos/zRRbVdmlrrk_42_81to273.mp4,2304981,2306341,dataset_cc_by_4_0_component_partial,not_downloaded
open_sora::zRRbVdmlrrk_42_81to273,AIGVDBench,zRRbVdmlrrk_42_81to273,aigvdbench:zRRbVdmlrrk_42_81to273,train,train,1,Open-Sora,text_to_video,zRRbVdmlrrk_42_81to273.mp4,e45ca129446b8c642952d556f2c25a654c5e4c541648881b41c9d417af547d0b,0922b512f91394b9866fc6f86214ac8198358853f086187bf486c7e32a4bad98,AIGVDBench/OpenSource/T2V/Open-Sora.zip,videos/zRRbVdmlrrk_42_81to273.mp4,56260,57066,dataset_cc_by_4_0_component_partial,not_downloaded
real::dBoTTmb_kMk_212_0to127,AIGVDBench,dBoTTmb_kMk_212_0to127,aigvdbench:dBoTTmb_kMk_212_0to127,train,train,0,,real_video,dBoTTmb_kMk_212_0to127.mp4,130f1399f4a102b94da44deb6607d9301de621b9732f7d0b114ee6d4240a4fac,0925169814f3eff392fc4c188144aee10d0c0a60bea4d5e4c964603c7db438b3,AIGVDBench/Real/Real.zip,videos/dBoTTmb_kMk_212_0to127.mp4,2148208,2148709,dataset_cc_by_4_0_component_partial,not_downloaded
open_sora::dBoTTmb_kMk_212_0to127,AIGVDBench,dBoTTmb_kMk_212_0to127,aigvdbench:dBoTTmb_kMk_212_0to127,train,train,1,Open-Sora,text_to_video,dBoTTmb_kMk_212_0to127.mp4,130f1399f4a102b94da44deb6607d9301de621b9732f7d0b114ee6d4240a4fac,0925169814f3eff392fc4c188144aee10d0c0a60bea4d5e4c964603c7db438b3,AIGVDBench/OpenSource/T2V/Open-Sora.zip,videos/dBoTTmb_kMk_212_0to127.mp4,50983,51809,dataset_cc_by_4_0_component_partial,not_downloaded
real::Zj1e5S-_QYs_52_0to131,AIGVDBench,Zj1e5S-_QYs_52_0to131,aigvdbench:Zj1e5S-_QYs_52_0to131,train,train,0,,real_video,Zj1e5S-_QYs_52_0to131.mp4,968e1ccf5878ffce2b8ebc9cf20b1673ae0f6dda2f6de457506c92224a02db82,0925781152c8506b7745559adbeaf24703f7cc08f61981258236ce84121eb45c,AIGVDBench/Real/Real.zip,videos/Zj1e5S-_QYs_52_0to131.mp4,1718208,1719046,dataset_cc_by_4_0_component_partial,not_downloaded
open_sora::Zj1e5S-_QYs_52_0to131,AIGVDBench,Zj1e5S-_QYs_52_0to131,aigvdbench:Zj1e5S-_QYs_52_0to131,train,train,1,Open-Sora,text_to_video,Zj1e5S-_QYs_52_0to131.mp4,968e1ccf5878ffce2b8ebc9cf20b1673ae0f6dda2f6de457506c92224a02db82,0925781152c8506b7745559adbeaf24703f7cc08f61981258236ce84121eb45c,AIGVDBench/OpenSource/T2V/Open-Sora.zip,videos/Zj1e5S-_QYs_52_0to131.mp4,34919,35763,dataset_cc_by_4_0_component_partial,not_downloaded
real::MNHRUPuceLs_2_21to124,AIGVDBench,MNHRUPuceLs_2_21to124,aigvdbench:MNHRUPuceLs_2_21to124,train,train,0,,real_video,MNHRUPuceLs_2_21to124.mp4,a073ebb9d84f430234a9c5364e74663706b510c96bf1473b730ac9a0d79c8a4b,093e809772963c9822148941f7b57dd7465ba4138a854408d94345272d86267e,AIGVDBench/Real/Real.zip,videos/MNHRUPuceLs_2_21to124.mp4,1847816,1848132,dataset_cc_by_4_0_component_partial,not_downloaded
open_sora::MNHRUPuceLs_2_21to124,AIGVDBench,MNHRUPuceLs_2_21to124,aigvdbench:MNHRUPuceLs_2_21to124,train,train,1,Open-Sora,text_to_video,MNHRUPuceLs_2_21to124.mp4,a073ebb9d84f430234a9c5364e74663706b510c96bf1473b730ac9a0d79c8a4b,093e809772963c9822148941f7b57dd7465ba4138a854408d94345272d86267e,AIGVDBench/OpenSource/T2V/Open-Sora.zip,videos/MNHRUPuceLs_2_21to124.mp4,53680,54483,dataset_cc_by_4_0_component_partial,not_downloaded
real::bUk8WrvcQG0_90_0to110,AIGVDBench,bUk8WrvcQG0_90_0to110,aigvdbench:bUk8WrvcQG0_90_0to110,train,train,0,,real_video,bUk8WrvcQG0_90_0to110.mp4,9a210b7394fefe52745411ccbdb9340eca224bd514e5978aa2d9c6e89e206e27,09449a909a514235fc0d5201df6edac9d009deb737049b03e26eaf4cc350430f,AIGVDBench/Real/Real.zip,videos/bUk8WrvcQG0_90_0to110.mp4,2112813,2113509,dataset_cc_by_4_0_component_partial,not_downloaded
open_sora::bUk8WrvcQG0_90_0to110,AIGVDBench,bUk8WrvcQG0_90_0to110,aigvdbench:bUk8WrvcQG0_90_0to110,train,train,1,Open-Sora,text_to_video,bUk8WrvcQG0_90_0to110.mp4,9a210b7394fefe52745411ccbdb9340eca224bd514e5978aa2d9c6e89e206e27,09449a909a514235fc0d5201df6edac9d009deb737049b03e26eaf4cc350430f,AIGVDBench/OpenSource/T2V/Open-Sora.zip,videos/bUk8WrvcQG0_90_0to110.mp4,37651,38501,dataset_cc_by_4_0_component_partial,not_downloaded
real::KSA-Sh8y46s_14_24to153,AIGVDBench,KSA-Sh8y46s_14_24to153,aigvdbench:KSA-Sh8y46s_14_24to153,train,train,0,,real_video,KSA-Sh8y46s_14_24to153.mp4,c683c4eb8bc944092ea4494300e7cde4be1c594e57974a200b756106fc4abad6,0944db56c2fc3c23e88304bc16cd7bf71c03a6a30793fee3bf2c8e557df661f0,AIGVDBench/Real/Real.zip,videos/KSA-Sh8y46s_14_24to153.mp4,3316232,3316583,dataset_cc_by_4_0_component_partial,not_downloaded
open_sora::KSA-Sh8y46s_14_24to153,AIGVDBench,KSA-Sh8y46s_14_24to153,aigvdbench:KSA-Sh8y46s_14_24to153,train,train,1,Open-Sora,text_to_video,KSA-Sh8y46s_14_24to153.mp4,c683c4eb8bc944092ea4494300e7cde4be1c594e57974a200b756106fc4abad6,0944db56c2fc3c23e88304bc16cd7bf71c03a6a30793fee3bf2c8e557df661f0,AIGVDBench/OpenSource/T2V/Open-Sora.zip,videos/KSA-Sh8y46s_14_24to153.mp4,69812,70539,dataset_cc_by_4_0_component_partial,not_downloaded
real::3hVN9CK-qzI_3_0to290,AIGVDBench,3hVN9CK-qzI_3_0to290,aigvdbench:3hVN9CK-qzI_3_0to290,train,train,0,,real_video,3hVN9CK-qzI_3_0to290.mp4,fd9000ee76659de40e9a4cbef1a3f42bbd011e3551f90e22d2111c1b637833da,0946888b7957e933ed37d905f79059746022ce228193cdb41570b7777a86a329,AIGVDBench/Real/Real.zip,videos/3hVN9CK-qzI_3_0to290.mp4,3969910,3970947,dataset_cc_by_4_0_component_partial,not_downloaded
open_sora::3hVN9CK-qzI_3_0to290,AIGVDBench,3hVN9CK-qzI_3_0to290,aigvdbench:3hVN9CK-qzI_3_0to290,train,train,1,Open-Sora,text_to_video,3hVN9CK-qzI_3_0to290.mp4,fd9000ee76659de40e9a4cbef1a3f42bbd011e3551f90e22d2111c1b637833da,0946888b7957e933ed37d905f79059746022ce228193cdb41570b7777a86a329,AIGVDBench/OpenSource/T2V/Open-Sora.zip,videos/3hVN9CK-qzI_3_0to290.mp4,43179,44035,dataset_cc_by_4_0_component_partial,not_downloaded
real::ixO604-OE20_39_596to864,AIGVDBench,ixO604-OE20_39_596to864,aigvdbench:ixO604-OE20_39_596to864,train,train,0,,real_video,ixO604-OE20_39_596to864.mp4,ded870dab5732c6f36d19d7435dd75ab1596460abe13a5afa85a4efcceb563ff,094fba61cda4fc4bcba1b00eb54d1f7dd01bd32f1f47e5ffb298f81bdb7e298e,AIGVDBench/Real/Real.zip,videos/ixO604-OE20_39_596to864.mp4,2283540,2285143,dataset_cc_by_4_0_component_partial,not_downloaded
open_sora::ixO604-OE20_39_596to864,AIGVDBench,ixO604-OE20_39_596to864,aigvdbench:ixO604-OE20_39_596to864,train,train,1,Open-Sora,text_to_video,ixO604-OE20_39_596to864.mp4,ded870dab5732c6f36d19d7435dd75ab1596460abe13a5afa85a4efcceb563ff,094fba61cda4fc4bcba1b00eb54d1f7dd01bd32f1f47e5ffb298f81bdb7e298e,AIGVDBench/OpenSource/T2V/Open-Sora.zip,videos/ixO604-OE20_39_596to864.mp4,45244,46098,dataset_cc_by_4_0_component_partial,not_downloaded
real::3nNrbrvnsxU_43_28to244,AIGVDBench,3nNrbrvnsxU_43_28to244,aigvdbench:3nNrbrvnsxU_43_28to244,train,train,0,,real_video,3nNrbrvnsxU_43_28to244.mp4,6ba75480f54c7b8654369c76db8f9710a8e324362d23889d1923f50384a8293c,0954296be48570a91c89cd4759783973d942ea6bab5a40735738a87a777ed70e,AIGVDBench/Real/Real.zip,videos/3nNrbrvnsxU_43_28to244.mp4,1928578,1930136,dataset_cc_by_4_0_component_partial,not_downloaded
open_sora::3nNrbrvnsxU_43_28to244,AIGVDBench,3nNrbrvnsxU_43_28to244,aigvdbench:3nNrbrvnsxU_43_28to244,train,train,1,Open-Sora,text_to_video,3nNrbrvnsxU_43_28to244.mp4,6ba75480f54c7b8654369c76db8f9710a8e324362d23889d1923f50384a8293c,0954296be48570a91c89cd4759783973d942ea6bab5a40735738a87a777ed70e,AIGVDBench/OpenSource/T2V/Open-Sora.zip,videos/3nNrbrvnsxU_43_28to244.mp4,37651,38563,dataset_cc_by_4_0_component_partial,not_downloaded
real::pOZtOaHTq1A_23_36to145,AIGVDBench,pOZtOaHTq1A_23_36to145,aigvdbench:pOZtOaHTq1A_23_36to145,train,train,0,,real_video,pOZtOaHTq1A_23_36to145.mp4,2084f7a0088e2c5b50c3cefa51954a3a5993a7863b09bed24b7c320cbba6c438,095fba69f763c0f9d825a0d764d677c9e57d28d92e4dd79049cffb33cfb8c692,AIGVDBench/Real/Real.zip,videos/pOZtOaHTq1A_23_36to145.mp4,2403904,2404144,dataset_cc_by_4_0_component_partial,not_downloaded
open_sora::pOZtOaHTq1A_23_36to145,AIGVDBench,pOZtOaHTq1A_23_36to145,aigvdbench:pOZtOaHTq1A_23_36to145,train,train,1,Open-Sora,text_to_video,pOZtOaHTq1A_23_36to145.mp4,2084f7a0088e2c5b50c3cefa51954a3a5993a7863b09bed24b7c320cbba6c438,095fba69f763c0f9d825a0d764d677c9e57d28d92e4dd79049cffb33cfb8c692,AIGVDBench/OpenSource/T2V/Open-Sora.zip,videos/pOZtOaHTq1A_23_36to145.mp4,55108,55958,dataset_cc_by_4_0_component_partial,not_downloaded
real::fOZuB-PeY1g_22_76to207,AIGVDBench,fOZuB-PeY1g_22_76to207,aigvdbench:fOZuB-PeY1g_22_76to207,train,train,0,,real_video,fOZuB-PeY1g_22_76to207.mp4,3e1a4f991b2745b3a959cb933c03bfe32d9260e6f4955b491286d3d5207e42cf,09610f35c91d3b60b687e99171db648863ced9acc87b2aec95b8398fa15e6e0c,AIGVDBench/Real/Real.zip,videos/fOZuB-PeY1g_22_76to207.mp4,1888333,1888735,dataset_cc_by_4_0_component_partial,not_downloaded
open_sora::fOZuB-PeY1g_22_76to207,AIGVDBench,fOZuB-PeY1g_22_76to207,aigvdbench:fOZuB-PeY1g_22_76to207,train,train,1,Open-Sora,text_to_video,fOZuB-PeY1g_22_76to207.mp4,3e1a4f991b2745b3a959cb933c03bfe32d9260e6f4955b491286d3d5207e42cf,09610f35c91d3b60b687e99171db648863ced9acc87b2aec95b8398fa15e6e0c,AIGVDBench/OpenSource/T2V/Open-Sora.zip,videos/fOZuB-PeY1g_22_76to207.mp4,71485,72194,dataset_cc_by_4_0_component_partial,not_downloaded
real::ZYkzQUuCgpM_2_0to431,AIGVDBench,ZYkzQUuCgpM_2_0to431,aigvdbench:ZYkzQUuCgpM_2_0to431,train,train,0,,real_video,ZYkzQUuCgpM_2_0to431.mp4,da67cce7d050162f17a69fcd5439458e196a3a9997e9e35609aeb4c1d7c11344,0967a2c9058b525579ab3ba2b8f6f723b2f3a34c352a769271534a773599a13a,AIGVDBench/Real/Real.zip,videos/ZYkzQUuCgpM_2_0to431.mp4,12426047,12427069,dataset_cc_by_4_0_component_partial,not_downloaded
open_sora::ZYkzQUuCgpM_2_0to431,AIGVDBench,ZYkzQUuCgpM_2_0to431,aigvdbench:ZYkzQUuCgpM_2_0to431,train,train,1,Open-Sora,text_to_video,ZYkzQUuCgpM_2_0to431.mp4,da67cce7d050162f17a69fcd5439458e196a3a9997e9e35609aeb4c1d7c11344,0967a2c9058b525579ab3ba2b8f6f723b2f3a34c352a769271534a773599a13a,AIGVDBench/OpenSource/T2V/Open-Sora.zip,videos/ZYkzQUuCgpM_2_0to431.mp4,40183,41071,dataset_cc_by_4_0_component_partial,not_downloaded
real::I1xDfIO1IGA_21_23to247,AIGVDBench,I1xDfIO1IGA_21_23to247,aigvdbench:I1xDfIO1IGA_21_23to247,train,train,0,,real_video,I1xDfIO1IGA_21_23to247.mp4,d2d993e83f453433a9d5d1238968d67fbed39fdc7c031a850c6821907edda92f,09689f4868e74f2be1730558586bc88169fb746ed3228f0f4f895965ccdfc618,AIGVDBench/Real/Real.zip,videos/I1xDfIO1IGA_21_23to247.mp4,4100008,4100267,dataset_cc_by_4_0_component_partial,not_downloaded
open_sora::I1xDfIO1IGA_21_23to247,AIGVDBench,I1xDfIO1IGA_21_23to247,aigvdbench:I1xDfIO1IGA_21_23to247,train,train,1,Open-Sora,text_to_video,I1xDfIO1IGA_21_23to247.mp4,d2d993e83f453433a9d5d1238968d67fbed39fdc7c031a850c6821907edda92f,09689f4868e74f2be1730558586bc88169fb746ed3228f0f4f895965ccdfc618,AIGVDBench/OpenSource/T2V/Open-Sora.zip,videos/I1xDfIO1IGA_21_23to247.mp4,50696,51549,dataset_cc_by_4_0_component_partial,not_downloaded
real::GdiuZkPHF1c_3_0to142,AIGVDBench,GdiuZkPHF1c_3_0to142,aigvdbench:GdiuZkPHF1c_3_0to142,train,train,0,,real_video,GdiuZkPHF1c_3_0to142.mp4,a547a2999a560afc6a36d5a0037b9c7a919d97ccd55fd4a50fb3608a8d893b28,0985118037785aae9769095ab7b26fb6694ba2851a33e9fa5e5fb1749e7e6ed1,AIGVDBench/Real/Real.zip,videos/GdiuZkPHF1c_3_0to142.mp4,2588979,2589347,dataset_cc_by_4_0_component_partial,not_downloaded
open_sora::GdiuZkPHF1c_3_0to142,AIGVDBench,GdiuZkPHF1c_3_0to142,aigvdbench:GdiuZkPHF1c_3_0to142,train,train,1,Open-Sora,text_to_video,GdiuZkPHF1c_3_0to142.mp4,a547a2999a560afc6a36d5a0037b9c7a919d97ccd55fd4a50fb3608a8d893b28,0985118037785aae9769095ab7b26fb6694ba2851a33e9fa5e5fb1749e7e6ed1,AIGVDBench/OpenSource/T2V/Open-Sora.zip,videos/GdiuZkPHF1c_3_0to142.mp4,40604,41488,dataset_cc_by_4_0_component_partial,not_downloaded
real::QU1YIiHrY7I_131_0to117,AIGVDBench,QU1YIiHrY7I_131_0to117,aigvdbench:QU1YIiHrY7I_131_0to117,train,train,0,,real_video,QU1YIiHrY7I_131_0to117.mp4,a33df0d80b9fed770af91641696d6d8f19cf6366bb937197e7cab3485747d10c,098666ed2f90aa279820aa2b174351df476413d0e23a6816c234d52122bc254f,AIGVDBench/Real/Real.zip,videos/QU1YIiHrY7I_131_0to117.mp4,1943272,1943739,dataset_cc_by_4_0_component_partial,not_downloaded
open_sora::QU1YIiHrY7I_131_0to117,AIGVDBench,QU1YIiHrY7I_131_0to117,aigvdbench:QU1YIiHrY7I_131_0to117,train,train,1,Open-Sora,text_to_video,QU1YIiHrY7I_131_0to117.mp4,a33df0d80b9fed770af91641696d6d8f19cf6366bb937197e7cab3485747d10c,098666ed2f90aa279820aa2b174351df476413d0e23a6816c234d52122bc254f,AIGVDBench/OpenSource/T2V/Open-Sora.zip,videos/QU1YIiHrY7I_131_0to117.mp4,60426,61134,dataset_cc_by_4_0_component_partial,not_downloaded
real::YJixpqOimS8_20_521to815,AIGVDBench,YJixpqOimS8_20_521to815,aigvdbench:YJixpqOimS8_20_521to815,train,train,0,,real_video,YJixpqOimS8_20_521to815.mp4,13d1381aa787e6be488ef350f0719284ffce00499a893e3576ac9a6b8887db0a,0991c67e850a324abddff1878d07d1fe43c935c6776775ad4253de3f57db75ae,AIGVDBench/Real/Real.zip,videos/YJixpqOimS8_20_521to815.mp4,5226144,5226486,dataset_cc_by_4_0_component_partial,not_downloaded
open_sora::YJixpqOimS8_20_521to815,AIGVDBench,YJixpqOimS8_20_521to815,aigvdbench:YJixpqOimS8_20_521to815,train,train,1,Open-Sora,text_to_video,YJixpqOimS8_20_521to815.mp4,13d1381aa787e6be488ef350f0719284ffce00499a893e3576ac9a6b8887db0a,0991c67e850a324abddff1878d07d1fe43c935c6776775ad4253de3f57db75ae,AIGVDBench/OpenSource/T2V/Open-Sora.zip,videos/YJixpqOimS8_20_521to815.mp4,49421,50254,dataset_cc_by_4_0_component_partial,not_downloaded
real::BRwpgFwGH1M_47_0to111,AIGVDBench,BRwpgFwGH1M_47_0to111,aigvdbench:BRwpgFwGH1M_47_0to111,train,train,0,,real_video,BRwpgFwGH1M_47_0to111.mp4,83de809e373fbf5829f98d0df687773f67ecf834b2c5976a0c5467095fc75471,0992009904e415f589dc18b6964b0e98e9dec0d5be45ad3cc19dda023f98ec7e,AIGVDBench/Real/Real.zip,videos/BRwpgFwGH1M_47_0to111.mp4,1438528,1439384,dataset_cc_by_4_0_component_partial,not_downloaded
open_sora::BRwpgFwGH1M_47_0to111,AIGVDBench,BRwpgFwGH1M_47_0to111,aigvdbench:BRwpgFwGH1M_47_0to111,train,train,1,Open-Sora,text_to_video,BRwpgFwGH1M_47_0to111.mp4,83de809e373fbf5829f98d0df687773f67ecf834b2c5976a0c5467095fc75471,0992009904e415f589dc18b6964b0e98e9dec0d5be45ad3cc19dda023f98ec7e,AIGVDBench/OpenSource/T2V/Open-Sora.zip,videos/BRwpgFwGH1M_47_0to111.mp4,57953,58705,dataset_cc_by_4_0_component_partial,not_downloaded
real::CmAHqbHYJJ0_0_0to657,AIGVDBench,CmAHqbHYJJ0_0_0to657,aigvdbench:CmAHqbHYJJ0_0_0to657,train,train,0,,real_video,CmAHqbHYJJ0_0_0to657.mp4,2e37da76661762e65f57f615ba240c97bc0ca6c87ee764b445964259e0839f82,0992e6ec9cfba491449e24b5d3c273709e1765d5a6acd060b94629c9237c462c,AIGVDBench/Real/Real.zip,videos/CmAHqbHYJJ0_0_0to657.mp4,13301018,13301318,dataset_cc_by_4_0_component_partial,not_downloaded
open_sora::CmAHqbHYJJ0_0_0to657,AIGVDBench,CmAHqbHYJJ0_0_0to657,aigvdbench:CmAHqbHYJJ0_0_0to657,train,train,1,Open-Sora,text_to_video,CmAHqbHYJJ0_0_0to657.mp4,2e37da76661762e65f57f615ba240c97bc0ca6c87ee764b445964259e0839f82,0992e6ec9cfba491449e24b5d3c273709e1765d5a6acd060b94629c9237c462c,AIGVDBench/OpenSource/T2V/Open-Sora.zip,videos/CmAHqbHYJJ0_0_0to657.mp4,40114,40925,dataset_cc_by_4_0_component_partial,not_downloaded
real::8Ofgj2KDbfk_7_74to290,AIGVDBench,8Ofgj2KDbfk_7_74to290,aigvdbench:8Ofgj2KDbfk_7_74to290,train,train,0,,real_video,8Ofgj2KDbfk_7_74to290.mp4,a61656ef9cbf759c699d94f01191e273d733c7491e2515a0fc015d9477a6b7a2,099384173cd89636d988b4e52a38728b20081815779f5ffce11af41805d06c38,AIGVDBench/Real/Real.zip,videos/8Ofgj2KDbfk_7_74to290.mp4,1926164,1927227,dataset_cc_by_4_0_component_partial,not_downloaded
open_sora::8Ofgj2KDbfk_7_74to290,AIGVDBench,8Ofgj2KDbfk_7_74to290,aigvdbench:8Ofgj2KDbfk_7_74to290,train,train,1,Open-Sora,text_to_video,8Ofgj2KDbfk_7_74to290.mp4,a61656ef9cbf759c699d94f01191e273d733c7491e2515a0fc015d9477a6b7a2,099384173cd89636d988b4e52a38728b20081815779f5ffce11af41805d06c38,AIGVDBench/OpenSource/T2V/Open-Sora.zip,videos/8Ofgj2KDbfk_7_74to290.mp4,44306,45128,dataset_cc_by_4_0_component_partial,not_downloaded
real::SUx203wm9WU_13_75to176,AIGVDBench,SUx203wm9WU_13_75to176,aigvdbench:SUx203wm9WU_13_75to176,train,train,0,,real_video,SUx203wm9WU_13_75to176.mp4,380ad4723aeb25cf7307bfae4af755a97c6aba6f0eea4e70c198b51a13e98a61,0993e32cb114ed603a455ce57c04f57bbcaecb7d59671989cad6c86cc01d38e7,AIGVDBench/Real/Real.zip,videos/SUx203wm9WU_13_75to176.mp4,2687807,2687945,dataset_cc_by_4_0_component_partial,not_downloaded
open_sora::SUx203wm9WU_13_75to176,AIGVDBench,SUx203wm9WU_13_75to176,aigvdbench:SUx203wm9WU_13_75to176,train,train,1,Open-Sora,text_to_video,SUx203wm9WU_13_75to176.mp4,380ad4723aeb25cf7307bfae4af755a97c6aba6f0eea4e70c198b51a13e98a61,0993e32cb114ed603a455ce57c04f57bbcaecb7d59671989cad6c86cc01d38e7,AIGVDBench/OpenSource/T2V/Open-Sora.zip,videos/SUx203wm9WU_13_75to176.mp4,63768,64548,dataset_cc_by_4_0_component_partial,not_downloaded
real::37OWIFbjekY_0_0to136,AIGVDBench,37OWIFbjekY_0_0to136,aigvdbench:37OWIFbjekY_0_0to136,train,train,0,,real_video,37OWIFbjekY_0_0to136.mp4,1d3bd8d92b252c81ac1bed59513c1bd24a024bd4d27cc2e3aca03e764903e990,0998621154040fe8135c9b4886d0dfa5861a62a38c1f8bc7bb580d815169d883,AIGVDBench/Real/Real.zip,videos/37OWIFbjekY_0_0to136.mp4,2716899,2717691,dataset_cc_by_4_0_component_partial,not_downloaded
open_sora::37OWIFbjekY_0_0to136,AIGVDBench,37OWIFbjekY_0_0to136,aigvdbench:37OWIFbjekY_0_0to136,train,train,1,Open-Sora,text_to_video,37OWIFbjekY_0_0to136.mp4,1d3bd8d92b252c81ac1bed59513c1bd24a024bd4d27cc2e3aca03e764903e990,0998621154040fe8135c9b4886d0dfa5861a62a38c1f8bc7bb580d815169d883,AIGVDBench/OpenSource/T2V/Open-Sora.zip,videos/37OWIFbjekY_0_0to136.mp4,56990,57809,dataset_cc_by_4_0_component_partial,not_downloaded
real::KW-HlCaKoz4_79_0to184,AIGVDBench,KW-HlCaKoz4_79_0to184,aigvdbench:KW-HlCaKoz4_79_0to184,train,train,0,,real_video,KW-HlCaKoz4_79_0to184.mp4,9b9d5bef298549975458d770dde0dc11bdddcd6d25e664e4c031e6f1090b259e,099d22d73cd854654e000d561f9432986b490494b210562d316ec793a64b2ec7,AIGVDBench/Real/Real.zip,videos/KW-HlCaKoz4_79_0to184.mp4,6528710,6528702,dataset_cc_by_4_0_component_partial,not_downloaded
open_sora::KW-HlCaKoz4_79_0to184,AIGVDBench,KW-HlCaKoz4_79_0to184,aigvdbench:KW-HlCaKoz4_79_0to184,train,train,1,Open-Sora,text_to_video,KW-HlCaKoz4_79_0to184.mp4,9b9d5bef298549975458d770dde0dc11bdddcd6d25e664e4c031e6f1090b259e,099d22d73cd854654e000d561f9432986b490494b210562d316ec793a64b2ec7,AIGVDBench/OpenSource/T2V/Open-Sora.zip,videos/KW-HlCaKoz4_79_0to184.mp4,58061,58897,dataset_cc_by_4_0_component_partial,not_downloaded
real::Ww0J-oEECLo_7_22to136,AIGVDBench,Ww0J-oEECLo_7_22to136,aigvdbench:Ww0J-oEECLo_7_22to136,train,train,0,,real_video,Ww0J-oEECLo_7_22to136.mp4,f766dd4c0efa0a39eba33b96e79c5d7b413d8d47c7a3df327dd1e8c93fb8eeb0,099e3b57378dc2eebdf429fbfc12f7d6afb3c48e7d8667a81f2fab50a12a807e,AIGVDBench/Real/Real.zip,videos/Ww0J-oEECLo_7_22to136.mp4,3985365,3985247,dataset_cc_by_4_0_component_partial,not_downloaded
open_sora::Ww0J-oEECLo_7_22to136,AIGVDBench,Ww0J-oEECLo_7_22to136,aigvdbench:Ww0J-oEECLo_7_22to136,train,train,1,Open-Sora,text_to_video,Ww0J-oEECLo_7_22to136.mp4,f766dd4c0efa0a39eba33b96e79c5d7b413d8d47c7a3df327dd1e8c93fb8eeb0,099e3b57378dc2eebdf429fbfc12f7d6afb3c48e7d8667a81f2fab50a12a807e,AIGVDBench/OpenSource/T2V/Open-Sora.zip,videos/Ww0J-oEECLo_7_22to136.mp4,65350,66139,dataset_cc_by_4_0_component_partial,not_downloaded
real::7umDrAzKlZI_44_66to186,AIGVDBench,7umDrAzKlZI_44_66to186,aigvdbench:7umDrAzKlZI_44_66to186,train,train,0,,real_video,7umDrAzKlZI_44_66to186.mp4,b8d6ffe08287d7c1b5bc58ca935cc2e71ca36753051dd797072c299e45d60d0f,099fc3f8f2839405cdabf470fb9a084317361c2346d1547501e814d8f31bd051,AIGVDBench/Real/Real.zip,videos/7umDrAzKlZI_44_66to186.mp4,1864207,1864679,dataset_cc_by_4_0_component_partial,not_downloaded
open_sora::7umDrAzKlZI_44_66to186,AIGVDBench,7umDrAzKlZI_44_66to186,aigvdbench:7umDrAzKlZI_44_66to186,train,train,1,Open-Sora,text_to_video,7umDrAzKlZI_44_66to186.mp4,b8d6ffe08287d7c1b5bc58ca935cc2e71ca36753051dd797072c299e45d60d0f,099fc3f8f2839405cdabf470fb9a084317361c2346d1547501e814d8f31bd051,AIGVDBench/OpenSource/T2V/Open-Sora.zip,videos/7umDrAzKlZI_44_66to186.mp4,40339,41220,dataset_cc_by_4_0_component_partial,not_downloaded
real::Avvj7SvYI-0_0_0to170,AIGVDBench,Avvj7SvYI-0_0_0to170,aigvdbench:Avvj7SvYI-0_0_0to170,train,train,0,,real_video,Avvj7SvYI-0_0_0to170.mp4,e56ef750eb9a12ebf8281b60b0a09a575d44008aa7ddf653e074212fbfe862c3,09a0bc24027bca9e51f25bb50a9351a1465156424d8f8f54d40a07a9b70f6bf3,AIGVDBench/Real/Real.zip,videos/Avvj7SvYI-0_0_0to170.mp4,1676322,1676936,dataset_cc_by_4_0_component_partial,not_downloaded
open_sora::Avvj7SvYI-0_0_0to170,AIGVDBench,Avvj7SvYI-0_0_0to170,aigvdbench:Avvj7SvYI-0_0_0to170,train,train,1,Open-Sora,text_to_video,Avvj7SvYI-0_0_0to170.mp4,e56ef750eb9a12ebf8281b60b0a09a575d44008aa7ddf653e074212fbfe862c3,09a0bc24027bca9e51f25bb50a9351a1465156424d8f8f54d40a07a9b70f6bf3,AIGVDBench/OpenSource/T2V/Open-Sora.zip,videos/Avvj7SvYI-0_0_0to170.mp4,54912,55701,dataset_cc_by_4_0_component_partial,not_downloaded
real::WE0PcMAe3Zo_38_23to159,AIGVDBench,WE0PcMAe3Zo_38_23to159,aigvdbench:WE0PcMAe3Zo_38_23to159,train,train,0,,real_video,WE0PcMAe3Zo_38_23to159.mp4,7f902e20db2567e6e2dd0c70ab258a9ee8bfb4a25091797aaa4c896108502ccf,09a0e97130e2231b07e2893356a94b655d99a05547b593741e53554a6da7817a,AIGVDBench/Real/Real.zip,videos/WE0PcMAe3Zo_38_23to159.mp4,1988755,1989828,dataset_cc_by_4_0_component_partial,not_downloaded
open_sora::WE0PcMAe3Zo_38_23to159,AIGVDBench,WE0PcMAe3Zo_38_23to159,aigvdbench:WE0PcMAe3Zo_38_23to159,train,train,1,Open-Sora,text_to_video,WE0PcMAe3Zo_38_23to159.mp4,7f902e20db2567e6e2dd0c70ab258a9ee8bfb4a25091797aaa4c896108502ccf,09a0e97130e2231b07e2893356a94b655d99a05547b593741e53554a6da7817a,AIGVDBench/OpenSource/T2V/Open-Sora.zip,videos/WE0PcMAe3Zo_38_23to159.mp4,32154,33141,dataset_cc_by_4_0_component_partial,not_downloaded
real::PD5KXJ6y8U0_53_39to269,AIGVDBench,PD5KXJ6y8U0_53_39to269,aigvdbench:PD5KXJ6y8U0_53_39to269,train,train,0,,real_video,PD5KXJ6y8U0_53_39to269.mp4,5d9c9f9486e7cd035e20b1d26ec595a9cdcf9e6b798613b2e0cacca1d95514f2,09a3bfd270b67f8fc440e70eb83b7cf5dc877af0a5bf186c6ac5bbd24353a68f,AIGVDBench/Real/Real.zip,videos/PD5KXJ6y8U0_53_39to269.mp4,6579013,6579305,dataset_cc_by_4_0_component_partial,not_downloaded
open_sora::PD5KXJ6y8U0_53_39to269,AIGVDBench,PD5KXJ6y8U0_53_39to269,aigvdbench:PD5KXJ6y8U0_53_39to269,train,train,1,Open-Sora,text_to_video,PD5KXJ6y8U0_53_39to269.mp4,5d9c9f9486e7cd035e20b1d26ec595a9cdcf9e6b798613b2e0cacca1d95514f2,09a3bfd270b67f8fc440e70eb83b7cf5dc877af0a5bf186c6ac5bbd24353a68f,AIGVDBench/OpenSource/T2V/Open-Sora.zip,videos/PD5KXJ6y8U0_53_39to269.mp4,56916,57726,dataset_cc_by_4_0_component_partial,not_downloaded
real::wd8MNYA2A9E_19_0to123,AIGVDBench,wd8MNYA2A9E_19_0to123,aigvdbench:wd8MNYA2A9E_19_0to123,train,train,0,,real_video,wd8MNYA2A9E_19_0to123.mp4,ab3f936c94bd754c9f9e8dce4b555e0cf33c42820b3e8a74b21c50cd523db083,09a5be7d48aad2689568d0fec749d36277b2d4a4f5c4c0c68e3539dce14e69c9,AIGVDBench/Real/Real.zip,videos/wd8MNYA2A9E_19_0to123.mp4,2070640,2071051,dataset_cc_by_4_0_component_partial,not_downloaded
open_sora::wd8MNYA2A9E_19_0to123,AIGVDBench,wd8MNYA2A9E_19_0to123,aigvdbench:wd8MNYA2A9E_19_0to123,train,train,1,Open-Sora,text_to_video,wd8MNYA2A9E_19_0to123.mp4,ab3f936c94bd754c9f9e8dce4b555e0cf33c42820b3e8a74b21c50cd523db083,09a5be7d48aad2689568d0fec749d36277b2d4a4f5c4c0c68e3539dce14e69c9,AIGVDBench/OpenSource/T2V/Open-Sora.zip,videos/wd8MNYA2A9E_19_0to123.mp4,37893,38806,dataset_cc_by_4_0_component_partial,not_downloaded
real::YAtWxX_WVyg_25_0to125,AIGVDBench,YAtWxX_WVyg_25_0to125,aigvdbench:YAtWxX_WVyg_25_0to125,train,train,0,,real_video,YAtWxX_WVyg_25_0to125.mp4,1e2e0da1b59a063606837d5f45fa1df7bab4077569268b4fd67358cb9c4d16ca,09a6b8837fcf73a1fc73c6aa2133fe149e8d933468cd5b672b30650cc75f0a79,AIGVDBench/Real/Real.zip,videos/YAtWxX_WVyg_25_0to125.mp4,2639546,2639866,dataset_cc_by_4_0_component_partial,not_downloaded
open_sora::YAtWxX_WVyg_25_0to125,AIGVDBench,YAtWxX_WVyg_25_0to125,aigvdbench:YAtWxX_WVyg_25_0to125,train,train,1,Open-Sora,text_to_video,YAtWxX_WVyg_25_0to125.mp4,1e2e0da1b59a063606837d5f45fa1df7bab4077569268b4fd67358cb9c4d16ca,09a6b8837fcf73a1fc73c6aa2133fe149e8d933468cd5b672b30650cc75f0a79,AIGVDBench/OpenSource/T2V/Open-Sora.zip,videos/YAtWxX_WVyg_25_0to125.mp4,60941,61747,dataset_cc_by_4_0_component_partial,not_downloaded
real::jn94VdMgIAI_57_0to128,AIGVDBench,jn94VdMgIAI_57_0to128,aigvdbench:jn94VdMgIAI_57_0to128,train,train,0,,real_video,jn94VdMgIAI_57_0to128.mp4,24fcff8adfabc5c652cba7d2dfea342bcc422fa3e8b5b82e991ea0f50e988d4c,09a90c2ca63499f63f63f293a17373e6bc0e9283d48bfab4a3e078e4be181b01,AIGVDBench/Real/Real.zip,videos/jn94VdMgIAI_57_0to128.mp4,1703139,1703848,dataset_cc_by_4_0_component_partial,not_downloaded
open_sora::jn94VdMgIAI_57_0to128,AIGVDBench,jn94VdMgIAI_57_0to128,aigvdbench:jn94VdMgIAI_57_0to128,train,train,1,Open-Sora,text_to_video,jn94VdMgIAI_57_0to128.mp4,24fcff8adfabc5c652cba7d2dfea342bcc422fa3e8b5b82e991ea0f50e988d4c,09a90c2ca63499f63f63f293a17373e6bc0e9283d48bfab4a3e078e4be181b01,AIGVDBench/OpenSource/T2V/Open-Sora.zip,videos/jn94VdMgIAI_57_0to128.mp4,52652,53494,dataset_cc_by_4_0_component_partial,not_downloaded
real::vIZxL0R_s1o_41_119to257,AIGVDBench,vIZxL0R_s1o_41_119to257,aigvdbench:vIZxL0R_s1o_41_119to257,train,train,0,,real_video,vIZxL0R_s1o_41_119to257.mp4,68aca46bb068aa8836d46135ba4f0a830391681d286531c29499e1832f9b9b6a,09ac42c51fb54ba4a4760e35a03e123b48c36fbaebedbe1f88f1511e2dee41a5,AIGVDBench/Real/Real.zip,videos/vIZxL0R_s1o_41_119to257.mp4,1315093,1315954,dataset_cc_by_4_0_component_partial,not_downloaded
open_sora::vIZxL0R_s1o_41_119to257,AIGVDBench,vIZxL0R_s1o_41_119to257,aigvdbench:vIZxL0R_s1o_41_119to257,train,train,1,Open-Sora,text_to_video,vIZxL0R_s1o_41_119to257.mp4,68aca46bb068aa8836d46135ba4f0a830391681d286531c29499e1832f9b9b6a,09ac42c51fb54ba4a4760e35a03e123b48c36fbaebedbe1f88f1511e2dee41a5,AIGVDBench/OpenSource/T2V/Open-Sora.zip,videos/vIZxL0R_s1o_41_119to257.mp4,42528,43350,dataset_cc_by_4_0_component_partial,not_downloaded
real::gW_lf3wYXRs_85_0to244,AIGVDBench,gW_lf3wYXRs_85_0to244,aigvdbench:gW_lf3wYXRs_85_0to244,train,train,0,,real_video,gW_lf3wYXRs_85_0to244.mp4,4af30ec67c952666e827f7f2c49d5a40e8db904f3ea2d302afc7add1242080c8,09af6b1daf39a55eb71a19804e16a4f40b0ac5d1e1c2a66789ed35aa6c0bb15d,AIGVDBench/Real/Real.zip,videos/gW_lf3wYXRs_85_0to244.mp4,3251661,3252474,dataset_cc_by_4_0_component_partial,not_downloaded
open_sora::gW_lf3wYXRs_85_0to244,AIGVDBench,gW_lf3wYXRs_85_0to244,aigvdbench:gW_lf3wYXRs_85_0to244,train,train,1,Open-Sora,text_to_video,gW_lf3wYXRs_85_0to244.mp4,4af30ec67c952666e827f7f2c49d5a40e8db904f3ea2d302afc7add1242080c8,09af6b1daf39a55eb71a19804e16a4f40b0ac5d1e1c2a66789ed35aa6c0bb15d,AIGVDBench/OpenSource/T2V/Open-Sora.zip,videos/gW_lf3wYXRs_85_0to244.mp4,60936,61700,dataset_cc_by_4_0_component_partial,not_downloaded
real::5MSt623auY8_4_0to178,AIGVDBench,5MSt623auY8_4_0to178,aigvdbench:5MSt623auY8_4_0to178,train,train,0,,real_video,5MSt623auY8_4_0to178.mp4,9ce6bf646d671d1f2cde709dbe48336b93f1134d7e1f2de2716227e528fe8e40,09b51ad7a1bea46abe54c82a7dc6dfd37642d6a84c085eafebb1ee9235869840,AIGVDBench/Real/Real.zip,videos/5MSt623auY8_4_0to178.mp4,6533435,6533285,dataset_cc_by_4_0_component_partial,not_downloaded
open_sora::5MSt623auY8_4_0to178,AIGVDBench,5MSt623auY8_4_0to178,aigvdbench:5MSt623auY8_4_0to178,train,train,1,Open-Sora,text_to_video,5MSt623auY8_4_0to178.mp4,9ce6bf646d671d1f2cde709dbe48336b93f1134d7e1f2de2716227e528fe8e40,09b51ad7a1bea46abe54c82a7dc6dfd37642d6a84c085eafebb1ee9235869840,AIGVDBench/OpenSource/T2V/Open-Sora.zip,videos/5MSt623auY8_4_0to178.mp4,47255,48043,dataset_cc_by_4_0_component_partial,not_downloaded
real::Y-xtlrlT_uU_23_0to104,AIGVDBench,Y-xtlrlT_uU_23_0to104,aigvdbench:Y-xtlrlT_uU_23_0to104,train,train,0,,real_video,Y-xtlrlT_uU_23_0to104.mp4,3c35b5c9a5e05d27ce629fed1492555a0cf02b525aee30756a4dbc425855391d,09b7f6525fdaa56bbf286a0189193aa9a21405de5a4692fd8a5ee106c8417f79,AIGVDBench/Real/Real.zip,videos/Y-xtlrlT_uU_23_0to104.mp4,2072851,2073215,dataset_cc_by_4_0_component_partial,not_downloaded
open_sora::Y-xtlrlT_uU_23_0to104,AIGVDBench,Y-xtlrlT_uU_23_0to104,aigvdbench:Y-xtlrlT_uU_23_0to104,train,train,1,Open-Sora,text_to_video,Y-xtlrlT_uU_23_0to104.mp4,3c35b5c9a5e05d27ce629fed1492555a0cf02b525aee30756a4dbc425855391d,09b7f6525fdaa56bbf286a0189193aa9a21405de5a4692fd8a5ee106c8417f79,AIGVDBench/OpenSource/T2V/Open-Sora.zip,videos/Y-xtlrlT_uU_23_0to104.mp4,36550,37364,dataset_cc_by_4_0_component_partial,not_downloaded
real::GgEreRPdZdg_1_0to380,AIGVDBench,GgEreRPdZdg_1_0to380,aigvdbench:GgEreRPdZdg_1_0to380,train,train,0,,real_video,GgEreRPdZdg_1_0to380.mp4,8020e8b310e1bab963e6a3a8cfd1c00b559d0e7b00578677d3e3ed6b09257161,09bc7bafa2aec6ac39576e996d4fb34fe256808a83e500690972a874825d0966,AIGVDBench/Real/Real.zip,videos/GgEreRPdZdg_1_0to380.mp4,7086250,7086734,dataset_cc_by_4_0_component_partial,not_downloaded
open_sora::GgEreRPdZdg_1_0to380,AIGVDBench,GgEreRPdZdg_1_0to380,aigvdbench:GgEreRPdZdg_1_0to380,train,train,1,Open-Sora,text_to_video,GgEreRPdZdg_1_0to380.mp4,8020e8b310e1bab963e6a3a8cfd1c00b559d0e7b00578677d3e3ed6b09257161,09bc7bafa2aec6ac39576e996d4fb34fe256808a83e500690972a874825d0966,AIGVDBench/OpenSource/T2V/Open-Sora.zip,videos/GgEreRPdZdg_1_0to380.mp4,50644,51436,dataset_cc_by_4_0_component_partial,not_downloaded
real::zMgybJFSKKo_139_0to439,AIGVDBench,zMgybJFSKKo_139_0to439,aigvdbench:zMgybJFSKKo_139_0to439,train,train,0,,real_video,zMgybJFSKKo_139_0to439.mp4,5464564a64337e505bcb929f93bd955cd9fad8ad58f8323df600ef11f85355b1,09bde9f6d461b3e59e1dc615459a44fd3bcd059a8f70aece470f6fb23d862f79,AIGVDBench/Real/Real.zip,videos/zMgybJFSKKo_139_0to439.mp4,4803209,4804131,dataset_cc_by_4_0_component_partial,not_downloaded
open_sora::zMgybJFSKKo_139_0to439,AIGVDBench,zMgybJFSKKo_139_0to439,aigvdbench:zMgybJFSKKo_139_0to439,train,train,1,Open-Sora,text_to_video,zMgybJFSKKo_139_0to439.mp4,5464564a64337e505bcb929f93bd955cd9fad8ad58f8323df600ef11f85355b1,09bde9f6d461b3e59e1dc615459a44fd3bcd059a8f70aece470f6fb23d862f79,AIGVDBench/OpenSource/T2V/Open-Sora.zip,videos/zMgybJFSKKo_139_0to439.mp4,52235,53167,dataset_cc_by_4_0_component_partial,not_downloaded
real::89u4oneWOLE_41_0to253,AIGVDBench,89u4oneWOLE_41_0to253,aigvdbench:89u4oneWOLE_41_0to253,train,train,0,,real_video,89u4oneWOLE_41_0to253.mp4,be6eb78b51362f33eebdb689fc1c6d36a07ffece648513ca2cde81f8c77e171d,09bedc1844e9ce683e6e359744a39b9b8704e459cbdc5ff5108e873b66feb12e,AIGVDBench/Real/Real.zip,videos/89u4oneWOLE_41_0to253.mp4,10079077,10078786,dataset_cc_by_4_0_component_partial,not_downloaded
open_sora::89u4oneWOLE_41_0to253,AIGVDBench,89u4oneWOLE_41_0to253,aigvdbench:89u4oneWOLE_41_0to253,train,train,1,Open-Sora,text_to_video,89u4oneWOLE_41_0to253.mp4,be6eb78b51362f33eebdb689fc1c6d36a07ffece648513ca2cde81f8c77e171d,09bedc1844e9ce683e6e359744a39b9b8704e459cbdc5ff5108e873b66feb12e,AIGVDBench/OpenSource/T2V/Open-Sora.zip,videos/89u4oneWOLE_41_0to253.mp4,35468,36391,dataset_cc_by_4_0_component_partial,not_downloaded
real::w-ql8bwcx00_37_0to141,AIGVDBench,w-ql8bwcx00_37_0to141,aigvdbench:w-ql8bwcx00_37_0to141,train,train,0,,real_video,w-ql8bwcx00_37_0to141.mp4,e5e70aca00b9341c4c352c29bcdd25906c4f27d07276904ca15f8bdcf3af414b,09c212c6a21aad33c2f2fdd758153aedf5315083ab145277950899fbe0b3eb5e,AIGVDBench/Real/Real.zip,videos/w-ql8bwcx00_37_0to141.mp4,2191691,2192253,dataset_cc_by_4_0_component_partial,not_downloaded
open_sora::w-ql8bwcx00_37_0to141,AIGVDBench,w-ql8bwcx00_37_0to141,aigvdbench:w-ql8bwcx00_37_0to141,train,train,1,Open-Sora,text_to_video,w-ql8bwcx00_37_0to141.mp4,e5e70aca00b9341c4c352c29bcdd25906c4f27d07276904ca15f8bdcf3af414b,09c212c6a21aad33c2f2fdd758153aedf5315083ab145277950899fbe0b3eb5e,AIGVDBench/OpenSource/T2V/Open-Sora.zip,videos/w-ql8bwcx00_37_0to141.mp4,50173,51037,dataset_cc_by_4_0_component_partial,not_downloaded
real::1fDrrrv6GHU_1_17to137,AIGVDBench,1fDrrrv6GHU_1_17to137,aigvdbench:1fDrrrv6GHU_1_17to137,train,train,0,,real_video,1fDrrrv6GHU_1_17to137.mp4,475e0c48213da8e0e409b69041fa75ea0b78c51cc6ea7b348b3db2a32f5b9141,09c6b418985544de2e670f0027f36c6e3963614db9c8d171f755a8104c92e437,AIGVDBench/Real/Real.zip,videos/1fDrrrv6GHU_1_17to137.mp4,1802116,1802610,dataset_cc_by_4_0_component_partial,not_downloaded
open_sora::1fDrrrv6GHU_1_17to137,AIGVDBench,1fDrrrv6GHU_1_17to137,aigvdbench:1fDrrrv6GHU_1_17to137,train,train,1,Open-Sora,text_to_video,1fDrrrv6GHU_1_17to137.mp4,475e0c48213da8e0e409b69041fa75ea0b78c51cc6ea7b348b3db2a32f5b9141,09c6b418985544de2e670f0027f36c6e3963614db9c8d171f755a8104c92e437,AIGVDBench/OpenSource/T2V/Open-Sora.zip,videos/1fDrrrv6GHU_1_17to137.mp4,60121,60924,dataset_cc_by_4_0_component_partial,not_downloaded
real::5YPBl3WGGg0_16_0to150,AIGVDBench,5YPBl3WGGg0_16_0to150,aigvdbench:5YPBl3WGGg0_16_0to150,train,train,0,,real_video,5YPBl3WGGg0_16_0to150.mp4,0dbe9a7ee5d688f94175193be30900f0a4b199f9029f7f145e5271bf239796cc,09cf653a7c45f17d970435ebce1e68145eef467fc2bf97704bba996aa1c1ab39,AIGVDBench/Real/Real.zip,videos/5YPBl3WGGg0_16_0to150.mp4,2973964,2974364,dataset_cc_by_4_0_component_partial,not_downloaded
open_sora::5YPBl3WGGg0_16_0to150,AIGVDBench,5YPBl3WGGg0_16_0to150,aigvdbench:5YPBl3WGGg0_16_0to150,train,train,1,Open-Sora,text_to_video,5YPBl3WGGg0_16_0to150.mp4,0dbe9a7ee5d688f94175193be30900f0a4b199f9029f7f145e5271bf239796cc,09cf653a7c45f17d970435ebce1e68145eef467fc2bf97704bba996aa1c1ab39,AIGVDBench/OpenSource/T2V/Open-Sora.zip,videos/5YPBl3WGGg0_16_0to150.mp4,53837,54583,dataset_cc_by_4_0_component_partial,not_downloaded
real::BZ7nVKrZoV4_41_0to118,AIGVDBench,BZ7nVKrZoV4_41_0to118,aigvdbench:BZ7nVKrZoV4_41_0to118,train,train,0,,real_video,BZ7nVKrZoV4_41_0to118.mp4,de7371fb0c2d320e9e0bb0a2ca3206621faf516ef151f408819ce50443a6657d,09db0ed4780c2d6f19c404701affa6d9ac87ce998859122fec84ea225aed6ea8,AIGVDBench/Real/Real.zip,videos/BZ7nVKrZoV4_41_0to118.mp4,1893964,1894383,dataset_cc_by_4_0_component_partial,not_downloaded
open_sora::BZ7nVKrZoV4_41_0to118,AIGVDBench,BZ7nVKrZoV4_41_0to118,aigvdbench:BZ7nVKrZoV4_41_0to118,train,train,1,Open-Sora,text_to_video,BZ7nVKrZoV4_41_0to118.mp4,de7371fb0c2d320e9e0bb0a2ca3206621faf516ef151f408819ce50443a6657d,09db0ed4780c2d6f19c404701affa6d9ac87ce998859122fec84ea225aed6ea8,AIGVDBench/OpenSource/T2V/Open-Sora.zip,videos/BZ7nVKrZoV4_41_0to118.mp4,38596,39542,dataset_cc_by_4_0_component_partial,not_downloaded
real::XSju6giYCJM_31_0to235,AIGVDBench,XSju6giYCJM_31_0to235,aigvdbench:XSju6giYCJM_31_0to235,train,train,0,,real_video,XSju6giYCJM_31_0to235.mp4,47201fbfffbaf8be23a33c4365d805871234ae870239d916d06a172af95b4357,09dbd58fd856dd4eddff729452a75e70922ad9b73e870efda6e34cf031464e6f,AIGVDBench/Real/Real.zip,videos/XSju6giYCJM_31_0to235.mp4,7562567,7563202,dataset_cc_by_4_0_component_partial,not_downloaded
open_sora::XSju6giYCJM_31_0to235,AIGVDBench,XSju6giYCJM_31_0to235,aigvdbench:XSju6giYCJM_31_0to235,train,train,1,Open-Sora,text_to_video,XSju6giYCJM_31_0to235.mp4,47201fbfffbaf8be23a33c4365d805871234ae870239d916d06a172af95b4357,09dbd58fd856dd4eddff729452a75e70922ad9b73e870efda6e34cf031464e6f,AIGVDBench/OpenSource/T2V/Open-Sora.zip,videos/XSju6giYCJM_31_0to235.mp4,63673,64482,dataset_cc_by_4_0_component_partial,not_downloaded
real::gp8vIk2Uhmk_6_0to152,AIGVDBench,gp8vIk2Uhmk_6_0to152,aigvdbench:gp8vIk2Uhmk_6_0to152,train,train,0,,real_video,gp8vIk2Uhmk_6_0to152.mp4,2f879f05281f6a01955c35709ad4fa02ea44abac0c680ac8a83d34b3aa2ae8fd,09dceda861379c15e5790623040f5bfc269a8df9a23709ed860b5d838f7d8b6f,AIGVDBench/Real/Real.zip,videos/gp8vIk2Uhmk_6_0to152.mp4,1699984,1700521,dataset_cc_by_4_0_component_partial,not_downloaded
open_sora::gp8vIk2Uhmk_6_0to152,AIGVDBench,gp8vIk2Uhmk_6_0to152,aigvdbench:gp8vIk2Uhmk_6_0to152,train,train,1,Open-Sora,text_to_video,gp8vIk2Uhmk_6_0to152.mp4,2f879f05281f6a01955c35709ad4fa02ea44abac0c680ac8a83d34b3aa2ae8fd,09dceda861379c15e5790623040f5bfc269a8df9a23709ed860b5d838f7d8b6f,AIGVDBench/OpenSource/T2V/Open-Sora.zip,videos/gp8vIk2Uhmk_6_0to152.mp4,65567,66354,dataset_cc_by_4_0_component_partial,not_downloaded
real::sZkL5KERq9k_6_0to131,AIGVDBench,sZkL5KERq9k_6_0to131,aigvdbench:sZkL5KERq9k_6_0to131,train,train,0,,real_video,sZkL5KERq9k_6_0to131.mp4,e52af7a142af5efa7fa403b4391d5770cb9b636b59d8578a1b81534b2b9a5f9c,09df02272dc5a6d9ecf4f936767bfefddeff214f66a38a6a3be279b6d32c8ab0,AIGVDBench/Real/Real.zip,videos/sZkL5KERq9k_6_0to131.mp4,1125154,1126481,dataset_cc_by_4_0_component_partial,not_downloaded
open_sora::sZkL5KERq9k_6_0to131,AIGVDBench,sZkL5KERq9k_6_0to131,aigvdbench:sZkL5KERq9k_6_0to131,train,train,1,Open-Sora,text_to_video,sZkL5KERq9k_6_0to131.mp4,e52af7a142af5efa7fa403b4391d5770cb9b636b59d8578a1b81534b2b9a5f9c,09df02272dc5a6d9ecf4f936767bfefddeff214f66a38a6a3be279b6d32c8ab0,AIGVDBench/OpenSource/T2V/Open-Sora.zip,videos/sZkL5KERq9k_6_0to131.mp4,61342,62116,dataset_cc_by_4_0_component_partial,not_downloaded
real::Q4z7MkO1pLE_61_33to169,AIGVDBench,Q4z7MkO1pLE_61_33to169,aigvdbench:Q4z7MkO1pLE_61_33to169,train,train,0,,real_video,Q4z7MkO1pLE_61_33to169.mp4,71f560a988e33ec4c0967b48b5cba0d17895a40130193a85d96f77bd77aa40df,09df1ab14612422d1b0a945cfef20c7ade3a0017e89cef4039282943b043bf6e,AIGVDBench/Real/Real.zip,videos/Q4z7MkO1pLE_61_33to169.mp4,696029,697100,dataset_cc_by_4_0_component_partial,not_downloaded
open_sora::Q4z7MkO1pLE_61_33to169,AIGVDBench,Q4z7MkO1pLE_61_33to169,aigvdbench:Q4z7MkO1pLE_61_33to169,train,train,1,Open-Sora,text_to_video,Q4z7MkO1pLE_61_33to169.mp4,71f560a988e33ec4c0967b48b5cba0d17895a40130193a85d96f77bd77aa40df,09df1ab14612422d1b0a945cfef20c7ade3a0017e89cef4039282943b043bf6e,AIGVDBench/OpenSource/T2V/Open-Sora.zip,videos/Q4z7MkO1pLE_61_33to169.mp4,32606,33489,dataset_cc_by_4_0_component_partial,not_downloaded
real::OcHrY7oXfFg_3_62to756,AIGVDBench,OcHrY7oXfFg_3_62to756,aigvdbench:OcHrY7oXfFg_3_62to756,train,train,0,,real_video,OcHrY7oXfFg_3_62to756.mp4,cbf6beb76bea0b3ca386c2aba825497037856a12e9c4d0c8f3b7c0c959f487ce,09df4fc13ea7ef131319bd36b633f6ce6c44e14d5df22a18cac9f43e98996cd5,AIGVDBench/Real/Real.zip,videos/OcHrY7oXfFg_3_62to756.mp4,7634601,7636148,dataset_cc_by_4_0_component_partial,not_downloaded
open_sora::OcHrY7oXfFg_3_62to756,AIGVDBench,OcHrY7oXfFg_3_62to756,aigvdbench:OcHrY7oXfFg_3_62to756,train,train,1,Open-Sora,text_to_video,OcHrY7oXfFg_3_62to756.mp4,cbf6beb76bea0b3ca386c2aba825497037856a12e9c4d0c8f3b7c0c959f487ce,09df4fc13ea7ef131319bd36b633f6ce6c44e14d5df22a18cac9f43e98996cd5,AIGVDBench/OpenSource/T2V/Open-Sora.zip,videos/OcHrY7oXfFg_3_62to756.mp4,53441,54217,dataset_cc_by_4_0_component_partial,not_downloaded
real::wz9Yx_Mqffk_107_33to201,AIGVDBench,wz9Yx_Mqffk_107_33to201,aigvdbench:wz9Yx_Mqffk_107_33to201,train,train,0,,real_video,wz9Yx_Mqffk_107_33to201.mp4,30a2093435937b80835f9d00b6ead5ff50ee8ab2f26606d7beefcbe73e5a30a7,09e084fb2231cce6ee5ce2f95e299064f613419c42c82fb7cd84a6a5d3a17071,AIGVDBench/Real/Real.zip,videos/wz9Yx_Mqffk_107_33to201.mp4,2954042,2954442,dataset_cc_by_4_0_component_partial,not_downloaded
open_sora::wz9Yx_Mqffk_107_33to201,AIGVDBench,wz9Yx_Mqffk_107_33to201,aigvdbench:wz9Yx_Mqffk_107_33to201,train,train,1,Open-Sora,text_to_video,wz9Yx_Mqffk_107_33to201.mp4,30a2093435937b80835f9d00b6ead5ff50ee8ab2f26606d7beefcbe73e5a30a7,09e084fb2231cce6ee5ce2f95e299064f613419c42c82fb7cd84a6a5d3a17071,AIGVDBench/OpenSource/T2V/Open-Sora.zip,videos/wz9Yx_Mqffk_107_33to201.mp4,44894,45731,dataset_cc_by_4_0_component_partial,not_downloaded
real::s565-NSlWo0_85_131to250,AIGVDBench,s565-NSlWo0_85_131to250,aigvdbench:s565-NSlWo0_85_131to250,train,train,0,,real_video,s565-NSlWo0_85_131to250.mp4,d3e823ee8a4a0f54a6216b9bb5287256b7d0cade3a3f473034114b6fe52d87e5,09e4311a071a5af03be6ec45e9bde77f516ab757ac2d5330183af15d65d06164,AIGVDBench/Real/Real.zip,videos/s565-NSlWo0_85_131to250.mp4,2538698,2538962,dataset_cc_by_4_0_component_partial,not_downloaded
open_sora::s565-NSlWo0_85_131to250,AIGVDBench,s565-NSlWo0_85_131to250,aigvdbench:s565-NSlWo0_85_131to250,train,train,1,Open-Sora,text_to_video,s565-NSlWo0_85_131to250.mp4,d3e823ee8a4a0f54a6216b9bb5287256b7d0cade3a3f473034114b6fe52d87e5,09e4311a071a5af03be6ec45e9bde77f516ab757ac2d5330183af15d65d06164,AIGVDBench/OpenSource/T2V/Open-Sora.zip,videos/s565-NSlWo0_85_131to250.mp4,56050,56833,dataset_cc_by_4_0_component_partial,not_downloaded
real::JdKMxFLMsvc_10_0to181,AIGVDBench,JdKMxFLMsvc_10_0to181,aigvdbench:JdKMxFLMsvc_10_0to181,train,train,0,,real_video,JdKMxFLMsvc_10_0to181.mp4,0c8880bd1dd75fcb4d45abc42b3ae5aed6dd98a30c3e7ddd1a6c316eb782d023,09e717e1ab4c146270b37d282589d62f3da227448162e96516a96d96178f7eaa,AIGVDBench/Real/Real.zip,videos/JdKMxFLMsvc_10_0to181.mp4,2147989,2149291,dataset_cc_by_4_0_component_partial,not_downloaded
open_sora::JdKMxFLMsvc_10_0to181,AIGVDBench,JdKMxFLMsvc_10_0to181,aigvdbench:JdKMxFLMsvc_10_0to181,train,train,1,Open-Sora,text_to_video,JdKMxFLMsvc_10_0to181.mp4,0c8880bd1dd75fcb4d45abc42b3ae5aed6dd98a30c3e7ddd1a6c316eb782d023,09e717e1ab4c146270b37d282589d62f3da227448162e96516a96d96178f7eaa,AIGVDBench/OpenSource/T2V/Open-Sora.zip,videos/JdKMxFLMsvc_10_0to181.mp4,43333,44201,dataset_cc_by_4_0_component_partial,not_downloaded
real::ei6efA5PIR0_31_23to150,AIGVDBench,ei6efA5PIR0_31_23to150,aigvdbench:ei6efA5PIR0_31_23to150,train,train,0,,real_video,ei6efA5PIR0_31_23to150.mp4,6ac064a0bfb38c6467cd92dac589a14e4eba6f9ab7f1a0b439c136c32c408190,09f11de5aa926a7a7383d38b1c790fa0a41007d5a9bc8ef4104844cd0dfec3d3,AIGVDBench/Real/Real.zip,videos/ei6efA5PIR0_31_23to150.mp4,1506761,1507485,dataset_cc_by_4_0_component_partial,not_downloaded
open_sora::ei6efA5PIR0_31_23to150,AIGVDBench,ei6efA5PIR0_31_23to150,aigvdbench:ei6efA5PIR0_31_23to150,train,train,1,Open-Sora,text_to_video,ei6efA5PIR0_31_23to150.mp4,6ac064a0bfb38c6467cd92dac589a14e4eba6f9ab7f1a0b439c136c32c408190,09f11de5aa926a7a7383d38b1c790fa0a41007d5a9bc8ef4104844cd0dfec3d3,AIGVDBench/OpenSource/T2V/Open-Sora.zip,videos/ei6efA5PIR0_31_23to150.mp4,38963,39853,dataset_cc_by_4_0_component_partial,not_downloaded
real::x3lKdYWdGhM_4_76to185,AIGVDBench,x3lKdYWdGhM_4_76to185,aigvdbench:x3lKdYWdGhM_4_76to185,train,train,0,,real_video,x3lKdYWdGhM_4_76to185.mp4,1b86f6028aa1352f4be88dc2290fe1faeb94ee80fc29cb0993c9c043c70007ae,09f6a0c0a2393766f76c0356907684f9fb7de4b8e2d34b1cae4136d7f73e49a0,AIGVDBench/Real/Real.zip,videos/x3lKdYWdGhM_4_76to185.mp4,3223846,3224032,dataset_cc_by_4_0_component_partial,not_downloaded
open_sora::x3lKdYWdGhM_4_76to185,AIGVDBench,x3lKdYWdGhM_4_76to185,aigvdbench:x3lKdYWdGhM_4_76to185,train,train,1,Open-Sora,text_to_video,x3lKdYWdGhM_4_76to185.mp4,1b86f6028aa1352f4be88dc2290fe1faeb94ee80fc29cb0993c9c043c70007ae,09f6a0c0a2393766f76c0356907684f9fb7de4b8e2d34b1cae4136d7f73e49a0,AIGVDBench/OpenSource/T2V/Open-Sora.zip,videos/x3lKdYWdGhM_4_76to185.mp4,97349,98080,dataset_cc_by_4_0_component_partial,not_downloaded
real::FM3t88m391I_4_607to1390,AIGVDBench,FM3t88m391I_4_607to1390,aigvdbench:FM3t88m391I_4_607to1390,train,train,0,,real_video,FM3t88m391I_4_607to1390.mp4,4df3dbd9134279071c752b2d8dae568040ffa61b43755bf924c5ec1f3039d743,09fe5bef364bab508fe485c75eef45149746d29b909d58dc12923016f1cefb96,AIGVDBench/Real/Real.zip,videos/FM3t88m391I_4_607to1390.mp4,11613039,11615858,dataset_cc_by_4_0_component_partial,not_downloaded
open_sora::FM3t88m391I_4_607to1390,AIGVDBench,FM3t88m391I_4_607to1390,aigvdbench:FM3t88m391I_4_607to1390,train,train,1,Open-Sora,text_to_video,FM3t88m391I_4_607to1390.mp4,4df3dbd9134279071c752b2d8dae568040ffa61b43755bf924c5ec1f3039d743,09fe5bef364bab508fe485c75eef45149746d29b909d58dc12923016f1cefb96,AIGVDBench/OpenSource/T2V/Open-Sora.zip,videos/FM3t88m391I_4_607to1390.mp4,68453,69222,dataset_cc_by_4_0_component_partial,not_downloaded
real::Sz1c0in4dqA_6_136to316,AIGVDBench,Sz1c0in4dqA_6_136to316,aigvdbench:Sz1c0in4dqA_6_136to316,train,train,0,,real_video,Sz1c0in4dqA_6_136to316.mp4,91cf8064c72b91844e67322c4b9d859cbcd7093fc39bf79394cdd7e43d8ea126,0a013a37ca4f7378efde408fa24ed6969e1dd024439a328173b1c80875e7d51d,AIGVDBench/Real/Real.zip,videos/Sz1c0in4dqA_6_136to316.mp4,4679291,4679483,dataset_cc_by_4_0_component_partial,not_downloaded
open_sora::Sz1c0in4dqA_6_136to316,AIGVDBench,Sz1c0in4dqA_6_136to316,aigvdbench:Sz1c0in4dqA_6_136to316,train,train,1,Open-Sora,text_to_video,Sz1c0in4dqA_6_136to316.mp4,91cf8064c72b91844e67322c4b9d859cbcd7093fc39bf79394cdd7e43d8ea126,0a013a37ca4f7378efde408fa24ed6969e1dd024439a328173b1c80875e7d51d,AIGVDBench/OpenSource/T2V/Open-Sora.zip,videos/Sz1c0in4dqA_6_136to316.mp4,59117,59936,dataset_cc_by_4_0_component_partial,not_downloaded
real::G-XVmvfqaOU_59_0to193,AIGVDBench,G-XVmvfqaOU_59_0to193,aigvdbench:G-XVmvfqaOU_59_0to193,train,train,0,,real_video,G-XVmvfqaOU_59_0to193.mp4,ab336b3c7addac32b7cb907fd2e59d704bd402f36368224af8ee5b5a33533a55,0a0a7c0810f24149e7750da5b82736b3206cea2d57b4094249ed6f0ad3f26fcc,AIGVDBench/Real/Real.zip,videos/G-XVmvfqaOU_59_0to193.mp4,2234773,2236116,dataset_cc_by_4_0_component_partial,not_downloaded
open_sora::G-XVmvfqaOU_59_0to193,AIGVDBench,G-XVmvfqaOU_59_0to193,aigvdbench:G-XVmvfqaOU_59_0to193,train,train,1,Open-Sora,text_to_video,G-XVmvfqaOU_59_0to193.mp4,ab336b3c7addac32b7cb907fd2e59d704bd402f36368224af8ee5b5a33533a55,0a0a7c0810f24149e7750da5b82736b3206cea2d57b4094249ed6f0ad3f26fcc,AIGVDBench/OpenSource/T2V/Open-Sora.zip,videos/G-XVmvfqaOU_59_0to193.mp4,69442,70230,dataset_cc_by_4_0_component_partial,not_downloaded
real::orqJfxdOvZ0_45_0to162,AIGVDBench,orqJfxdOvZ0_45_0to162,aigvdbench:orqJfxdOvZ0_45_0to162,train,train,0,,real_video,orqJfxdOvZ0_45_0to162.mp4,01b217e3270ef508012f3b3ab84cd6f730b596c8bf1ccdbb663613762954268e,0a10e0801a695d247f5a563e9305e5b6943431c1d44d15674b3e1babe8bfbf9b,AIGVDBench/Real/Real.zip,videos/orqJfxdOvZ0_45_0to162.mp4,3450451,3450890,dataset_cc_by_4_0_component_partial,not_downloaded
open_sora::orqJfxdOvZ0_45_0to162,AIGVDBench,orqJfxdOvZ0_45_0to162,aigvdbench:orqJfxdOvZ0_45_0to162,train,train,1,Open-Sora,text_to_video,orqJfxdOvZ0_45_0to162.mp4,01b217e3270ef508012f3b3ab84cd6f730b596c8bf1ccdbb663613762954268e,0a10e0801a695d247f5a563e9305e5b6943431c1d44d15674b3e1babe8bfbf9b,AIGVDBench/OpenSource/T2V/Open-Sora.zip,videos/orqJfxdOvZ0_45_0to162.mp4,54087,54919,dataset_cc_by_4_0_component_partial,not_downloaded
real::YBHrS6drZrw_11_0to1165,AIGVDBench,YBHrS6drZrw_11_0to1165,aigvdbench:YBHrS6drZrw_11_0to1165,train,train,0,,real_video,YBHrS6drZrw_11_0to1165.mp4,5daa17fe5f0f9673f87e46df4ddff6b2e29413523ad1b0990a5963eedd5db06d,0a15629036c5cd870f988112ef40ecd3464ecdeb61dce2e783f7473dcb4d9050,AIGVDBench/Real/Real.zip,videos/YBHrS6drZrw_11_0to1165.mp4,21469791,21473906,dataset_cc_by_4_0_component_partial,not_downloaded
open_sora::YBHrS6drZrw_11_0to1165,AIGVDBench,YBHrS6drZrw_11_0to1165,aigvdbench:YBHrS6drZrw_11_0to1165,train,train,1,Open-Sora,text_to_video,YBHrS6drZrw_11_0to1165.mp4,5daa17fe5f0f9673f87e46df4ddff6b2e29413523ad1b0990a5963eedd5db06d,0a15629036c5cd870f988112ef40ecd3464ecdeb61dce2e783f7473dcb4d9050,AIGVDBench/OpenSource/T2V/Open-Sora.zip,videos/YBHrS6drZrw_11_0to1165.mp4,45002,45861,dataset_cc_by_4_0_component_partial,not_downloaded
real::oWgjNPTxzeg_55_0to850,AIGVDBench,oWgjNPTxzeg_55_0to850,aigvdbench:oWgjNPTxzeg_55_0to850,train,train,0,,real_video,oWgjNPTxzeg_55_0to850.mp4,2577864b0559a4a092d8774fd4c767d913c438dfcea655e0b7e1da5b96a135b0,0a184ebdacd0772143a26362ed92f6ade119318dd6864c51cb65cc85e269f88a,AIGVDBench/Real/Real.zip,videos/oWgjNPTxzeg_55_0to850.mp4,16819283,16820882,dataset_cc_by_4_0_component_partial,not_downloaded
open_sora::oWgjNPTxzeg_55_0to850,AIGVDBench,oWgjNPTxzeg_55_0to850,aigvdbench:oWgjNPTxzeg_55_0to850,train,train,1,Open-Sora,text_to_video,oWgjNPTxzeg_55_0to850.mp4,2577864b0559a4a092d8774fd4c767d913c438dfcea655e0b7e1da5b96a135b0,0a184ebdacd0772143a26362ed92f6ade119318dd6864c51cb65cc85e269f88a,AIGVDBench/OpenSource/T2V/Open-Sora.zip,videos/oWgjNPTxzeg_55_0to850.mp4,59293,60013,dataset_cc_by_4_0_component_partial,not_downloaded
real::zDy2BuSusms_9_187to402,AIGVDBench,zDy2BuSusms_9_187to402,aigvdbench:zDy2BuSusms_9_187to402,train,train,0,,real_video,zDy2BuSusms_9_187to402.mp4,077bdd9371b3749a76c0e166e3cd42ff9d4de769024d24984fbe254cd0c08dbb,0a197b43c7350674ddd0c012cb4c7f030edb861263f20fa68192d19a7293f18b,AIGVDBench/Real/Real.zip,videos/zDy2BuSusms_9_187to402.mp4,3185452,3186205,dataset_cc_by_4_0_component_partial,not_downloaded
open_sora::zDy2BuSusms_9_187to402,AIGVDBench,zDy2BuSusms_9_187to402,aigvdbench:zDy2BuSusms_9_187to402,train,train,1,Open-Sora,text_to_video,zDy2BuSusms_9_187to402.mp4,077bdd9371b3749a76c0e166e3cd42ff9d4de769024d24984fbe254cd0c08dbb,0a197b43c7350674ddd0c012cb4c7f030edb861263f20fa68192d19a7293f18b,AIGVDBench/OpenSource/T2V/Open-Sora.zip,videos/zDy2BuSusms_9_187to402.mp4,66133,66955,dataset_cc_by_4_0_component_partial,not_downloaded
real::G0hBERbutTk_32_0to127,AIGVDBench,G0hBERbutTk_32_0to127,aigvdbench:G0hBERbutTk_32_0to127,train,train,0,,real_video,G0hBERbutTk_32_0to127.mp4,383879b513e8e3ad4dd2278aa8e054ec99226761613432220952ec594897f52c,0a1ea5e9fb991c96afde14f2609aa322c54acf25e5702034ce02056c016fd86e,AIGVDBench/Real/Real.zip,videos/G0hBERbutTk_32_0to127.mp4,2406658,2407018,dataset_cc_by_4_0_component_partial,not_downloaded
open_sora::G0hBERbutTk_32_0to127,AIGVDBench,G0hBERbutTk_32_0to127,aigvdbench:G0hBERbutTk_32_0to127,train,train,1,Open-Sora,text_to_video,G0hBERbutTk_32_0to127.mp4,383879b513e8e3ad4dd2278aa8e054ec99226761613432220952ec594897f52c,0a1ea5e9fb991c96afde14f2609aa322c54acf25e5702034ce02056c016fd86e,AIGVDBench/OpenSource/T2V/Open-Sora.zip,videos/G0hBERbutTk_32_0to127.mp4,59117,59838,dataset_cc_by_4_0_component_partial,not_downloaded
real::nuXBVIhKH94_9_103to226,AIGVDBench,nuXBVIhKH94_9_103to226,aigvdbench:nuXBVIhKH94_9_103to226,train,train,0,,real_video,nuXBVIhKH94_9_103to226.mp4,0c3cceaf41d5bc07a62fe5440f073c64ac21b59b4f20e3190a0afb788839e851,0a1f95b7bb25181813823fbee9e33ac328cc5cdd7e39284b89222a75a16f6174,AIGVDBench/Real/Real.zip,videos/nuXBVIhKH94_9_103to226.mp4,1337127,1337740,dataset_cc_by_4_0_component_partial,not_downloaded
open_sora::nuXBVIhKH94_9_103to226,AIGVDBench,nuXBVIhKH94_9_103to226,aigvdbench:nuXBVIhKH94_9_103to226,train,train,1,Open-Sora,text_to_video,nuXBVIhKH94_9_103to226.mp4,0c3cceaf41d5bc07a62fe5440f073c64ac21b59b4f20e3190a0afb788839e851,0a1f95b7bb25181813823fbee9e33ac328cc5cdd7e39284b89222a75a16f6174,AIGVDBench/OpenSource/T2V/Open-Sora.zip,videos/nuXBVIhKH94_9_103to226.mp4,59432,60236,dataset_cc_by_4_0_component_partial,not_downloaded
real::kkxun9e1j2w_12_0to220,AIGVDBench,kkxun9e1j2w_12_0to220,aigvdbench:kkxun9e1j2w_12_0to220,train,train,0,,real_video,kkxun9e1j2w_12_0to220.mp4,228a0416022a6c13140ca5ea35ee2278b02bcd94350c28fab147ca1f9efc87ad,0a2867dd5507c1599c0cdb5388e9aff4b55d77545e2967ffed0bdbf518c1496b,AIGVDBench/Real/Real.zip,videos/kkxun9e1j2w_12_0to220.mp4,5648367,5648636,dataset_cc_by_4_0_component_partial,not_downloaded
open_sora::kkxun9e1j2w_12_0to220,AIGVDBench,kkxun9e1j2w_12_0to220,aigvdbench:kkxun9e1j2w_12_0to220,train,train,1,Open-Sora,text_to_video,kkxun9e1j2w_12_0to220.mp4,228a0416022a6c13140ca5ea35ee2278b02bcd94350c28fab147ca1f9efc87ad,0a2867dd5507c1599c0cdb5388e9aff4b55d77545e2967ffed0bdbf518c1496b,AIGVDBench/OpenSource/T2V/Open-Sora.zip,videos/kkxun9e1j2w_12_0to220.mp4,39326,40187,dataset_cc_by_4_0_component_partial,not_downloaded
real::qXTVbHmQ8Lk_102_0to151,AIGVDBench,qXTVbHmQ8Lk_102_0to151,aigvdbench:qXTVbHmQ8Lk_102_0to151,train,train,0,,real_video,qXTVbHmQ8Lk_102_0to151.mp4,d949fcecf12fd8dbfca08cc193074ba588d21b6360ad2f7a144a6b3ba6f9314c,0a2f6e8a2ba43a4a321a09a44904cbf692dfbb036090245367d70f3370741d72,AIGVDBench/Real/Real.zip,videos/qXTVbHmQ8Lk_102_0to151.mp4,6931432,6931261,dataset_cc_by_4_0_component_partial,not_downloaded
open_sora::qXTVbHmQ8Lk_102_0to151,AIGVDBench,qXTVbHmQ8Lk_102_0to151,aigvdbench:qXTVbHmQ8Lk_102_0to151,train,train,1,Open-Sora,text_to_video,qXTVbHmQ8Lk_102_0to151.mp4,d949fcecf12fd8dbfca08cc193074ba588d21b6360ad2f7a144a6b3ba6f9314c,0a2f6e8a2ba43a4a321a09a44904cbf692dfbb036090245367d70f3370741d72,AIGVDBench/OpenSource/T2V/Open-Sora.zip,videos/qXTVbHmQ8Lk_102_0to151.mp4,96642,97389,dataset_cc_by_4_0_component_partial,not_downloaded
real::6VDo-SDLj6o_28_0to247,AIGVDBench,6VDo-SDLj6o_28_0to247,aigvdbench:6VDo-SDLj6o_28_0to247,train,train,0,,real_video,6VDo-SDLj6o_28_0to247.mp4,b32e3b90c989c27a03244310ab73bf5f038c7ab0c2a144933b7dcf99116b6a5b,0a3254e8b498bbd6eb54f28ce75f2cc7eab413721b9eca04f1218d54b7597156,AIGVDBench/Real/Real.zip,videos/6VDo-SDLj6o_28_0to247.mp4,4304467,4305454,dataset_cc_by_4_0_component_partial,not_downloaded
open_sora::6VDo-SDLj6o_28_0to247,AIGVDBench,6VDo-SDLj6o_28_0to247,aigvdbench:6VDo-SDLj6o_28_0to247,train,train,1,Open-Sora,text_to_video,6VDo-SDLj6o_28_0to247.mp4,b32e3b90c989c27a03244310ab73bf5f038c7ab0c2a144933b7dcf99116b6a5b,0a3254e8b498bbd6eb54f28ce75f2cc7eab413721b9eca04f1218d54b7597156,AIGVDBench/OpenSource/T2V/Open-Sora.zip,videos/6VDo-SDLj6o_28_0to247.mp4,86978,87735,dataset_cc_by_4_0_component_partial,not_downloaded
real::qJKOhmc-EMg_15_0to150,AIGVDBench,qJKOhmc-EMg_15_0to150,aigvdbench:qJKOhmc-EMg_15_0to150,train,train,0,,real_video,qJKOhmc-EMg_15_0to150.mp4,8ba4be8a1cddd7dc18cd3ec21f2d8a6dcc1a792a8800786f0c0cbb0bc0b4c838,0a34f21b841074cee39ff94db0de4ae5fbb0ea1fc1e001d5532fa695400a9461,AIGVDBench/Real/Real.zip,videos/qJKOhmc-EMg_15_0to150.mp4,2295394,2296542,dataset_cc_by_4_0_component_partial,not_downloaded
open_sora::qJKOhmc-EMg_15_0to150,AIGVDBench,qJKOhmc-EMg_15_0to150,aigvdbench:qJKOhmc-EMg_15_0to150,train,train,1,Open-Sora,text_to_video,qJKOhmc-EMg_15_0to150.mp4,8ba4be8a1cddd7dc18cd3ec21f2d8a6dcc1a792a8800786f0c0cbb0bc0b4c838,0a34f21b841074cee39ff94db0de4ae5fbb0ea1fc1e001d5532fa695400a9461,AIGVDBench/OpenSource/T2V/Open-Sora.zip,videos/qJKOhmc-EMg_15_0to150.mp4,48439,49322,dataset_cc_by_4_0_component_partial,not_downloaded
real::ZjFzkhrqIZs_108_0to174,AIGVDBench,ZjFzkhrqIZs_108_0to174,aigvdbench:ZjFzkhrqIZs_108_0to174,train,train,0,,real_video,ZjFzkhrqIZs_108_0to174.mp4,a7c0ca03dbb74bedfa5942e82aa65f3bd1bc4ae951c8706cc9b2ce05ca57237c,0a398c789ca3082e8ee203b0c31a3a067e5454fbf548713770c1d88422917784,AIGVDBench/Real/Real.zip,videos/ZjFzkhrqIZs_108_0to174.mp4,2490917,2491375,dataset_cc_by_4_0_component_partial,not_downloaded
open_sora::ZjFzkhrqIZs_108_0to174,AIGVDBench,ZjFzkhrqIZs_108_0to174,aigvdbench:ZjFzkhrqIZs_108_0to174,train,train,1,Open-Sora,text_to_video,ZjFzkhrqIZs_108_0to174.mp4,a7c0ca03dbb74bedfa5942e82aa65f3bd1bc4ae951c8706cc9b2ce05ca57237c,0a398c789ca3082e8ee203b0c31a3a067e5454fbf548713770c1d88422917784,AIGVDBench/OpenSource/T2V/Open-Sora.zip,videos/ZjFzkhrqIZs_108_0to174.mp4,42477,43397,dataset_cc_by_4_0_component_partial,not_downloaded
real::9-g0RXpZBKw_22_26to154,AIGVDBench,9-g0RXpZBKw_22_26to154,aigvdbench:9-g0RXpZBKw_22_26to154,train,train,0,,real_video,9-g0RXpZBKw_22_26to154.mp4,3dc24967e115d93a97e2e84582da940dac44172bf5580ad8449082c07feda4c2,0a3fb86a68747c47094232dde8ecc18a610d6f94a3219ee48af41fae4150db9a,AIGVDBench/Real/Real.zip,videos/9-g0RXpZBKw_22_26to154.mp4,1721672,1722640,dataset_cc_by_4_0_component_partial,not_downloaded
open_sora::9-g0RXpZBKw_22_26to154,AIGVDBench,9-g0RXpZBKw_22_26to154,aigvdbench:9-g0RXpZBKw_22_26to154,train,train,1,Open-Sora,text_to_video,9-g0RXpZBKw_22_26to154.mp4,3dc24967e115d93a97e2e84582da940dac44172bf5580ad8449082c07feda4c2,0a3fb86a68747c47094232dde8ecc18a610d6f94a3219ee48af41fae4150db9a,AIGVDBench/OpenSource/T2V/Open-Sora.zip,videos/9-g0RXpZBKw_22_26to154.mp4,44720,45505,dataset_cc_by_4_0_component_partial,not_downloaded
real::uBM3W-3AhGA_1_271to377,AIGVDBench,uBM3W-3AhGA_1_271to377,aigvdbench:uBM3W-3AhGA_1_271to377,train,train,0,,real_video,uBM3W-3AhGA_1_271to377.mp4,1a9d7d221b4481198d7d7182a0d69d0dabd365a6b86400dfb690c8a7d906be11,0a45a0169e61ce63ae94d05104312c6d882993a5979cf036a8ce60af83cff913,AIGVDBench/Real/Real.zip,videos/uBM3W-3AhGA_1_271to377.mp4,967167,968122,dataset_cc_by_4_0_component_partial,not_downloaded
open_sora::uBM3W-3AhGA_1_271to377,AIGVDBench,uBM3W-3AhGA_1_271to377,aigvdbench:uBM3W-3AhGA_1_271to377,train,train,1,Open-Sora,text_to_video,uBM3W-3AhGA_1_271to377.mp4,1a9d7d221b4481198d7d7182a0d69d0dabd365a6b86400dfb690c8a7d906be11,0a45a0169e61ce63ae94d05104312c6d882993a5979cf036a8ce60af83cff913,AIGVDBench/OpenSource/T2V/Open-Sora.zip,videos/uBM3W-3AhGA_1_271to377.mp4,72373,73136,dataset_cc_by_4_0_component_partial,not_downloaded
real::buzZvgHlyS4_0_0to1462,AIGVDBench,buzZvgHlyS4_0_0to1462,aigvdbench:buzZvgHlyS4_0_0to1462,train,train,0,,real_video,buzZvgHlyS4_0_0to1462.mp4,44f824c6f0d17a5c0fae45d57d0ee25b4e3d6557365d12794480ba0ed08756e4,0a48fc4ea23f3b2be452937adb83ce64a70bc2cd09ea0b84e8e1a519bf254d92,AIGVDBench/Real/Real.zip,videos/buzZvgHlyS4_0_0to1462.mp4,22984182,22987232,dataset_cc_by_4_0_component_partial,not_downloaded
open_sora::buzZvgHlyS4_0_0to1462,AIGVDBench,buzZvgHlyS4_0_0to1462,aigvdbench:buzZvgHlyS4_0_0to1462,train,train,1,Open-Sora,text_to_video,buzZvgHlyS4_0_0to1462.mp4,44f824c6f0d17a5c0fae45d57d0ee25b4e3d6557365d12794480ba0ed08756e4,0a48fc4ea23f3b2be452937adb83ce64a70bc2cd09ea0b84e8e1a519bf254d92,AIGVDBench/OpenSource/T2V/Open-Sora.zip,videos/buzZvgHlyS4_0_0to1462.mp4,35648,36554,dataset_cc_by_4_0_component_partial,not_downloaded
real::QxM5M3bxQQ4_50_0to115,AIGVDBench,QxM5M3bxQQ4_50_0to115,aigvdbench:QxM5M3bxQQ4_50_0to115,train,train,0,,real_video,QxM5M3bxQQ4_50_0to115.mp4,d46d2fe8efaefa171986c1ca00580e6c4b0d03f11c7cb20ee8e6fc8d49649b0d,0a49d02c9fba25a2ad4c55d51cc2503b6b0e50e9e4430024946df14c758ea5f0,AIGVDBench/Real/Real.zip,videos/QxM5M3bxQQ4_50_0to115.mp4,1603813,1604359,dataset_cc_by_4_0_component_partial,not_downloaded
open_sora::QxM5M3bxQQ4_50_0to115,AIGVDBench,QxM5M3bxQQ4_50_0to115,aigvdbench:QxM5M3bxQQ4_50_0to115,train,train,1,Open-Sora,text_to_video,QxM5M3bxQQ4_50_0to115.mp4,d46d2fe8efaefa171986c1ca00580e6c4b0d03f11c7cb20ee8e6fc8d49649b0d,0a49d02c9fba25a2ad4c55d51cc2503b6b0e50e9e4430024946df14c758ea5f0,AIGVDBench/OpenSource/T2V/Open-Sora.zip,videos/QxM5M3bxQQ4_50_0to115.mp4,43563,44401,dataset_cc_by_4_0_component_partial,not_downloaded
real::gy9Cz21m3N0_36_0to137,AIGVDBench,gy9Cz21m3N0_36_0to137,aigvdbench:gy9Cz21m3N0_36_0to137,train,train,0,,real_video,gy9Cz21m3N0_36_0to137.mp4,794867fdfa39fb2a826c11150d2f1cc4d503c24ce7afa68ef468503164c5ab19,0a4a01a7cdf05b645190bf6ff19bacc982a524a278722cae8ee3323aece54122,AIGVDBench/Real/Real.zip,videos/gy9Cz21m3N0_36_0to137.mp4,2140665,2141161,dataset_cc_by_4_0_component_partial,not_downloaded
open_sora::gy9Cz21m3N0_36_0to137,AIGVDBench,gy9Cz21m3N0_36_0to137,aigvdbench:gy9Cz21m3N0_36_0to137,train,train,1,Open-Sora,text_to_video,gy9Cz21m3N0_36_0to137.mp4,794867fdfa39fb2a826c11150d2f1cc4d503c24ce7afa68ef468503164c5ab19,0a4a01a7cdf05b645190bf6ff19bacc982a524a278722cae8ee3323aece54122,AIGVDBench/OpenSource/T2V/Open-Sora.zip,videos/gy9Cz21m3N0_36_0to137.mp4,41993,42786,dataset_cc_by_4_0_component_partial,not_downloaded
real::lKje9zlgmTs_53_0to107,AIGVDBench,lKje9zlgmTs_53_0to107,aigvdbench:lKje9zlgmTs_53_0to107,train,train,0,,real_video,lKje9zlgmTs_53_0to107.mp4,6ab940a8447503f62044529ea23b56aa5012020b883be713c7d74cec56028bf9,0a54578cdef2d1a9adb307ca33642f6af5e0f4f8b03b1d4b36e2d167c96b87a7,AIGVDBench/Real/Real.zip,videos/lKje9zlgmTs_53_0to107.mp4,1092112,1092815,dataset_cc_by_4_0_component_partial,not_downloaded
open_sora::lKje9zlgmTs_53_0to107,AIGVDBench,lKje9zlgmTs_53_0to107,aigvdbench:lKje9zlgmTs_53_0to107,train,train,1,Open-Sora,text_to_video,lKje9zlgmTs_53_0to107.mp4,6ab940a8447503f62044529ea23b56aa5012020b883be713c7d74cec56028bf9,0a54578cdef2d1a9adb307ca33642f6af5e0f4f8b03b1d4b36e2d167c96b87a7,AIGVDBench/OpenSource/T2V/Open-Sora.zip,videos/lKje9zlgmTs_53_0to107.mp4,28569,29758,dataset_cc_by_4_0_component_partial,not_downloaded
real::N2WGqKDzNBQ_11_0to143,AIGVDBench,N2WGqKDzNBQ_11_0to143,aigvdbench:N2WGqKDzNBQ_11_0to143,train,train,0,,real_video,N2WGqKDzNBQ_11_0to143.mp4,af2fdcd62e1f37fe9675c62217ba008f1b7db723772a6c4214ae9205bb544fa7,0a55e6aa41bb1cfd2333ac0eba47f2c6c73cb214e6c8edaa75cba5415d8e586d,AIGVDBench/Real/Real.zip,videos/N2WGqKDzNBQ_11_0to143.mp4,7165219,7164891,dataset_cc_by_4_0_component_partial,not_downloaded
open_sora::N2WGqKDzNBQ_11_0to143,AIGVDBench,N2WGqKDzNBQ_11_0to143,aigvdbench:N2WGqKDzNBQ_11_0to143,train,train,1,Open-Sora,text_to_video,N2WGqKDzNBQ_11_0to143.mp4,af2fdcd62e1f37fe9675c62217ba008f1b7db723772a6c4214ae9205bb544fa7,0a55e6aa41bb1cfd2333ac0eba47f2c6c73cb214e6c8edaa75cba5415d8e586d,AIGVDBench/OpenSource/T2V/Open-Sora.zip,videos/N2WGqKDzNBQ_11_0to143.mp4,93583,94276,dataset_cc_by_4_0_component_partial,not_downloaded
real::rvL5Uf5oZSQ_27_0to940,AIGVDBench,rvL5Uf5oZSQ_27_0to940,aigvdbench:rvL5Uf5oZSQ_27_0to940,train,train,0,,real_video,rvL5Uf5oZSQ_27_0to940.mp4,3164e9bedea2db5b0321b99f0dac4b58c10f6de467c914d89e41ea1595864574,0a57776ba45891f392642fccc9ed2ff45be725462fe3b080d1ce9d5b3b55b8cc,AIGVDBench/Real/Real.zip,videos/rvL5Uf5oZSQ_27_0to940.mp4,21063908,21067407,dataset_cc_by_4_0_component_partial,not_downloaded
open_sora::rvL5Uf5oZSQ_27_0to940,AIGVDBench,rvL5Uf5oZSQ_27_0to940,aigvdbench:rvL5Uf5oZSQ_27_0to940,train,train,1,Open-Sora,text_to_video,rvL5Uf5oZSQ_27_0to940.mp4,3164e9bedea2db5b0321b99f0dac4b58c10f6de467c914d89e41ea1595864574,0a57776ba45891f392642fccc9ed2ff45be725462fe3b080d1ce9d5b3b55b8cc,AIGVDBench/OpenSource/T2V/Open-Sora.zip,videos/rvL5Uf5oZSQ_27_0to940.mp4,66379,67202,dataset_cc_by_4_0_component_partial,not_downloaded
real::6FGOlUx8UU4_2_23to585,AIGVDBench,6FGOlUx8UU4_2_23to585,aigvdbench:6FGOlUx8UU4_2_23to585,train,train,0,,real_video,6FGOlUx8UU4_2_23to585.mp4,5d4fd043b6035473f82b42554d784c6affbecd8d239065cc47f39d9fd298c517,0a5cc40484b965ce0536207b99df29079cbbd45cc904b4cf08606fea9fa5630b,AIGVDBench/Real/Real.zip,videos/6FGOlUx8UU4_2_23to585.mp4,4923911,4926582,dataset_cc_by_4_0_component_partial,not_downloaded
open_sora::6FGOlUx8UU4_2_23to585,AIGVDBench,6FGOlUx8UU4_2_23to585,aigvdbench:6FGOlUx8UU4_2_23to585,train,train,1,Open-Sora,text_to_video,6FGOlUx8UU4_2_23to585.mp4,5d4fd043b6035473f82b42554d784c6affbecd8d239065cc47f39d9fd298c517,0a5cc40484b965ce0536207b99df29079cbbd45cc904b4cf08606fea9fa5630b,AIGVDBench/OpenSource/T2V/Open-Sora.zip,videos/6FGOlUx8UU4_2_23to585.mp4,52515,53312,dataset_cc_by_4_0_component_partial,not_downloaded
real::u5lRfIVEfHA_12_0to271,AIGVDBench,u5lRfIVEfHA_12_0to271,aigvdbench:u5lRfIVEfHA_12_0to271,train,train,0,,real_video,u5lRfIVEfHA_12_0to271.mp4,41b7800ff9d5f9d6617fd8318e34a9f7500322f9cf2d40245dfe957659fabba9,0a5d14658d73bb78cf688a3b12cd6396f5c344b689139a6afbbc03df69762546,AIGVDBench/Real/Real.zip,videos/u5lRfIVEfHA_12_0to271.mp4,4159545,4160067,dataset_cc_by_4_0_component_partial,not_downloaded
open_sora::u5lRfIVEfHA_12_0to271,AIGVDBench,u5lRfIVEfHA_12_0to271,aigvdbench:u5lRfIVEfHA_12_0to271,train,train,1,Open-Sora,text_to_video,u5lRfIVEfHA_12_0to271.mp4,41b7800ff9d5f9d6617fd8318e34a9f7500322f9cf2d40245dfe957659fabba9,0a5d14658d73bb78cf688a3b12cd6396f5c344b689139a6afbbc03df69762546,AIGVDBench/OpenSource/T2V/Open-Sora.zip,videos/u5lRfIVEfHA_12_0to271.mp4,36781,37652,dataset_cc_by_4_0_component_partial,not_downloaded
real::rqguS04vz9E_15_0to595,AIGVDBench,rqguS04vz9E_15_0to595,aigvdbench:rqguS04vz9E_15_0to595,train,train,0,,real_video,rqguS04vz9E_15_0to595.mp4,b9c2bc76678068f32de92be35580d629395c6c6a2b35cc4e055bddcda6919650,0a5f7c76972b0bb993a2e35f87ef49426935eb0e41a1bd4e950eb2491a16a54b,AIGVDBench/Real/Real.zip,videos/rqguS04vz9E_15_0to595.mp4,9594185,9596219,dataset_cc_by_4_0_component_partial,not_downloaded
open_sora::rqguS04vz9E_15_0to595,AIGVDBench,rqguS04vz9E_15_0to595,aigvdbench:rqguS04vz9E_15_0to595,train,train,1,Open-Sora,text_to_video,rqguS04vz9E_15_0to595.mp4,b9c2bc76678068f32de92be35580d629395c6c6a2b35cc4e055bddcda6919650,0a5f7c76972b0bb993a2e35f87ef49426935eb0e41a1bd4e950eb2491a16a54b,AIGVDBench/OpenSource/T2V/Open-Sora.zip,videos/rqguS04vz9E_15_0to595.mp4,47079,47931,dataset_cc_by_4_0_component_partial,not_downloaded
real::n4hI6-oz8vU_2_0to118,AIGVDBench,n4hI6-oz8vU_2_0to118,aigvdbench:n4hI6-oz8vU_2_0to118,train,train,0,,real_video,n4hI6-oz8vU_2_0to118.mp4,e5c8f6fe4d3ebb218689a3e4979c32197f4aafca97a37770efe3ac4ad658b8b6,0a6ab3baaeb99b9655d846dfeea418890420bb94dde47f1fdf38adba12d3dea7,AIGVDBench/Real/Real.zip,videos/n4hI6-oz8vU_2_0to118.mp4,3017543,3018038,dataset_cc_by_4_0_component_partial,not_downloaded
open_sora::n4hI6-oz8vU_2_0to118,AIGVDBench,n4hI6-oz8vU_2_0to118,aigvdbench:n4hI6-oz8vU_2_0to118,train,train,1,Open-Sora,text_to_video,n4hI6-oz8vU_2_0to118.mp4,e5c8f6fe4d3ebb218689a3e4979c32197f4aafca97a37770efe3ac4ad658b8b6,0a6ab3baaeb99b9655d846dfeea418890420bb94dde47f1fdf38adba12d3dea7,AIGVDBench/OpenSource/T2V/Open-Sora.zip,videos/n4hI6-oz8vU_2_0to118.mp4,48253,49069,dataset_cc_by_4_0_component_partial,not_downloaded
real::VT7EDMecOvk_39_18to216,AIGVDBench,VT7EDMecOvk_39_18to216,aigvdbench:VT7EDMecOvk_39_18to216,train,train,0,,real_video,VT7EDMecOvk_39_18to216.mp4,91a1d9cb22e9c5b22feb72560af2727a1c8a8b99d314c913796d6e52694c63e2,0a6e4b8904b5747b51223534b20c2b6a357672ee894ba9dc0b26a0b13e83b6e6,AIGVDBench/Real/Real.zip,videos/VT7EDMecOvk_39_18to216.mp4,1956427,1957880,dataset_cc_by_4_0_component_partial,not_downloaded
open_sora::VT7EDMecOvk_39_18to216,AIGVDBench,VT7EDMecOvk_39_18to216,aigvdbench:VT7EDMecOvk_39_18to216,train,train,1,Open-Sora,text_to_video,VT7EDMecOvk_39_18to216.mp4,91a1d9cb22e9c5b22feb72560af2727a1c8a8b99d314c913796d6e52694c63e2,0a6e4b8904b5747b51223534b20c2b6a357672ee894ba9dc0b26a0b13e83b6e6,AIGVDBench/OpenSource/T2V/Open-Sora.zip,videos/VT7EDMecOvk_39_18to216.mp4,36685,37556,dataset_cc_by_4_0_component_partial,not_downloaded
real::1KbKPKAoqE4_0_386to580,AIGVDBench,1KbKPKAoqE4_0_386to580,aigvdbench:1KbKPKAoqE4_0_386to580,train,train,0,,real_video,1KbKPKAoqE4_0_386to580.mp4,f6e751ba72e1fe786d34950eb4ee2313450598ee224c5ff1876da4ea11e0dbde,0a73a06444112cb31cd5c3e030cd2e4a3656e9671241e8aad474dfb48ed11c3a,AIGVDBench/Real/Real.zip,videos/1KbKPKAoqE4_0_386to580.mp4,2291481,2292247,dataset_cc_by_4_0_component_partial,not_downloaded
open_sora::1KbKPKAoqE4_0_386to580,AIGVDBench,1KbKPKAoqE4_0_386to580,aigvdbench:1KbKPKAoqE4_0_386to580,train,train,1,Open-Sora,text_to_video,1KbKPKAoqE4_0_386to580.mp4,f6e751ba72e1fe786d34950eb4ee2313450598ee224c5ff1876da4ea11e0dbde,0a73a06444112cb31cd5c3e030cd2e4a3656e9671241e8aad474dfb48ed11c3a,AIGVDBench/OpenSource/T2V/Open-Sora.zip,videos/1KbKPKAoqE4_0_386to580.mp4,31464,32339,dataset_cc_by_4_0_component_partial,not_downloaded
real::9S-v__ewPY0_78_0to125,AIGVDBench,9S-v__ewPY0_78_0to125,aigvdbench:9S-v__ewPY0_78_0to125,train,train,0,,real_video,9S-v__ewPY0_78_0to125.mp4,93e181f49cce7eb4aa7b9d5243c5d344b6e9696161f80d18a8c0591c3172d959,0a7d046090c7b1ba640003889c89406dc42e8eda92fd74965897f3002657b961,AIGVDBench/Real/Real.zip,videos/9S-v__ewPY0_78_0to125.mp4,5181750,5181727,dataset_cc_by_4_0_component_partial,not_downloaded
open_sora::9S-v__ewPY0_78_0to125,AIGVDBench,9S-v__ewPY0_78_0to125,aigvdbench:9S-v__ewPY0_78_0to125,train,train,1,Open-Sora,text_to_video,9S-v__ewPY0_78_0to125.mp4,93e181f49cce7eb4aa7b9d5243c5d344b6e9696161f80d18a8c0591c3172d959,0a7d046090c7b1ba640003889c89406dc42e8eda92fd74965897f3002657b961,AIGVDBench/OpenSource/T2V/Open-Sora.zip,videos/9S-v__ewPY0_78_0to125.mp4,66696,67519,dataset_cc_by_4_0_component_partial,not_downloaded
real::g7JyzC6QEyo_2_0to109,AIGVDBench,g7JyzC6QEyo_2_0to109,aigvdbench:g7JyzC6QEyo_2_0to109,train,train,0,,real_video,g7JyzC6QEyo_2_0to109.mp4,c56390a1e5442ea5d260f6cd3cdeca0237e8bb5e3e5ec0ac5e465aaa6cf8df3b,0a8a2ffee35cfd6c8f68607a7459842d4de5f122e8e7b50e086edfd0408d7311,AIGVDBench/Real/Real.zip,videos/g7JyzC6QEyo_2_0to109.mp4,1636054,1636513,dataset_cc_by_4_0_component_partial,not_downloaded
open_sora::g7JyzC6QEyo_2_0to109,AIGVDBench,g7JyzC6QEyo_2_0to109,aigvdbench:g7JyzC6QEyo_2_0to109,train,train,1,Open-Sora,text_to_video,g7JyzC6QEyo_2_0to109.mp4,c56390a1e5442ea5d260f6cd3cdeca0237e8bb5e3e5ec0ac5e465aaa6cf8df3b,0a8a2ffee35cfd6c8f68607a7459842d4de5f122e8e7b50e086edfd0408d7311,AIGVDBench/OpenSource/T2V/Open-Sora.zip,videos/g7JyzC6QEyo_2_0to109.mp4,36899,37714,dataset_cc_by_4_0_component_partial,not_downloaded
real::NSeEkNMbeiA_94_0to127,AIGVDBench,NSeEkNMbeiA_94_0to127,aigvdbench:NSeEkNMbeiA_94_0to127,train,train,0,,real_video,NSeEkNMbeiA_94_0to127.mp4,dbe900062f5fc1182c517ffba8579071ab801b5d817e2e8de80615136a6b1887,0a9180a9f02fc332d253d4c1835d7e5f83032a1616874b33ea8d47dc936b18a1,AIGVDBench/Real/Real.zip,videos/NSeEkNMbeiA_94_0to127.mp4,1267868,1268899,dataset_cc_by_4_0_component_partial,not_downloaded
open_sora::NSeEkNMbeiA_94_0to127,AIGVDBench,NSeEkNMbeiA_94_0to127,aigvdbench:NSeEkNMbeiA_94_0to127,train,train,1,Open-Sora,text_to_video,NSeEkNMbeiA_94_0to127.mp4,dbe900062f5fc1182c517ffba8579071ab801b5d817e2e8de80615136a6b1887,0a9180a9f02fc332d253d4c1835d7e5f83032a1616874b33ea8d47dc936b18a1,AIGVDBench/OpenSource/T2V/Open-Sora.zip,videos/NSeEkNMbeiA_94_0to127.mp4,52962,53817,dataset_cc_by_4_0_component_partial,not_downloaded
real::nbVeAPCvG34_13_0to1072,AIGVDBench,nbVeAPCvG34_13_0to1072,aigvdbench:nbVeAPCvG34_13_0to1072,train,train,0,,real_video,nbVeAPCvG34_13_0to1072.mp4,051bf98bc55bb187d3459219f822f82d79e379d27bed83b3c2540b70c2e024e3,0a92fccf4dacb591b6ec79272063cca82051c95ce067b7530ae5a7b34153cd9a,AIGVDBench/Real/Real.zip,videos/nbVeAPCvG34_13_0to1072.mp4,15905801,15909190,dataset_cc_by_4_0_component_partial,not_downloaded
open_sora::nbVeAPCvG34_13_0to1072,AIGVDBench,nbVeAPCvG34_13_0to1072,aigvdbench:nbVeAPCvG34_13_0to1072,train,train,1,Open-Sora,text_to_video,nbVeAPCvG34_13_0to1072.mp4,051bf98bc55bb187d3459219f822f82d79e379d27bed83b3c2540b70c2e024e3,0a92fccf4dacb591b6ec79272063cca82051c95ce067b7530ae5a7b34153cd9a,AIGVDBench/OpenSource/T2V/Open-Sora.zip,videos/nbVeAPCvG34_13_0to1072.mp4,46400,47217,dataset_cc_by_4_0_component_partial,not_downloaded
real::XinuCBJ7sAw_9_0to205,AIGVDBench,XinuCBJ7sAw_9_0to205,aigvdbench:XinuCBJ7sAw_9_0to205,train,train,0,,real_video,XinuCBJ7sAw_9_0to205.mp4,0840d6f8453e7120b122cf41aa24218b2d348b40f89a6eefafbdfd51060ae420,0a9353b3dbf5452d7366f30ff4e73c3590b3a5aa08e0d16a490f5f24cb7b5e01,AIGVDBench/Real/Real.zip,videos/XinuCBJ7sAw_9_0to205.mp4,4100360,4100655,dataset_cc_by_4_0_component_partial,not_downloaded
open_sora::XinuCBJ7sAw_9_0to205,AIGVDBench,XinuCBJ7sAw_9_0to205,aigvdbench:XinuCBJ7sAw_9_0to205,train,train,1,Open-Sora,text_to_video,XinuCBJ7sAw_9_0to205.mp4,0840d6f8453e7120b122cf41aa24218b2d348b40f89a6eefafbdfd51060ae420,0a9353b3dbf5452d7366f30ff4e73c3590b3a5aa08e0d16a490f5f24cb7b5e01,AIGVDBench/OpenSource/T2V/Open-Sora.zip,videos/XinuCBJ7sAw_9_0to205.mp4,59000,59799,dataset_cc_by_4_0_component_partial,not_downloaded
real::kbrL_OasUA0_200_34to265,AIGVDBench,kbrL_OasUA0_200_34to265,aigvdbench:kbrL_OasUA0_200_34to265,train,train,0,,real_video,kbrL_OasUA0_200_34to265.mp4,62db1cc7f67c19aeb03e9b6808cbedb1153b66beecf1ffa1276b1bb16eea1348,0a94ba74cda982a9419dea9fee307de8735e78780555e98506648cdbd7156b4a,AIGVDBench/Real/Real.zip,videos/kbrL_OasUA0_200_34to265.mp4,2584839,2585969,dataset_cc_by_4_0_component_partial,not_downloaded
open_sora::kbrL_OasUA0_200_34to265,AIGVDBench,kbrL_OasUA0_200_34to265,aigvdbench:kbrL_OasUA0_200_34to265,train,train,1,Open-Sora,text_to_video,kbrL_OasUA0_200_34to265.mp4,62db1cc7f67c19aeb03e9b6808cbedb1153b66beecf1ffa1276b1bb16eea1348,0a94ba74cda982a9419dea9fee307de8735e78780555e98506648cdbd7156b4a,AIGVDBench/OpenSource/T2V/Open-Sora.zip,videos/kbrL_OasUA0_200_34to265.mp4,42854,43685,dataset_cc_by_4_0_component_partial,not_downloaded
real::iuI7vNS60kQ_2_31to185,AIGVDBench,iuI7vNS60kQ_2_31to185,aigvdbench:iuI7vNS60kQ_2_31to185,train,train,0,,real_video,iuI7vNS60kQ_2_31to185.mp4,33549f9b65f12e73f00d56bc8ba0def301d9315ce1e1972652544937523e7496,0a9a2d9996efea36d6dc3c2b4d94f5aff147ee116a165568324774496dc4cd65,AIGVDBench/Real/Real.zip,videos/iuI7vNS60kQ_2_31to185.mp4,1306570,1307246,dataset_cc_by_4_0_component_partial,not_downloaded
open_sora::iuI7vNS60kQ_2_31to185,AIGVDBench,iuI7vNS60kQ_2_31to185,aigvdbench:iuI7vNS60kQ_2_31to185,train,train,1,Open-Sora,text_to_video,iuI7vNS60kQ_2_31to185.mp4,33549f9b65f12e73f00d56bc8ba0def301d9315ce1e1972652544937523e7496,0a9a2d9996efea36d6dc3c2b4d94f5aff147ee116a165568324774496dc4cd65,AIGVDBench/OpenSource/T2V/Open-Sora.zip,videos/iuI7vNS60kQ_2_31to185.mp4,49974,50819,dataset_cc_by_4_0_component_partial,not_downloaded
real::6Q7U8fDwBsI_63_60to169,AIGVDBench,6Q7U8fDwBsI_63_60to169,aigvdbench:6Q7U8fDwBsI_63_60to169,train,train,0,,real_video,6Q7U8fDwBsI_63_60to169.mp4,5ebfd6a59fc45637054ccd1f2c40af0f3e89c8c7a045aca7aa5fc7f4c51a0044,0a9df72d0949a6da923c07be15fc613e238a6a89b3886e1f77ae4b91b08057b8,AIGVDBench/Real/Real.zip,videos/6Q7U8fDwBsI_63_60to169.mp4,675077,675931,dataset_cc_by_4_0_component_partial,not_downloaded
open_sora::6Q7U8fDwBsI_63_60to169,AIGVDBench,6Q7U8fDwBsI_63_60to169,aigvdbench:6Q7U8fDwBsI_63_60to169,train,train,1,Open-Sora,text_to_video,6Q7U8fDwBsI_63_60to169.mp4,5ebfd6a59fc45637054ccd1f2c40af0f3e89c8c7a045aca7aa5fc7f4c51a0044,0a9df72d0949a6da923c07be15fc613e238a6a89b3886e1f77ae4b91b08057b8,AIGVDBench/OpenSource/T2V/Open-Sora.zip,videos/6Q7U8fDwBsI_63_60to169.mp4,27814,28788,dataset_cc_by_4_0_component_partial,not_downloaded
real::qmpDK-8ib2Y_21_0to151,AIGVDBench,qmpDK-8ib2Y_21_0to151,aigvdbench:qmpDK-8ib2Y_21_0to151,train,train,0,,real_video,qmpDK-8ib2Y_21_0to151.mp4,b20d5dc45d434c6c9ae1a4266ff9768a053b93f7e0c4c0e1b9f807dd154b76c8,0aaea71b3d342ba0a9b76fd28b4d9ce6243e745750efa7322dc7425050cb59f5,AIGVDBench/Real/Real.zip,videos/qmpDK-8ib2Y_21_0to151.mp4,1792758,1793299,dataset_cc_by_4_0_component_partial,not_downloaded
open_sora::qmpDK-8ib2Y_21_0to151,AIGVDBench,qmpDK-8ib2Y_21_0to151,aigvdbench:qmpDK-8ib2Y_21_0to151,train,train,1,Open-Sora,text_to_video,qmpDK-8ib2Y_21_0to151.mp4,b20d5dc45d434c6c9ae1a4266ff9768a053b93f7e0c4c0e1b9f807dd154b76c8,0aaea71b3d342ba0a9b76fd28b4d9ce6243e745750efa7322dc7425050cb59f5,AIGVDBench/OpenSource/T2V/Open-Sora.zip,videos/qmpDK-8ib2Y_21_0to151.mp4,66796,67638,dataset_cc_by_4_0_component_partial,not_downloaded
real::g1URRmmapWQ_116_0to101,AIGVDBench,g1URRmmapWQ_116_0to101,aigvdbench:g1URRmmapWQ_116_0to101,train,train,0,,real_video,g1URRmmapWQ_116_0to101.mp4,b71e9047e1234f20e82549e3ce86d69a6b9ea1d0239868f634c3a844b084a8de,0ab27a89f63ef01af5f81faeee5e114959b8a8a3bd4f240080cc123c6301490d,AIGVDBench/Real/Real.zip,videos/g1URRmmapWQ_116_0to101.mp4,1290319,1291200,dataset_cc_by_4_0_component_partial,not_downloaded
open_sora::g1URRmmapWQ_116_0to101,AIGVDBench,g1URRmmapWQ_116_0to101,aigvdbench:g1URRmmapWQ_116_0to101,train,train,1,Open-Sora,text_to_video,g1URRmmapWQ_116_0to101.mp4,b71e9047e1234f20e82549e3ce86d69a6b9ea1d0239868f634c3a844b084a8de,0ab27a89f63ef01af5f81faeee5e114959b8a8a3bd4f240080cc123c6301490d,AIGVDBench/OpenSource/T2V/Open-Sora.zip,videos/g1URRmmapWQ_116_0to101.mp4,74418,75164,dataset_cc_by_4_0_component_partial,not_downloaded
real::TJv4AXbmcIY_0_0to124,AIGVDBench,TJv4AXbmcIY_0_0to124,aigvdbench:TJv4AXbmcIY_0_0to124,train,train,0,,real_video,TJv4AXbmcIY_0_0to124.mp4,4cf25a24aa1fd125b27498a03603c85da750a6b8f5bee73a3aed6b14ba3fe12e,0ab2d491caac5ccefdd522c133ce7700483236b3fef60aec4450eb5c4d2b8947,AIGVDBench/Real/Real.zip,videos/TJv4AXbmcIY_0_0to124.mp4,1986080,1986867,dataset_cc_by_4_0_component_partial,not_downloaded
open_sora::TJv4AXbmcIY_0_0to124,AIGVDBench,TJv4AXbmcIY_0_0to124,aigvdbench:TJv4AXbmcIY_0_0to124,train,train,1,Open-Sora,text_to_video,TJv4AXbmcIY_0_0to124.mp4,4cf25a24aa1fd125b27498a03603c85da750a6b8f5bee73a3aed6b14ba3fe12e,0ab2d491caac5ccefdd522c133ce7700483236b3fef60aec4450eb5c4d2b8947,AIGVDBench/OpenSource/T2V/Open-Sora.zip,videos/TJv4AXbmcIY_0_0to124.mp4,58537,59299,dataset_cc_by_4_0_component_partial,not_downloaded
real::QAPn0qcHOBg_17_0to331,AIGVDBench,QAPn0qcHOBg_17_0to331,aigvdbench:QAPn0qcHOBg_17_0to331,train,train,0,,real_video,QAPn0qcHOBg_17_0to331.mp4,a4a541955389b468330746ea83c502b316dee9ebd7b0688b530a5bd1a0c6bda0,0ab47fa794436821c45e21d12542dfc6889fc0052f2da76e49946b5b8b86c604,AIGVDBench/Real/Real.zip,videos/QAPn0qcHOBg_17_0to331.mp4,4185964,4186720,dataset_cc_by_4_0_component_partial,not_downloaded
open_sora::QAPn0qcHOBg_17_0to331,AIGVDBench,QAPn0qcHOBg_17_0to331,aigvdbench:QAPn0qcHOBg_17_0to331,train,train,1,Open-Sora,text_to_video,QAPn0qcHOBg_17_0to331.mp4,a4a541955389b468330746ea83c502b316dee9ebd7b0688b530a5bd1a0c6bda0,0ab47fa794436821c45e21d12542dfc6889fc0052f2da76e49946b5b8b86c604,AIGVDBench/OpenSource/T2V/Open-Sora.zip,videos/QAPn0qcHOBg_17_0to331.mp4,34794,35703,dataset_cc_by_4_0_component_partial,not_downloaded
real::YRREoPnnel0_1_0to1166,AIGVDBench,YRREoPnnel0_1_0to1166,aigvdbench:YRREoPnnel0_1_0to1166,train,train,0,,real_video,YRREoPnnel0_1_0to1166.mp4,57120baba04de0c067783d3894bc0da28d2dec83dbfd5d920a5c49ee22e028bb,0ab629dba475e1b9eb11a0a406ea7d7ae75c951e92d054f50042c6b211e8491b,AIGVDBench/Real/Real.zip,videos/YRREoPnnel0_1_0to1166.mp4,18183007,18190174,dataset_cc_by_4_0_component_partial,not_downloaded
open_sora::YRREoPnnel0_1_0to1166,AIGVDBench,YRREoPnnel0_1_0to1166,aigvdbench:YRREoPnnel0_1_0to1166,train,train,1,Open-Sora,text_to_video,YRREoPnnel0_1_0to1166.mp4,57120baba04de0c067783d3894bc0da28d2dec83dbfd5d920a5c49ee22e028bb,0ab629dba475e1b9eb11a0a406ea7d7ae75c951e92d054f50042c6b211e8491b,AIGVDBench/OpenSource/T2V/Open-Sora.zip,videos/YRREoPnnel0_1_0to1166.mp4,69203,70036,dataset_cc_by_4_0_component_partial,not_downloaded
real::8ZQLMlbM5fU_2_75to190,AIGVDBench,8ZQLMlbM5fU_2_75to190,aigvdbench:8ZQLMlbM5fU_2_75to190,train,train,0,,real_video,8ZQLMlbM5fU_2_75to190.mp4,d1125e470f5d2e951f2ad87fe0a07f032b880d04932ebe1b1d056586e375d74e,0ab712a107da20ce1cfb7fe530d6858724324b6287011c430ade8bddd944b31b,AIGVDBench/Real/Real.zip,videos/8ZQLMlbM5fU_2_75to190.mp4,1437775,1438420,dataset_cc_by_4_0_component_partial,not_downloaded
open_sora::8ZQLMlbM5fU_2_75to190,AIGVDBench,8ZQLMlbM5fU_2_75to190,aigvdbench:8ZQLMlbM5fU_2_75to190,train,train,1,Open-Sora,text_to_video,8ZQLMlbM5fU_2_75to190.mp4,d1125e470f5d2e951f2ad87fe0a07f032b880d04932ebe1b1d056586e375d74e,0ab712a107da20ce1cfb7fe530d6858724324b6287011c430ade8bddd944b31b,AIGVDBench/OpenSource/T2V/Open-Sora.zip,videos/8ZQLMlbM5fU_2_75to190.mp4,65608,66394,dataset_cc_by_4_0_component_partial,not_downloaded
real::ZCgWuiHxaUs_44_20to165,AIGVDBench,ZCgWuiHxaUs_44_20to165,aigvdbench:ZCgWuiHxaUs_44_20to165,train,train,0,,real_video,ZCgWuiHxaUs_44_20to165.mp4,56d68fa23381117ecf2ff35e10240a75690cac3487ac6481befe8f9241192181,0abb1779f9c8a2050cd434b78986e8e78b5e67aa7fb7bb77c1ce60aabb0793d5,AIGVDBench/Real/Real.zip,videos/ZCgWuiHxaUs_44_20to165.mp4,1338168,1338713,dataset_cc_by_4_0_component_partial,not_downloaded
open_sora::ZCgWuiHxaUs_44_20to165,AIGVDBench,ZCgWuiHxaUs_44_20to165,aigvdbench:ZCgWuiHxaUs_44_20to165,train,train,1,Open-Sora,text_to_video,ZCgWuiHxaUs_44_20to165.mp4,56d68fa23381117ecf2ff35e10240a75690cac3487ac6481befe8f9241192181,0abb1779f9c8a2050cd434b78986e8e78b5e67aa7fb7bb77c1ce60aabb0793d5,AIGVDBench/OpenSource/T2V/Open-Sora.zip,videos/ZCgWuiHxaUs_44_20to165.mp4,39974,40869,dataset_cc_by_4_0_component_partial,not_downloaded
real::w1adl5ZvWbk_0_0to1321,AIGVDBench,w1adl5ZvWbk_0_0to1321,aigvdbench:w1adl5ZvWbk_0_0to1321,train,train,0,,real_video,w1adl5ZvWbk_0_0to1321.mp4,2a390ba2f2b5d39c54123d95c69efb2ceb71c9050f525c69df50e126d4136de9,0abb59ec1bdb039f5ee63ac49c626554205f901e302b1dfbfbb8214f6e382a24,AIGVDBench/Real/Real.zip,videos/w1adl5ZvWbk_0_0to1321.mp4,30784376,30789446,dataset_cc_by_4_0_component_partial,not_downloaded
open_sora::w1adl5ZvWbk_0_0to1321,AIGVDBench,w1adl5ZvWbk_0_0to1321,aigvdbench:w1adl5ZvWbk_0_0to1321,train,train,1,Open-Sora,text_to_video,w1adl5ZvWbk_0_0to1321.mp4,2a390ba2f2b5d39c54123d95c69efb2ceb71c9050f525c69df50e126d4136de9,0abb59ec1bdb039f5ee63ac49c626554205f901e302b1dfbfbb8214f6e382a24,AIGVDBench/OpenSource/T2V/Open-Sora.zip,videos/w1adl5ZvWbk_0_0to1321.mp4,54197,54995,dataset_cc_by_4_0_component_partial,not_downloaded
real::E2yzW5lXzrw_8_0to146,AIGVDBench,E2yzW5lXzrw_8_0to146,aigvdbench:E2yzW5lXzrw_8_0to146,train,train,0,,real_video,E2yzW5lXzrw_8_0to146.mp4,bc92780aaf782297bec4a83326ca75143cf5f9f7acd575fc167bd32e8142a4a1,0abbecabe6e27a583ad1f3f1aadd62e63f61d708f096df23c22760c7a82bd1b2,AIGVDBench/Real/Real.zip,videos/E2yzW5lXzrw_8_0to146.mp4,2058187,2058646,dataset_cc_by_4_0_component_partial,not_downloaded
open_sora::E2yzW5lXzrw_8_0to146,AIGVDBench,E2yzW5lXzrw_8_0to146,aigvdbench:E2yzW5lXzrw_8_0to146,train,train,1,Open-Sora,text_to_video,E2yzW5lXzrw_8_0to146.mp4,bc92780aaf782297bec4a83326ca75143cf5f9f7acd575fc167bd32e8142a4a1,0abbecabe6e27a583ad1f3f1aadd62e63f61d708f096df23c22760c7a82bd1b2,AIGVDBench/OpenSource/T2V/Open-Sora.zip,videos/E2yzW5lXzrw_8_0to146.mp4,24337,25326,dataset_cc_by_4_0_component_partial,not_downloaded
real::EPzk6lP0XsE_39_0to109,AIGVDBench,EPzk6lP0XsE_39_0to109,aigvdbench:EPzk6lP0XsE_39_0to109,train,train,0,,real_video,EPzk6lP0XsE_39_0to109.mp4,2ba53ff9dc379d61bf0afefe97c966745b3f62388ae410b0177b2be24b06d071,0ac093a5b5df7e2b435693bc5cb4883c7d0c253921141ac13453354283d2dd14,AIGVDBench/Real/Real.zip,videos/EPzk6lP0XsE_39_0to109.mp4,1805962,1806438,dataset_cc_by_4_0_component_partial,not_downloaded
open_sora::EPzk6lP0XsE_39_0to109,AIGVDBench,EPzk6lP0XsE_39_0to109,aigvdbench:EPzk6lP0XsE_39_0to109,train,train,1,Open-Sora,text_to_video,EPzk6lP0XsE_39_0to109.mp4,2ba53ff9dc379d61bf0afefe97c966745b3f62388ae410b0177b2be24b06d071,0ac093a5b5df7e2b435693bc5cb4883c7d0c253921141ac13453354283d2dd14,AIGVDBench/OpenSource/T2V/Open-Sora.zip,videos/EPzk6lP0XsE_39_0to109.mp4,51431,52191,dataset_cc_by_4_0_component_partial,not_downloaded
real::ygsuUcp6TKk_9_22to797,AIGVDBench,ygsuUcp6TKk_9_22to797,aigvdbench:ygsuUcp6TKk_9_22to797,train,train,0,,real_video,ygsuUcp6TKk_9_22to797.mp4,c8a27ed842400d284a9a99a7044bed27a6af0648b319dc8fd6a0c5f0c4cdbeca,0ac850a54961da36667b61ee1c25dd6126aa7177e6babe679a2b4c79ee964e10,AIGVDBench/Real/Real.zip,videos/ygsuUcp6TKk_9_22to797.mp4,9506745,9509311,dataset_cc_by_4_0_component_partial,not_downloaded
open_sora::ygsuUcp6TKk_9_22to797,AIGVDBench,ygsuUcp6TKk_9_22to797,aigvdbench:ygsuUcp6TKk_9_22to797,train,train,1,Open-Sora,text_to_video,ygsuUcp6TKk_9_22to797.mp4,c8a27ed842400d284a9a99a7044bed27a6af0648b319dc8fd6a0c5f0c4cdbeca,0ac850a54961da36667b61ee1c25dd6126aa7177e6babe679a2b4c79ee964e10,AIGVDBench/OpenSource/T2V/Open-Sora.zip,videos/ygsuUcp6TKk_9_22to797.mp4,54309,55131,dataset_cc_by_4_0_component_partial,not_downloaded
real::NZjrusw00ao_14_0to108,AIGVDBench,NZjrusw00ao_14_0to108,aigvdbench:NZjrusw00ao_14_0to108,train,train,0,,real_video,NZjrusw00ao_14_0to108.mp4,05497cd5fd37d349efe18b576d82cfbec0cfe5a24ff17da6a546660c23adfa75,0aca8b1eb54d949ac3977c6a16030833a0fb223ee69f22ca12b55434efb4f87c,AIGVDBench/Real/Real.zip,videos/NZjrusw00ao_14_0to108.mp4,3773733,3773908,dataset_cc_by_4_0_component_partial,not_downloaded
open_sora::NZjrusw00ao_14_0to108,AIGVDBench,NZjrusw00ao_14_0to108,aigvdbench:NZjrusw00ao_14_0to108,train,train,1,Open-Sora,text_to_video,NZjrusw00ao_14_0to108.mp4,05497cd5fd37d349efe18b576d82cfbec0cfe5a24ff17da6a546660c23adfa75,0aca8b1eb54d949ac3977c6a16030833a0fb223ee69f22ca12b55434efb4f87c,AIGVDBench/OpenSource/T2V/Open-Sora.zip,videos/NZjrusw00ao_14_0to108.mp4,63249,64047,dataset_cc_by_4_0_component_partial,not_downloaded
real::_VXfYMxtejs_16_0to222,AIGVDBench,_VXfYMxtejs_16_0to222,aigvdbench:_VXfYMxtejs_16_0to222,train,train,0,,real_video,_VXfYMxtejs_16_0to222.mp4,60d7e41d682d4760ef4ed41ce60f2930dd6fd4d92b41f089ac96883723329e3d,0acd71d16d7c880235586243fea061d3bfedd457d3012ace3b14fcf03828dee6,AIGVDBench/Real/Real.zip,videos/_VXfYMxtejs_16_0to222.mp4,6870051,6870940,dataset_cc_by_4_0_component_partial,not_downloaded
open_sora::_VXfYMxtejs_16_0to222,AIGVDBench,_VXfYMxtejs_16_0to222,aigvdbench:_VXfYMxtejs_16_0to222,train,train,1,Open-Sora,text_to_video,_VXfYMxtejs_16_0to222.mp4,60d7e41d682d4760ef4ed41ce60f2930dd6fd4d92b41f089ac96883723329e3d,0acd71d16d7c880235586243fea061d3bfedd457d3012ace3b14fcf03828dee6,AIGVDBench/OpenSource/T2V/Open-Sora.zip,videos/_VXfYMxtejs_16_0to222.mp4,50248,51034,dataset_cc_by_4_0_component_partial,not_downloaded
real::HfOXfEJI7kA_25_0to371,AIGVDBench,HfOXfEJI7kA_25_0to371,aigvdbench:HfOXfEJI7kA_25_0to371,train,train,0,,real_video,HfOXfEJI7kA_25_0to371.mp4,d24e50a403a14db2d7a3057a27471d7b54686af7fbc074dcc4b275fa9fc03898,0acd9ad01e2d38aab32b215e96fa96b636a1975d420d10caaf369f5e23afd108,AIGVDBench/Real/Real.zip,videos/HfOXfEJI7kA_25_0to371.mp4,13922588,13921483,dataset_cc_by_4_0_component_partial,not_downloaded
open_sora::HfOXfEJI7kA_25_0to371,AIGVDBench,HfOXfEJI7kA_25_0to371,aigvdbench:HfOXfEJI7kA_25_0to371,train,train,1,Open-Sora,text_to_video,HfOXfEJI7kA_25_0to371.mp4,d24e50a403a14db2d7a3057a27471d7b54686af7fbc074dcc4b275fa9fc03898,0acd9ad01e2d38aab32b215e96fa96b636a1975d420d10caaf369f5e23afd108,AIGVDBench/OpenSource/T2V/Open-Sora.zip,videos/HfOXfEJI7kA_25_0to371.mp4,52511,53351,dataset_cc_by_4_0_component_partial,not_downloaded
real::UPKjXZf3jPE_11_0to107,AIGVDBench,UPKjXZf3jPE_11_0to107,aigvdbench:UPKjXZf3jPE_11_0to107,train,train,0,,real_video,UPKjXZf3jPE_11_0to107.mp4,0cef87b90087051eeffaf5dbcb0569f65cb3ec759e26bd70533ba464df7bac9c,0ad06f3e93f9c8984fb6049cb5a9039cac232ac7d03db0e34a4fb46046dff839,AIGVDBench/Real/Real.zip,videos/UPKjXZf3jPE_11_0to107.mp4,1423749,1424212,dataset_cc_by_4_0_component_partial,not_downloaded
open_sora::UPKjXZf3jPE_11_0to107,AIGVDBench,UPKjXZf3jPE_11_0to107,aigvdbench:UPKjXZf3jPE_11_0to107,train,train,1,Open-Sora,text_to_video,UPKjXZf3jPE_11_0to107.mp4,0cef87b90087051eeffaf5dbcb0569f65cb3ec759e26bd70533ba464df7bac9c,0ad06f3e93f9c8984fb6049cb5a9039cac232ac7d03db0e34a4fb46046dff839,AIGVDBench/OpenSource/T2V/Open-Sora.zip,videos/UPKjXZf3jPE_11_0to107.mp4,38759,39573,dataset_cc_by_4_0_component_partial,not_downloaded
real::w5qRx68Qnrs_30_0to107,AIGVDBench,w5qRx68Qnrs_30_0to107,aigvdbench:w5qRx68Qnrs_30_0to107,train,train,0,,real_video,w5qRx68Qnrs_30_0to107.mp4,04bc6cbf626a5e0a618cc99b68d8aa997a10280316cd3bd9ffb0959feb830ed1,0ad4a2b8240efda352f56789dd827ef4a6be91ea6617f623a9bfa323876d02a5,AIGVDBench/Real/Real.zip,videos/w5qRx68Qnrs_30_0to107.mp4,1799972,1800408,dataset_cc_by_4_0_component_partial,not_downloaded
open_sora::w5qRx68Qnrs_30_0to107,AIGVDBench,w5qRx68Qnrs_30_0to107,aigvdbench:w5qRx68Qnrs_30_0to107,train,train,1,Open-Sora,text_to_video,w5qRx68Qnrs_30_0to107.mp4,04bc6cbf626a5e0a618cc99b68d8aa997a10280316cd3bd9ffb0959feb830ed1,0ad4a2b8240efda352f56789dd827ef4a6be91ea6617f623a9bfa323876d02a5,AIGVDBench/OpenSource/T2V/Open-Sora.zip,videos/w5qRx68Qnrs_30_0to107.mp4,77273,77996,dataset_cc_by_4_0_component_partial,not_downloaded
real::dCwylr3BSas_12_0to131,AIGVDBench,dCwylr3BSas_12_0to131,aigvdbench:dCwylr3BSas_12_0to131,train,train,0,,real_video,dCwylr3BSas_12_0to131.mp4,3ae25d263a43f985022e367e4705dfd29e65309f9c75dcfebe21adbfee81dce3,0ad53f50852c7ee913fc4779a0d82a11cd0ffc56dbd6cdd250981bace8cb5d59,AIGVDBench/Real/Real.zip,videos/dCwylr3BSas_12_0to131.mp4,4061418,4061562,dataset_cc_by_4_0_component_partial,not_downloaded
open_sora::dCwylr3BSas_12_0to131,AIGVDBench,dCwylr3BSas_12_0to131,aigvdbench:dCwylr3BSas_12_0to131,train,train,1,Open-Sora,text_to_video,dCwylr3BSas_12_0to131.mp4,3ae25d263a43f985022e367e4705dfd29e65309f9c75dcfebe21adbfee81dce3,0ad53f50852c7ee913fc4779a0d82a11cd0ffc56dbd6cdd250981bace8cb5d59,AIGVDBench/OpenSource/T2V/Open-Sora.zip,videos/dCwylr3BSas_12_0to131.mp4,44399,45291,dataset_cc_by_4_0_component_partial,not_downloaded
real::SSm1mwRU1b0_18_18to167,AIGVDBench,SSm1mwRU1b0_18_18to167,aigvdbench:SSm1mwRU1b0_18_18to167,train,train,0,,real_video,SSm1mwRU1b0_18_18to167.mp4,eba81f981f744fbd8d784201d3b2d6fca093cf79e1b2f271aa4fed5b48750257,0adaf8c01602b39e1d03f8bbb445d19e075c040bea572ad21643a95b52fc1987,AIGVDBench/Real/Real.zip,videos/SSm1mwRU1b0_18_18to167.mp4,3455595,3455788,dataset_cc_by_4_0_component_partial,not_downloaded
open_sora::SSm1mwRU1b0_18_18to167,AIGVDBench,SSm1mwRU1b0_18_18to167,aigvdbench:SSm1mwRU1b0_18_18to167,train,train,1,Open-Sora,text_to_video,SSm1mwRU1b0_18_18to167.mp4,eba81f981f744fbd8d784201d3b2d6fca093cf79e1b2f271aa4fed5b48750257,0adaf8c01602b39e1d03f8bbb445d19e075c040bea572ad21643a95b52fc1987,AIGVDBench/OpenSource/T2V/Open-Sora.zip,videos/SSm1mwRU1b0_18_18to167.mp4,48891,49716,dataset_cc_by_4_0_component_partial,not_downloaded
real::LF-D7kDbgDo_12_0to208,AIGVDBench,LF-D7kDbgDo_12_0to208,aigvdbench:LF-D7kDbgDo_12_0to208,train,train,0,,real_video,LF-D7kDbgDo_12_0to208.mp4,687d6e1c932bbcaa54c4f102df3e04902ec4b74d229c96fe7d9bb32cd8b2de12,0ae47bf7d5187af6b112ca5dab9eb1034bec0e934bba5031d117a9d81ff2ffe5,AIGVDBench/Real/Real.zip,videos/LF-D7kDbgDo_12_0to208.mp4,3177653,3178248,dataset_cc_by_4_0_component_partial,not_downloaded
open_sora::LF-D7kDbgDo_12_0to208,AIGVDBench,LF-D7kDbgDo_12_0to208,aigvdbench:LF-D7kDbgDo_12_0to208,train,train,1,Open-Sora,text_to_video,LF-D7kDbgDo_12_0to208.mp4,687d6e1c932bbcaa54c4f102df3e04902ec4b74d229c96fe7d9bb32cd8b2de12,0ae47bf7d5187af6b112ca5dab9eb1034bec0e934bba5031d117a9d81ff2ffe5,AIGVDBench/OpenSource/T2V/Open-Sora.zip,videos/LF-D7kDbgDo_12_0to208.mp4,68045,68774,dataset_cc_by_4_0_component_partial,not_downloaded
real::92RPStiYlAE_16_20to193,AIGVDBench,92RPStiYlAE_16_20to193,aigvdbench:92RPStiYlAE_16_20to193,train,train,0,,real_video,92RPStiYlAE_16_20to193.mp4,1ddaba973403183d3214b389612228ebf804d996b3dc2a410c9fb8d98de8c09e,0ae8750505c6503df218904acbaedbc56685a3a2fd4a4fd898a952eab9df7e3c,AIGVDBench/Real/Real.zip,videos/92RPStiYlAE_16_20to193.mp4,2607155,2607737,dataset_cc_by_4_0_component_partial,not_downloaded
open_sora::92RPStiYlAE_16_20to193,AIGVDBench,92RPStiYlAE_16_20to193,aigvdbench:92RPStiYlAE_16_20to193,train,train,1,Open-Sora,text_to_video,92RPStiYlAE_16_20to193.mp4,1ddaba973403183d3214b389612228ebf804d996b3dc2a410c9fb8d98de8c09e,0ae8750505c6503df218904acbaedbc56685a3a2fd4a4fd898a952eab9df7e3c,AIGVDBench/OpenSource/T2V/Open-Sora.zip,videos/92RPStiYlAE_16_20to193.mp4,62333,63119,dataset_cc_by_4_0_component_partial,not_downloaded
real::saj2MVBAL2A_10_452to586,AIGVDBench,saj2MVBAL2A_10_452to586,aigvdbench:saj2MVBAL2A_10_452to586,train,train,0,,real_video,saj2MVBAL2A_10_452to586.mp4,843a7c964f8fbc047dd1cf553b933a23571685d2044dd545a8f445b224ed9bb5,0ae93ada4e620aaf580318c527a9f8ec8a5d6b3653c3005092c7f3573c8b9fb5,AIGVDBench/Real/Real.zip,videos/saj2MVBAL2A_10_452to586.mp4,1284113,1284807,dataset_cc_by_4_0_component_partial,not_downloaded
open_sora::saj2MVBAL2A_10_452to586,AIGVDBench,saj2MVBAL2A_10_452to586,aigvdbench:saj2MVBAL2A_10_452to586,train,train,1,Open-Sora,text_to_video,saj2MVBAL2A_10_452to586.mp4,843a7c964f8fbc047dd1cf553b933a23571685d2044dd545a8f445b224ed9bb5,0ae93ada4e620aaf580318c527a9f8ec8a5d6b3653c3005092c7f3573c8b9fb5,AIGVDBench/OpenSource/T2V/Open-Sora.zip,videos/saj2MVBAL2A_10_452to586.mp4,48510,49299,dataset_cc_by_4_0_component_partial,not_downloaded
real::TKzPLWvqR3s_22_495to763,AIGVDBench,TKzPLWvqR3s_22_495to763,aigvdbench:TKzPLWvqR3s_22_495to763,train,train,0,,real_video,TKzPLWvqR3s_22_495to763.mp4,3d76280a2f94d224a38078aeabaf8fe7867df5f728dbb5d66bdd66322fd15dc0,0aee43a9a09fb47b6ad48fe034cfe59b06ce0f0059e81f68ffa66c43118e88dd,AIGVDBench/Real/Real.zip,videos/TKzPLWvqR3s_22_495to763.mp4,5385740,5386381,dataset_cc_by_4_0_component_partial,not_downloaded
open_sora::TKzPLWvqR3s_22_495to763,AIGVDBench,TKzPLWvqR3s_22_495to763,aigvdbench:TKzPLWvqR3s_22_495to763,train,train,1,Open-Sora,text_to_video,TKzPLWvqR3s_22_495to763.mp4,3d76280a2f94d224a38078aeabaf8fe7867df5f728dbb5d66bdd66322fd15dc0,0aee43a9a09fb47b6ad48fe034cfe59b06ce0f0059e81f68ffa66c43118e88dd,AIGVDBench/OpenSource/T2V/Open-Sora.zip,videos/TKzPLWvqR3s_22_495to763.mp4,50122,50939,dataset_cc_by_4_0_component_partial,not_downloaded
real::A9JLNV7aX5s_10_31to135,AIGVDBench,A9JLNV7aX5s_10_31to135,aigvdbench:A9JLNV7aX5s_10_31to135,train,train,0,,real_video,A9JLNV7aX5s_10_31to135.mp4,e206de5990ceea5c2447923faea0c6652149d48371a4812ec91e7bdd4b9029ca,0af1ab269a8a1ffdbfdf5dae696f68effe1f96ec96d821a32f1534392dfabac7,AIGVDBench/Real/Real.zip,videos/A9JLNV7aX5s_10_31to135.mp4,3188229,3188352,dataset_cc_by_4_0_component_partial,not_downloaded
open_sora::A9JLNV7aX5s_10_31to135,AIGVDBench,A9JLNV7aX5s_10_31to135,aigvdbench:A9JLNV7aX5s_10_31to135,train,train,1,Open-Sora,text_to_video,A9JLNV7aX5s_10_31to135.mp4,e206de5990ceea5c2447923faea0c6652149d48371a4812ec91e7bdd4b9029ca,0af1ab269a8a1ffdbfdf5dae696f68effe1f96ec96d821a32f1534392dfabac7,AIGVDBench/OpenSource/T2V/Open-Sora.zip,videos/A9JLNV7aX5s_10_31to135.mp4,61448,62219,dataset_cc_by_4_0_component_partial,not_downloaded
real::yLqm1DLduuA_32_0to209,AIGVDBench,yLqm1DLduuA_32_0to209,aigvdbench:yLqm1DLduuA_32_0to209,train,train,0,,real_video,yLqm1DLduuA_32_0to209.mp4,8cfcacebcf72398d1fa97c127dce32894ef6ec3cdbc4748b9e7870b28c457441,0af2aae67897d3d871b7bf05f7596a3a530478a7eddd42e8ee5fbb34f1a10bbc,AIGVDBench/Real/Real.zip,videos/yLqm1DLduuA_32_0to209.mp4,5021546,5021824,dataset_cc_by_4_0_component_partial,not_downloaded
open_sora::yLqm1DLduuA_32_0to209,AIGVDBench,yLqm1DLduuA_32_0to209,aigvdbench:yLqm1DLduuA_32_0to209,train,train,1,Open-Sora,text_to_video,yLqm1DLduuA_32_0to209.mp4,8cfcacebcf72398d1fa97c127dce32894ef6ec3cdbc4748b9e7870b28c457441,0af2aae67897d3d871b7bf05f7596a3a530478a7eddd42e8ee5fbb34f1a10bbc,AIGVDBench/OpenSource/T2V/Open-Sora.zip,videos/yLqm1DLduuA_32_0to209.mp4,33643,34573,dataset_cc_by_4_0_component_partial,not_downloaded
real::XZkPVIdfas0_21_0to139,AIGVDBench,XZkPVIdfas0_21_0to139,aigvdbench:XZkPVIdfas0_21_0to139,train,train,0,,real_video,XZkPVIdfas0_21_0to139.mp4,ae5baa2910f3b76d08d6beb50a7d3041c84096405f523419b8039e0b788ccdb7,0afb05128e0e6b977fbf3462ff57d37979a413bf1d2950c7e508940d897a40a8,AIGVDBench/Real/Real.zip,videos/XZkPVIdfas0_21_0to139.mp4,2697797,2698230,dataset_cc_by_4_0_component_partial,not_downloaded
open_sora::XZkPVIdfas0_21_0to139,AIGVDBench,XZkPVIdfas0_21_0to139,aigvdbench:XZkPVIdfas0_21_0to139,train,train,1,Open-Sora,text_to_video,XZkPVIdfas0_21_0to139.mp4,ae5baa2910f3b76d08d6beb50a7d3041c84096405f523419b8039e0b788ccdb7,0afb05128e0e6b977fbf3462ff57d37979a413bf1d2950c7e508940d897a40a8,AIGVDBench/OpenSource/T2V/Open-Sora.zip,videos/XZkPVIdfas0_21_0to139.mp4,53618,54433,dataset_cc_by_4_0_component_partial,not_downloaded
real::CJjk3ddxlgM_5_91to398,AIGVDBench,CJjk3ddxlgM_5_91to398,aigvdbench:CJjk3ddxlgM_5_91to398,train,train,0,,real_video,CJjk3ddxlgM_5_91to398.mp4,de67a41b23185964b59791e883aa7886a9e2ce40267fb7a1a1eccbbcf3e7da91,0b06fb50b797a5285ed92d8d152e2f223c38219d132e5642178e07210e024b97,AIGVDBench/Real/Real.zip,videos/CJjk3ddxlgM_5_91to398.mp4,1590127,1591874,dataset_cc_by_4_0_component_partial,not_downloaded
open_sora::CJjk3ddxlgM_5_91to398,AIGVDBench,CJjk3ddxlgM_5_91to398,aigvdbench:CJjk3ddxlgM_5_91to398,train,train,1,Open-Sora,text_to_video,CJjk3ddxlgM_5_91to398.mp4,de67a41b23185964b59791e883aa7886a9e2ce40267fb7a1a1eccbbcf3e7da91,0b06fb50b797a5285ed92d8d152e2f223c38219d132e5642178e07210e024b97,AIGVDBench/OpenSource/T2V/Open-Sora.zip,videos/CJjk3ddxlgM_5_91to398.mp4,30107,30940,dataset_cc_by_4_0_component_partial,not_downloaded
real::hjNifpEzXwM_33_95to207,AIGVDBench,hjNifpEzXwM_33_95to207,aigvdbench:hjNifpEzXwM_33_95to207,train,train,0,,real_video,hjNifpEzXwM_33_95to207.mp4,cd8e2f3196ea8a2dda3e8600dd85ae777da638298026ab94aab724675d5d2c05,0b0b1607cb1790cedddec0dcd7179b642656d1d2c597125d254692582c1eb586,AIGVDBench/Real/Real.zip,videos/hjNifpEzXwM_33_95to207.mp4,1413000,1413648,dataset_cc_by_4_0_component_partial,not_downloaded
open_sora::hjNifpEzXwM_33_95to207,AIGVDBench,hjNifpEzXwM_33_95to207,aigvdbench:hjNifpEzXwM_33_95to207,train,train,1,Open-Sora,text_to_video,hjNifpEzXwM_33_95to207.mp4,cd8e2f3196ea8a2dda3e8600dd85ae777da638298026ab94aab724675d5d2c05,0b0b1607cb1790cedddec0dcd7179b642656d1d2c597125d254692582c1eb586,AIGVDBench/OpenSource/T2V/Open-Sora.zip,videos/hjNifpEzXwM_33_95to207.mp4,32612,33564,dataset_cc_by_4_0_component_partial,not_downloaded
real::oCy4iXSu4mE_21_274to427,AIGVDBench,oCy4iXSu4mE_21_274to427,aigvdbench:oCy4iXSu4mE_21_274to427,train,train,0,,real_video,oCy4iXSu4mE_21_274to427.mp4,2c1720d622072906afdc2a617849c8d2c54ca72a75baf670f78310296fd7bda2,0b0be7dbc5b81e7605c751369bcdd60538f40bfa85da12f44399fe663e68cf12,AIGVDBench/Real/Real.zip,videos/oCy4iXSu4mE_21_274to427.mp4,2245204,2245629,dataset_cc_by_4_0_component_partial,not_downloaded
open_sora::oCy4iXSu4mE_21_274to427,AIGVDBench,oCy4iXSu4mE_21_274to427,aigvdbench:oCy4iXSu4mE_21_274to427,train,train,1,Open-Sora,text_to_video,oCy4iXSu4mE_21_274to427.mp4,2c1720d622072906afdc2a617849c8d2c54ca72a75baf670f78310296fd7bda2,0b0be7dbc5b81e7605c751369bcdd60538f40bfa85da12f44399fe663e68cf12,AIGVDBench/OpenSource/T2V/Open-Sora.zip,videos/oCy4iXSu4mE_21_274to427.mp4,63037,63806,dataset_cc_by_4_0_component_partial,not_downloaded
real::BqGv7Du8ecY_64_0to119,AIGVDBench,BqGv7Du8ecY_64_0to119,aigvdbench:BqGv7Du8ecY_64_0to119,train,train,0,,real_video,BqGv7Du8ecY_64_0to119.mp4,1af1e948ddb61c45d2d05f5a134d282be455efd86827b5a2faa78ecf014e27df,0b0dbceb919ea0c6ca7ef093deb0735ea92e6fa48ea1c6713fdaba3f053cec02,AIGVDBench/Real/Real.zip,videos/BqGv7Du8ecY_64_0to119.mp4,1789196,1789639,dataset_cc_by_4_0_component_partial,not_downloaded
open_sora::BqGv7Du8ecY_64_0to119,AIGVDBench,BqGv7Du8ecY_64_0to119,aigvdbench:BqGv7Du8ecY_64_0to119,train,train,1,Open-Sora,text_to_video,BqGv7Du8ecY_64_0to119.mp4,1af1e948ddb61c45d2d05f5a134d282be455efd86827b5a2faa78ecf014e27df,0b0dbceb919ea0c6ca7ef093deb0735ea92e6fa48ea1c6713fdaba3f053cec02,AIGVDBench/OpenSource/T2V/Open-Sora.zip,videos/BqGv7Du8ecY_64_0to119.mp4,55940,56731,dataset_cc_by_4_0_component_partial,not_downloaded
real::1FM9M_I-eR4_1_92to246,AIGVDBench,1FM9M_I-eR4_1_92to246,aigvdbench:1FM9M_I-eR4_1_92to246,train,train,0,,real_video,1FM9M_I-eR4_1_92to246.mp4,360d6f9128fd0c34a0c2db6ed50c6b8ed8f87738992a58ca3623182fe68a03b3,0b103cfafb60503415a13ba10d9045efb2830c21b6e01040f3dfef0b9422989a,AIGVDBench/Real/Real.zip,videos/1FM9M_I-eR4_1_92to246.mp4,2179492,2179945,dataset_cc_by_4_0_component_partial,not_downloaded
open_sora::1FM9M_I-eR4_1_92to246,AIGVDBench,1FM9M_I-eR4_1_92to246,aigvdbench:1FM9M_I-eR4_1_92to246,train,train,1,Open-Sora,text_to_video,1FM9M_I-eR4_1_92to246.mp4,360d6f9128fd0c34a0c2db6ed50c6b8ed8f87738992a58ca3623182fe68a03b3,0b103cfafb60503415a13ba10d9045efb2830c21b6e01040f3dfef0b9422989a,AIGVDBench/OpenSource/T2V/Open-Sora.zip,videos/1FM9M_I-eR4_1_92to246.mp4,34239,35136,dataset_cc_by_4_0_component_partial,not_downloaded
real::oGWur9G6IfU_89_85to253,AIGVDBench,oGWur9G6IfU_89_85to253,aigvdbench:oGWur9G6IfU_89_85to253,train,train,0,,real_video,oGWur9G6IfU_89_85to253.mp4,890ece4d0b83ce817fd6f63e16b3bfc8f522077241901e3b53346510942f865e,0b170058ec7007a176cab6fedaab7b019494246b70dd2ec10e7b2189ab0d2f58,AIGVDBench/Real/Real.zip,videos/oGWur9G6IfU_89_85to253.mp4,2332924,2333816,dataset_cc_by_4_0_component_partial,not_downloaded
open_sora::oGWur9G6IfU_89_85to253,AIGVDBench,oGWur9G6IfU_89_85to253,aigvdbench:oGWur9G6IfU_89_85to253,train,train,1,Open-Sora,text_to_video,oGWur9G6IfU_89_85to253.mp4,890ece4d0b83ce817fd6f63e16b3bfc8f522077241901e3b53346510942f865e,0b170058ec7007a176cab6fedaab7b019494246b70dd2ec10e7b2189ab0d2f58,AIGVDBench/OpenSource/T2V/Open-Sora.zip,videos/oGWur9G6IfU_89_85to253.mp4,84312,85050,dataset_cc_by_4_0_component_partial,not_downloaded
real::nJ5SqCtAumY_3_0to105,AIGVDBench,nJ5SqCtAumY_3_0to105,aigvdbench:nJ5SqCtAumY_3_0to105,train,train,0,,real_video,nJ5SqCtAumY_3_0to105.mp4,cd2b940bdf336a000e89c76fffb459f31ac5e690ea799601043d861df5748602,0b1c127649d39ed53f3557817d518eb67292e9e8635ba824881c1538ccb258e4,AIGVDBench/Real/Real.zip,videos/nJ5SqCtAumY_3_0to105.mp4,1333899,1334838,dataset_cc_by_4_0_component_partial,not_downloaded
open_sora::nJ5SqCtAumY_3_0to105,AIGVDBench,nJ5SqCtAumY_3_0to105,aigvdbench:nJ5SqCtAumY_3_0to105,train,train,1,Open-Sora,text_to_video,nJ5SqCtAumY_3_0to105.mp4,cd2b940bdf336a000e89c76fffb459f31ac5e690ea799601043d861df5748602,0b1c127649d39ed53f3557817d518eb67292e9e8635ba824881c1538ccb258e4,AIGVDBench/OpenSource/T2V/Open-Sora.zip,videos/nJ5SqCtAumY_3_0to105.mp4,54878,55649,dataset_cc_by_4_0_component_partial,not_downloaded
real::iItSFTTl8d4_95_0to178,AIGVDBench,iItSFTTl8d4_95_0to178,aigvdbench:iItSFTTl8d4_95_0to178,train,train,0,,real_video,iItSFTTl8d4_95_0to178.mp4,f7363ccff2f57261eb40d4cc0be1bd470328d86854496126a28d7a39fa6b8b61,0b2b39933bfdc52881978543c20a65b0e4a24c8495540d777d63a0b4fe4e4298,AIGVDBench/Real/Real.zip,videos/iItSFTTl8d4_95_0to178.mp4,2997768,2998790,dataset_cc_by_4_0_component_partial,not_downloaded
open_sora::iItSFTTl8d4_95_0to178,AIGVDBench,iItSFTTl8d4_95_0to178,aigvdbench:iItSFTTl8d4_95_0to178,train,train,1,Open-Sora,text_to_video,iItSFTTl8d4_95_0to178.mp4,f7363ccff2f57261eb40d4cc0be1bd470328d86854496126a28d7a39fa6b8b61,0b2b39933bfdc52881978543c20a65b0e4a24c8495540d777d63a0b4fe4e4298,AIGVDBench/OpenSource/T2V/Open-Sora.zip,videos/iItSFTTl8d4_95_0to178.mp4,39516,40368,dataset_cc_by_4_0_component_partial,not_downloaded
real::MqUfgO5LBYs_14_0to147,AIGVDBench,MqUfgO5LBYs_14_0to147,aigvdbench:MqUfgO5LBYs_14_0to147,train,train,0,,real_video,MqUfgO5LBYs_14_0to147.mp4,363d4003fc4ef511b0e13f3bc57ca4bd6eb774e6b5d628ed956c052df251659c,0b2bf3b7a18cfcbf926818794b68fe6617e3a3ef8475dd61880bc2ce172cbb4e,AIGVDBench/Real/Real.zip,videos/MqUfgO5LBYs_14_0to147.mp4,2436896,2438196,dataset_cc_by_4_0_component_partial,not_downloaded
open_sora::MqUfgO5LBYs_14_0to147,AIGVDBench,MqUfgO5LBYs_14_0to147,aigvdbench:MqUfgO5LBYs_14_0to147,train,train,1,Open-Sora,text_to_video,MqUfgO5LBYs_14_0to147.mp4,363d4003fc4ef511b0e13f3bc57ca4bd6eb774e6b5d628ed956c052df251659c,0b2bf3b7a18cfcbf926818794b68fe6617e3a3ef8475dd61880bc2ce172cbb4e,AIGVDBench/OpenSource/T2V/Open-Sora.zip,videos/MqUfgO5LBYs_14_0to147.mp4,30082,31106,dataset_cc_by_4_0_component_partial,not_downloaded
real::0uZOvNP0EE0_25_0to727,AIGVDBench,0uZOvNP0EE0_25_0to727,aigvdbench:0uZOvNP0EE0_25_0to727,train,train,0,,real_video,0uZOvNP0EE0_25_0to727.mp4,2af2f578652368f2e9a33ffeab20acd32a727f0b875c399559d495180311871a,0b2cf2ef58fe469b1dd02a0071f1b0f24ae15b0e02d5299d55ad9fe54a8cd2bb,AIGVDBench/Real/Real.zip,videos/0uZOvNP0EE0_25_0to727.mp4,10850239,10851781,dataset_cc_by_4_0_component_partial,not_downloaded
open_sora::0uZOvNP0EE0_25_0to727,AIGVDBench,0uZOvNP0EE0_25_0to727,aigvdbench:0uZOvNP0EE0_25_0to727,train,train,1,Open-Sora,text_to_video,0uZOvNP0EE0_25_0to727.mp4,2af2f578652368f2e9a33ffeab20acd32a727f0b875c399559d495180311871a,0b2cf2ef58fe469b1dd02a0071f1b0f24ae15b0e02d5299d55ad9fe54a8cd2bb,AIGVDBench/OpenSource/T2V/Open-Sora.zip,videos/0uZOvNP0EE0_25_0to727.mp4,59262,60066,dataset_cc_by_4_0_component_partial,not_downloaded
real::BVtSGMbrQHY_17_0to272,AIGVDBench,BVtSGMbrQHY_17_0to272,aigvdbench:BVtSGMbrQHY_17_0to272,train,train,0,,real_video,BVtSGMbrQHY_17_0to272.mp4,5b0dadb23bcb90296e1b32e8908a3e1aaaf16f3f003825b9a899b95961dc7821,0b34a3e90712ac86242874e2f347198813cc0a99fe481e5d349cabd8c0963cd1,AIGVDBench/Real/Real.zip,videos/BVtSGMbrQHY_17_0to272.mp4,3535124,3536296,dataset_cc_by_4_0_component_partial,not_downloaded
open_sora::BVtSGMbrQHY_17_0to272,AIGVDBench,BVtSGMbrQHY_17_0to272,aigvdbench:BVtSGMbrQHY_17_0to272,train,train,1,Open-Sora,text_to_video,BVtSGMbrQHY_17_0to272.mp4,5b0dadb23bcb90296e1b32e8908a3e1aaaf16f3f003825b9a899b95961dc7821,0b34a3e90712ac86242874e2f347198813cc0a99fe481e5d349cabd8c0963cd1,AIGVDBench/OpenSource/T2V/Open-Sora.zip,videos/BVtSGMbrQHY_17_0to272.mp4,58341,59140,dataset_cc_by_4_0_component_partial,not_downloaded
real::52mzyKRkOpc_30_461to949,AIGVDBench,52mzyKRkOpc_30_461to949,aigvdbench:52mzyKRkOpc_30_461to949,train,train,0,,real_video,52mzyKRkOpc_30_461to949.mp4,6862ff7411184cd05933fb96f63483a39e9929ae8459cf14719791416b147980,0b36d51f27b147f73f0da6b1db5a148e02f99136ede025cbbe653621c4f69f24,AIGVDBench/Real/Real.zip,videos/52mzyKRkOpc_30_461to949.mp4,11078637,11078597,dataset_cc_by_4_0_component_partial,not_downloaded
open_sora::52mzyKRkOpc_30_461to949,AIGVDBench,52mzyKRkOpc_30_461to949,aigvdbench:52mzyKRkOpc_30_461to949,train,train,1,Open-Sora,text_to_video,52mzyKRkOpc_30_461to949.mp4,6862ff7411184cd05933fb96f63483a39e9929ae8459cf14719791416b147980,0b36d51f27b147f73f0da6b1db5a148e02f99136ede025cbbe653621c4f69f24,AIGVDBench/OpenSource/T2V/Open-Sora.zip,videos/52mzyKRkOpc_30_461to949.mp4,44180,44977,dataset_cc_by_4_0_component_partial,not_downloaded
real::_FzbcmP3UhE_159_19to151,AIGVDBench,_FzbcmP3UhE_159_19to151,aigvdbench:_FzbcmP3UhE_159_19to151,train,train,0,,real_video,_FzbcmP3UhE_159_19to151.mp4,2eda20289f8726fac23b92197c118256bb27c4ab9d31b0891dcff6772af6bef7,0b36f2fca6ed2bd64338a6d59527c7df6e1e0ebc12e3093533b4c1ab02a052a8,AIGVDBench/Real/Real.zip,videos/_FzbcmP3UhE_159_19to151.mp4,1897986,1898399,dataset_cc_by_4_0_component_partial,not_downloaded
open_sora::_FzbcmP3UhE_159_19to151,AIGVDBench,_FzbcmP3UhE_159_19to151,aigvdbench:_FzbcmP3UhE_159_19to151,train,train,1,Open-Sora,text_to_video,_FzbcmP3UhE_159_19to151.mp4,2eda20289f8726fac23b92197c118256bb27c4ab9d31b0891dcff6772af6bef7,0b36f2fca6ed2bd64338a6d59527c7df6e1e0ebc12e3093533b4c1ab02a052a8,AIGVDBench/OpenSource/T2V/Open-Sora.zip,videos/_FzbcmP3UhE_159_19to151.mp4,52684,53422,dataset_cc_by_4_0_component_partial,not_downloaded
real::wv4O-JUKOuw_56_0to156,AIGVDBench,wv4O-JUKOuw_56_0to156,aigvdbench:wv4O-JUKOuw_56_0to156,train,train,0,,real_video,wv4O-JUKOuw_56_0to156.mp4,2e9a4c6e4dc4f451e73579194966a87d0e4a0012197977fcb57394c652192bd1,0b3e1b208b469eeeb6bdd7f7d083a66b88134e1f6923f89de4f47509163d5739,AIGVDBench/Real/Real.zip,videos/wv4O-JUKOuw_56_0to156.mp4,3597601,3597794,dataset_cc_by_4_0_component_partial,not_downloaded
open_sora::wv4O-JUKOuw_56_0to156,AIGVDBench,wv4O-JUKOuw_56_0to156,aigvdbench:wv4O-JUKOuw_56_0to156,train,train,1,Open-Sora,text_to_video,wv4O-JUKOuw_56_0to156.mp4,2e9a4c6e4dc4f451e73579194966a87d0e4a0012197977fcb57394c652192bd1,0b3e1b208b469eeeb6bdd7f7d083a66b88134e1f6923f89de4f47509163d5739,AIGVDBench/OpenSource/T2V/Open-Sora.zip,videos/wv4O-JUKOuw_56_0to156.mp4,59489,60308,dataset_cc_by_4_0_component_partial,not_downloaded
real::KoO3mDZU9-k_0_0to117,AIGVDBench,KoO3mDZU9-k_0_0to117,aigvdbench:KoO3mDZU9-k_0_0to117,train,train,0,,real_video,KoO3mDZU9-k_0_0to117.mp4,e9efc275b2063af95c47a000ba42fb97f9bcf20d196f23a0607a4f4cc8bb0b4f,0b4133a7d597bc9f80ff97003e2037f74194ada03dd36ff3688581275dbdadca,AIGVDBench/Real/Real.zip,videos/KoO3mDZU9-k_0_0to117.mp4,1486345,1487050,dataset_cc_by_4_0_component_partial,not_downloaded
open_sora::KoO3mDZU9-k_0_0to117,AIGVDBench,KoO3mDZU9-k_0_0to117,aigvdbench:KoO3mDZU9-k_0_0to117,train,train,1,Open-Sora,text_to_video,KoO3mDZU9-k_0_0to117.mp4,e9efc275b2063af95c47a000ba42fb97f9bcf20d196f23a0607a4f4cc8bb0b4f,0b4133a7d597bc9f80ff97003e2037f74194ada03dd36ff3688581275dbdadca,AIGVDBench/OpenSource/T2V/Open-Sora.zip,videos/KoO3mDZU9-k_0_0to117.mp4,72987,73674,dataset_cc_by_4_0_component_partial,not_downloaded
real::Xo8GcMo-Y_k_100_291to402,AIGVDBench,Xo8GcMo-Y_k_100_291to402,aigvdbench:Xo8GcMo-Y_k_100_291to402,train,train,0,,real_video,Xo8GcMo-Y_k_100_291to402.mp4,23f3822129744e8dc12adb7352a2245ad385699e9ef34ae03af75380700ad732,0b45291d18c86730a38cb17a3577c2c580c356020f2bb8c87f3b7649835a2df3,AIGVDBench/Real/Real.zip,videos/Xo8GcMo-Y_k_100_291to402.mp4,1144002,1144831,dataset_cc_by_4_0_component_partial,not_downloaded
open_sora::Xo8GcMo-Y_k_100_291to402,AIGVDBench,Xo8GcMo-Y_k_100_291to402,aigvdbench:Xo8GcMo-Y_k_100_291to402,train,train,1,Open-Sora,text_to_video,Xo8GcMo-Y_k_100_291to402.mp4,23f3822129744e8dc12adb7352a2245ad385699e9ef34ae03af75380700ad732,0b45291d18c86730a38cb17a3577c2c580c356020f2bb8c87f3b7649835a2df3,AIGVDBench/OpenSource/T2V/Open-Sora.zip,videos/Xo8GcMo-Y_k_100_291to402.mp4,39930,40848,dataset_cc_by_4_0_component_partial,not_downloaded
real::I87B3WlOan8_75_0to134,AIGVDBench,I87B3WlOan8_75_0to134,aigvdbench:I87B3WlOan8_75_0to134,train,train,0,,real_video,I87B3WlOan8_75_0to134.mp4,651c0909cdab7490dcc098ba7839c9f74bf4db1a13247daea41aff651f10c30f,0b480ad276316c588b744f640dae2d153904a0bd1941c9c58ee28a4a6478caad,AIGVDBench/Real/Real.zip,videos/I87B3WlOan8_75_0to134.mp4,4153301,4153687,dataset_cc_by_4_0_component_partial,not_downloaded
open_sora::I87B3WlOan8_75_0to134,AIGVDBench,I87B3WlOan8_75_0to134,aigvdbench:I87B3WlOan8_75_0to134,train,train,1,Open-Sora,text_to_video,I87B3WlOan8_75_0to134.mp4,651c0909cdab7490dcc098ba7839c9f74bf4db1a13247daea41aff651f10c30f,0b480ad276316c588b744f640dae2d153904a0bd1941c9c58ee28a4a6478caad,AIGVDBench/OpenSource/T2V/Open-Sora.zip,videos/I87B3WlOan8_75_0to134.mp4,84126,84881,dataset_cc_by_4_0_component_partial,not_downloaded
real::kZkTYa-opMY_7_0to463,AIGVDBench,kZkTYa-opMY_7_0to463,aigvdbench:kZkTYa-opMY_7_0to463,train,train,0,,real_video,kZkTYa-opMY_7_0to463.mp4,d3f279cf5d84969696f02ddab16afe5f5cd93daa11a7170356cf3cf4c2276ac5,0b4b39f7523dd6b8fbb96efcc24c2ea7fb4456f1df8bc8932c0322bad205e58f,AIGVDBench/Real/Real.zip,videos/kZkTYa-opMY_7_0to463.mp4,8967771,8969971,dataset_cc_by_4_0_component_partial,not_downloaded
open_sora::kZkTYa-opMY_7_0to463,AIGVDBench,kZkTYa-opMY_7_0to463,aigvdbench:kZkTYa-opMY_7_0to463,train,train,1,Open-Sora,text_to_video,kZkTYa-opMY_7_0to463.mp4,d3f279cf5d84969696f02ddab16afe5f5cd93daa11a7170356cf3cf4c2276ac5,0b4b39f7523dd6b8fbb96efcc24c2ea7fb4456f1df8bc8932c0322bad205e58f,AIGVDBench/OpenSource/T2V/Open-Sora.zip,videos/kZkTYa-opMY_7_0to463.mp4,40543,41463,dataset_cc_by_4_0_component_partial,not_downloaded
real::ojc7JfoKBqw_15_0to225,AIGVDBench,ojc7JfoKBqw_15_0to225,aigvdbench:ojc7JfoKBqw_15_0to225,train,train,0,,real_video,ojc7JfoKBqw_15_0to225.mp4,d6ae0cd4544be7a4286ef3687a976cc475c565ce96db399974644c9513fbfc2a,0b52a560948e76679eabda0da1abc3767a2f0538af89cc90ad69564a8b20ee35,AIGVDBench/Real/Real.zip,videos/ojc7JfoKBqw_15_0to225.mp4,7745193,7745003,dataset_cc_by_4_0_component_partial,not_downloaded
open_sora::ojc7JfoKBqw_15_0to225,AIGVDBench,ojc7JfoKBqw_15_0to225,aigvdbench:ojc7JfoKBqw_15_0to225,train,train,1,Open-Sora,text_to_video,ojc7JfoKBqw_15_0to225.mp4,d6ae0cd4544be7a4286ef3687a976cc475c565ce96db399974644c9513fbfc2a,0b52a560948e76679eabda0da1abc3767a2f0538af89cc90ad69564a8b20ee35,AIGVDBench/OpenSource/T2V/Open-Sora.zip,videos/ojc7JfoKBqw_15_0to225.mp4,57951,58771,dataset_cc_by_4_0_component_partial,not_downloaded
real::BX814yh7ofY_41_54to262,AIGVDBench,BX814yh7ofY_41_54to262,aigvdbench:BX814yh7ofY_41_54to262,train,train,0,,real_video,BX814yh7ofY_41_54to262.mp4,a6ccfbb0e856ab9cddc1e7be3f4a15aa543ea349b5a5128272cdf97c22723e39,0b54f7f69207194e4b0b31bff45e8afcedeb7111be331cd7e93244b84dacfafd,AIGVDBench/Real/Real.zip,videos/BX814yh7ofY_41_54to262.mp4,3487445,3488105,dataset_cc_by_4_0_component_partial,not_downloaded
open_sora::BX814yh7ofY_41_54to262,AIGVDBench,BX814yh7ofY_41_54to262,aigvdbench:BX814yh7ofY_41_54to262,train,train,1,Open-Sora,text_to_video,BX814yh7ofY_41_54to262.mp4,a6ccfbb0e856ab9cddc1e7be3f4a15aa543ea349b5a5128272cdf97c22723e39,0b54f7f69207194e4b0b31bff45e8afcedeb7111be331cd7e93244b84dacfafd,AIGVDBench/OpenSource/T2V/Open-Sora.zip,videos/BX814yh7ofY_41_54to262.mp4,48004,48832,dataset_cc_by_4_0_component_partial,not_downloaded
real::wdb3OjGauUI_44_41to144,AIGVDBench,wdb3OjGauUI_44_41to144,aigvdbench:wdb3OjGauUI_44_41to144,train,train,0,,real_video,wdb3OjGauUI_44_41to144.mp4,a9d1da93778d41c8171cf85f5a7f84d2cbe62fc45617fa65044a94054880e4dc,0b56fdad9723c85163cbdd8300344c64d373866d7266d9bd9301e96e13656f87,AIGVDBench/Real/Real.zip,videos/wdb3OjGauUI_44_41to144.mp4,1136668,1137325,dataset_cc_by_4_0_component_partial,not_downloaded
open_sora::wdb3OjGauUI_44_41to144,AIGVDBench,wdb3OjGauUI_44_41to144,aigvdbench:wdb3OjGauUI_44_41to144,train,train,1,Open-Sora,text_to_video,wdb3OjGauUI_44_41to144.mp4,a9d1da93778d41c8171cf85f5a7f84d2cbe62fc45617fa65044a94054880e4dc,0b56fdad9723c85163cbdd8300344c64d373866d7266d9bd9301e96e13656f87,AIGVDBench/OpenSource/T2V/Open-Sora.zip,videos/wdb3OjGauUI_44_41to144.mp4,41806,42576,dataset_cc_by_4_0_component_partial,not_downloaded
real::kNObPLOioIU_3_0to270,AIGVDBench,kNObPLOioIU_3_0to270,aigvdbench:kNObPLOioIU_3_0to270,train,train,0,,real_video,kNObPLOioIU_3_0to270.mp4,76c72973fa31b31253f7d10966c55e1ce0dd6ff38c6ece0dd88f8d246583bcec,0b5cfc287349d4a148ca9e4c36fcbc8850a566c9b948a7c6e5a4e1d7c61ade98,AIGVDBench/Real/Real.zip,videos/kNObPLOioIU_3_0to270.mp4,5057322,5057911,dataset_cc_by_4_0_component_partial,not_downloaded
open_sora::kNObPLOioIU_3_0to270,AIGVDBench,kNObPLOioIU_3_0to270,aigvdbench:kNObPLOioIU_3_0to270,train,train,1,Open-Sora,text_to_video,kNObPLOioIU_3_0to270.mp4,76c72973fa31b31253f7d10966c55e1ce0dd6ff38c6ece0dd88f8d246583bcec,0b5cfc287349d4a148ca9e4c36fcbc8850a566c9b948a7c6e5a4e1d7c61ade98,AIGVDBench/OpenSource/T2V/Open-Sora.zip,videos/kNObPLOioIU_3_0to270.mp4,58403,59190,dataset_cc_by_4_0_component_partial,not_downloaded
real::RNhEFBrsAvE_11_0to223,AIGVDBench,RNhEFBrsAvE_11_0to223,aigvdbench:RNhEFBrsAvE_11_0to223,train,train,0,,real_video,RNhEFBrsAvE_11_0to223.mp4,93b0d9111ae985ee00bb3af7896e7b7662e05cac9d1b669abe1c5342583d0d8b,0b624f856be40251e2d50d68c52c33147e69a6de7a143467ad874cb2e0054aed,AIGVDBench/Real/Real.zip,videos/RNhEFBrsAvE_11_0to223.mp4,4672694,4673101,dataset_cc_by_4_0_component_partial,not_downloaded
open_sora::RNhEFBrsAvE_11_0to223,AIGVDBench,RNhEFBrsAvE_11_0to223,aigvdbench:RNhEFBrsAvE_11_0to223,train,train,1,Open-Sora,text_to_video,RNhEFBrsAvE_11_0to223.mp4,93b0d9111ae985ee00bb3af7896e7b7662e05cac9d1b669abe1c5342583d0d8b,0b624f856be40251e2d50d68c52c33147e69a6de7a143467ad874cb2e0054aed,AIGVDBench/OpenSource/T2V/Open-Sora.zip,videos/RNhEFBrsAvE_11_0to223.mp4,64160,64971,dataset_cc_by_4_0_component_partial,not_downloaded
real::74GxloRfI0k_28_0to505,AIGVDBench,74GxloRfI0k_28_0to505,aigvdbench:74GxloRfI0k_28_0to505,train,train,0,,real_video,74GxloRfI0k_28_0to505.mp4,122c42f3da089377e90d906c6ee811a3e2d19bcb68296c956d6c2add2e27044f,0b63316808d0efb02dc975bd2bbe4e9a01ab09a1ac1dc9372b341c9da71b85ae,AIGVDBench/Real/Real.zip,videos/74GxloRfI0k_28_0to505.mp4,12231801,12232677,dataset_cc_by_4_0_component_partial,not_downloaded
open_sora::74GxloRfI0k_28_0to505,AIGVDBench,74GxloRfI0k_28_0to505,aigvdbench:74GxloRfI0k_28_0to505,train,train,1,Open-Sora,text_to_video,74GxloRfI0k_28_0to505.mp4,122c42f3da089377e90d906c6ee811a3e2d19bcb68296c956d6c2add2e27044f,0b63316808d0efb02dc975bd2bbe4e9a01ab09a1ac1dc9372b341c9da71b85ae,AIGVDBench/OpenSource/T2V/Open-Sora.zip,videos/74GxloRfI0k_28_0to505.mp4,53709,54476,dataset_cc_by_4_0_component_partial,not_downloaded
real::XOBq37xAsVc_69_0to113,AIGVDBench,XOBq37xAsVc_69_0to113,aigvdbench:XOBq37xAsVc_69_0to113,train,train,0,,real_video,XOBq37xAsVc_69_0to113.mp4,224368eb8913324dad32917128853f3ebf6bb211485d335a07259817426d8d87,0b65132b6fd2a5f6fbf0c73ec5c9cb1804fdb18af3fd397df45a6faa4c98ab28,AIGVDBench/Real/Real.zip,videos/XOBq37xAsVc_69_0to113.mp4,3035984,3036537,dataset_cc_by_4_0_component_partial,not_downloaded
open_sora::XOBq37xAsVc_69_0to113,AIGVDBench,XOBq37xAsVc_69_0to113,aigvdbench:XOBq37xAsVc_69_0to113,train,train,1,Open-Sora,text_to_video,XOBq37xAsVc_69_0to113.mp4,224368eb8913324dad32917128853f3ebf6bb211485d335a07259817426d8d87,0b65132b6fd2a5f6fbf0c73ec5c9cb1804fdb18af3fd397df45a6faa4c98ab28,AIGVDBench/OpenSource/T2V/Open-Sora.zip,videos/XOBq37xAsVc_69_0to113.mp4,71008,71721,dataset_cc_by_4_0_component_partial,not_downloaded
real::CfKfGyXC498_21_16to138,AIGVDBench,CfKfGyXC498_21_16to138,aigvdbench:CfKfGyXC498_21_16to138,train,train,0,,real_video,CfKfGyXC498_21_16to138.mp4,85e577144d0fb07256f625b36a6f4d5ff3aae209a54d73a7b1541fcda75bd781,0b6cbd70561d0eea20652c22dc097977439a8e29e1ed52255b78eb4373b02792,AIGVDBench/Real/Real.zip,videos/CfKfGyXC498_21_16to138.mp4,2887100,2887725,dataset_cc_by_4_0_component_partial,not_downloaded
open_sora::CfKfGyXC498_21_16to138,AIGVDBench,CfKfGyXC498_21_16to138,aigvdbench:CfKfGyXC498_21_16to138,train,train,1,Open-Sora,text_to_video,CfKfGyXC498_21_16to138.mp4,85e577144d0fb07256f625b36a6f4d5ff3aae209a54d73a7b1541fcda75bd781,0b6cbd70561d0eea20652c22dc097977439a8e29e1ed52255b78eb4373b02792,AIGVDBench/OpenSource/T2V/Open-Sora.zip,videos/CfKfGyXC498_21_16to138.mp4,43641,44504,dataset_cc_by_4_0_component_partial,not_downloaded
real::f23rP1H2mhM_10_65to262,AIGVDBench,f23rP1H2mhM_10_65to262,aigvdbench:f23rP1H2mhM_10_65to262,train,train,0,,real_video,f23rP1H2mhM_10_65to262.mp4,45477880309017b8d13c1a3f48574f3c4166a46b2d18c1097391791c193a20bb,0b6effb78b4e927da0374802884059c15df0cdefb3b21a6fbeaff7fbc183c54a,AIGVDBench/Real/Real.zip,videos/f23rP1H2mhM_10_65to262.mp4,3725399,3726013,dataset_cc_by_4_0_component_partial,not_downloaded
open_sora::f23rP1H2mhM_10_65to262,AIGVDBench,f23rP1H2mhM_10_65to262,aigvdbench:f23rP1H2mhM_10_65to262,train,train,1,Open-Sora,text_to_video,f23rP1H2mhM_10_65to262.mp4,45477880309017b8d13c1a3f48574f3c4166a46b2d18c1097391791c193a20bb,0b6effb78b4e927da0374802884059c15df0cdefb3b21a6fbeaff7fbc183c54a,AIGVDBench/OpenSource/T2V/Open-Sora.zip,videos/f23rP1H2mhM_10_65to262.mp4,72338,73070,dataset_cc_by_4_0_component_partial,not_downloaded
real::P62lCx2gZxw_2_0to729,AIGVDBench,P62lCx2gZxw_2_0to729,aigvdbench:P62lCx2gZxw_2_0to729,train,train,0,,real_video,P62lCx2gZxw_2_0to729.mp4,9c90414c64825e77b7b50f6047daf8be79f879f8ff8ab52a279f1b51617f0a8c,0b71b7f14a698e586c5ecb0f101b8d13430b1324c71fdbf8619b8615f038d8f3,AIGVDBench/Real/Real.zip,videos/P62lCx2gZxw_2_0to729.mp4,9507509,9509644,dataset_cc_by_4_0_component_partial,not_downloaded
open_sora::P62lCx2gZxw_2_0to729,AIGVDBench,P62lCx2gZxw_2_0to729,aigvdbench:P62lCx2gZxw_2_0to729,train,train,1,Open-Sora,text_to_video,P62lCx2gZxw_2_0to729.mp4,9c90414c64825e77b7b50f6047daf8be79f879f8ff8ab52a279f1b51617f0a8c,0b71b7f14a698e586c5ecb0f101b8d13430b1324c71fdbf8619b8615f038d8f3,AIGVDBench/OpenSource/T2V/Open-Sora.zip,videos/P62lCx2gZxw_2_0to729.mp4,49350,50162,dataset_cc_by_4_0_component_partial,not_downloaded
real::WZiJcv2xpQs_4_0to170,AIGVDBench,WZiJcv2xpQs_4_0to170,aigvdbench:WZiJcv2xpQs_4_0to170,train,train,0,,real_video,WZiJcv2xpQs_4_0to170.mp4,eafdbb0bcc9fd9a4ea57c51fffc70db94b44ce9bb83e2b50cef87c983643adc1,0b720828fd7605f7bff57e25753d01d9c97a8000fc0991414a956e7efc91448b,AIGVDBench/Real/Real.zip,videos/WZiJcv2xpQs_4_0to170.mp4,3114714,3115323,dataset_cc_by_4_0_component_partial,not_downloaded
open_sora::WZiJcv2xpQs_4_0to170,AIGVDBench,WZiJcv2xpQs_4_0to170,aigvdbench:WZiJcv2xpQs_4_0to170,train,train,1,Open-Sora,text_to_video,WZiJcv2xpQs_4_0to170.mp4,eafdbb0bcc9fd9a4ea57c51fffc70db94b44ce9bb83e2b50cef87c983643adc1,0b720828fd7605f7bff57e25753d01d9c97a8000fc0991414a956e7efc91448b,AIGVDBench/OpenSource/T2V/Open-Sora.zip,videos/WZiJcv2xpQs_4_0to170.mp4,44638,45459,dataset_cc_by_4_0_component_partial,not_downloaded
real::Uxvpm_tNCVg_3_27to130,AIGVDBench,Uxvpm_tNCVg_3_27to130,aigvdbench:Uxvpm_tNCVg_3_27to130,train,train,0,,real_video,Uxvpm_tNCVg_3_27to130.mp4,9f6ae65008fa173595b578d10c5f13be1c8636aeb2e7033f445e66e233624a44,0b74cc460f878467140f987b637c0af94a38767c6575530927a86ff96cdec4fb,AIGVDBench/Real/Real.zip,videos/Uxvpm_tNCVg_3_27to130.mp4,486635,487639,dataset_cc_by_4_0_component_partial,not_downloaded
open_sora::Uxvpm_tNCVg_3_27to130,AIGVDBench,Uxvpm_tNCVg_3_27to130,aigvdbench:Uxvpm_tNCVg_3_27to130,train,train,1,Open-Sora,text_to_video,Uxvpm_tNCVg_3_27to130.mp4,9f6ae65008fa173595b578d10c5f13be1c8636aeb2e7033f445e66e233624a44,0b74cc460f878467140f987b637c0af94a38767c6575530927a86ff96cdec4fb,AIGVDBench/OpenSource/T2V/Open-Sora.zip,videos/Uxvpm_tNCVg_3_27to130.mp4,43647,44511,dataset_cc_by_4_0_component_partial,not_downloaded
real::XbCFSeCBc2o_6_0to109,AIGVDBench,XbCFSeCBc2o_6_0to109,aigvdbench:XbCFSeCBc2o_6_0to109,train,train,0,,real_video,XbCFSeCBc2o_6_0to109.mp4,e9d78d6fc172cf442fa641d1854f85dc3b8feca027f6240b4d8192368214948f,0b77992cc1742c77b1b7be5da152f169c7164745d9228165c5f04b737e4a1f7d,AIGVDBench/Real/Real.zip,videos/XbCFSeCBc2o_6_0to109.mp4,2899690,2899854,dataset_cc_by_4_0_component_partial,not_downloaded
open_sora::XbCFSeCBc2o_6_0to109,AIGVDBench,XbCFSeCBc2o_6_0to109,aigvdbench:XbCFSeCBc2o_6_0to109,train,train,1,Open-Sora,text_to_video,XbCFSeCBc2o_6_0to109.mp4,e9d78d6fc172cf442fa641d1854f85dc3b8feca027f6240b4d8192368214948f,0b77992cc1742c77b1b7be5da152f169c7164745d9228165c5f04b737e4a1f7d,AIGVDBench/OpenSource/T2V/Open-Sora.zip,videos/XbCFSeCBc2o_6_0to109.mp4,49362,50184,dataset_cc_by_4_0_component_partial,not_downloaded
real::27MUmcVR8X4_0_0to112,AIGVDBench,27MUmcVR8X4_0_0to112,aigvdbench:27MUmcVR8X4_0_0to112,train,train,0,,real_video,27MUmcVR8X4_0_0to112.mp4,e661a291d4476f44fbf60c1fb12fc2010beaf64ad7ead3e88664fbaf081fbcae,0b87c32152551667898ba598e97f6ddeaf55275aa7d9e9e86b65bd1aa75060b0,AIGVDBench/Real/Real.zip,videos/27MUmcVR8X4_0_0to112.mp4,2521677,2522197,dataset_cc_by_4_0_component_partial,not_downloaded
open_sora::27MUmcVR8X4_0_0to112,AIGVDBench,27MUmcVR8X4_0_0to112,aigvdbench:27MUmcVR8X4_0_0to112,train,train,1,Open-Sora,text_to_video,27MUmcVR8X4_0_0to112.mp4,e661a291d4476f44fbf60c1fb12fc2010beaf64ad7ead3e88664fbaf081fbcae,0b87c32152551667898ba598e97f6ddeaf55275aa7d9e9e86b65bd1aa75060b0,AIGVDBench/OpenSource/T2V/Open-Sora.zip,videos/27MUmcVR8X4_0_0to112.mp4,54686,55484,dataset_cc_by_4_0_component_partial,not_downloaded
real::AJKkoH3MWNU_47_0to173,AIGVDBench,AJKkoH3MWNU_47_0to173,aigvdbench:AJKkoH3MWNU_47_0to173,train,train,0,,real_video,AJKkoH3MWNU_47_0to173.mp4,89f0d68d62fe6080d6883d001f37f330a3e694eab918ed0303b1d2650d6c0dba,0b89a9d3b50b2cb41bb08b8309eb0e31fef2924a42900bd36be18e38d4bd9c23,AIGVDBench/Real/Real.zip,videos/AJKkoH3MWNU_47_0to173.mp4,2721508,2721992,dataset_cc_by_4_0_component_partial,not_downloaded
open_sora::AJKkoH3MWNU_47_0to173,AIGVDBench,AJKkoH3MWNU_47_0to173,aigvdbench:AJKkoH3MWNU_47_0to173,train,train,1,Open-Sora,text_to_video,AJKkoH3MWNU_47_0to173.mp4,89f0d68d62fe6080d6883d001f37f330a3e694eab918ed0303b1d2650d6c0dba,0b89a9d3b50b2cb41bb08b8309eb0e31fef2924a42900bd36be18e38d4bd9c23,AIGVDBench/OpenSource/T2V/Open-Sora.zip,videos/AJKkoH3MWNU_47_0to173.mp4,52257,53117,dataset_cc_by_4_0_component_partial,not_downloaded
real::SokA9hPeJm8_22_0to113,AIGVDBench,SokA9hPeJm8_22_0to113,aigvdbench:SokA9hPeJm8_22_0to113,train,train,0,,real_video,SokA9hPeJm8_22_0to113.mp4,3b8ad380f9e5139ad2284347e97927d01d43546ecb866697ab3b5007e210771c,0b97ca6a94f82eabd4c8cb579301492f30127d844ceb9ec99d694e0997b6c47b,AIGVDBench/Real/Real.zip,videos/SokA9hPeJm8_22_0to113.mp4,2070990,2071483,dataset_cc_by_4_0_component_partial,not_downloaded
open_sora::SokA9hPeJm8_22_0to113,AIGVDBench,SokA9hPeJm8_22_0to113,aigvdbench:SokA9hPeJm8_22_0to113,train,train,1,Open-Sora,text_to_video,SokA9hPeJm8_22_0to113.mp4,3b8ad380f9e5139ad2284347e97927d01d43546ecb866697ab3b5007e210771c,0b97ca6a94f82eabd4c8cb579301492f30127d844ceb9ec99d694e0997b6c47b,AIGVDBench/OpenSource/T2V/Open-Sora.zip,videos/SokA9hPeJm8_22_0to113.mp4,58663,59440,dataset_cc_by_4_0_component_partial,not_downloaded
real::AbqJEe6lLU0_8_69to253,AIGVDBench,AbqJEe6lLU0_8_69to253,aigvdbench:AbqJEe6lLU0_8_69to253,train,train,0,,real_video,AbqJEe6lLU0_8_69to253.mp4,39f6b2f20636b23dc994232b9b5be43e3ac89a8ad92ceaab96a1adb7a31f59e2,0b99622d8e5f84029791887bd30899d5e150a76c54d9e957b83b3bd35ddacfb9,AIGVDBench/Real/Real.zip,videos/AbqJEe6lLU0_8_69to253.mp4,2573959,2575149,dataset_cc_by_4_0_component_partial,not_downloaded
open_sora::AbqJEe6lLU0_8_69to253,AIGVDBench,AbqJEe6lLU0_8_69to253,aigvdbench:AbqJEe6lLU0_8_69to253,train,train,1,Open-Sora,text_to_video,AbqJEe6lLU0_8_69to253.mp4,39f6b2f20636b23dc994232b9b5be43e3ac89a8ad92ceaab96a1adb7a31f59e2,0b99622d8e5f84029791887bd30899d5e150a76c54d9e957b83b3bd35ddacfb9,AIGVDBench/OpenSource/T2V/Open-Sora.zip,videos/AbqJEe6lLU0_8_69to253.mp4,43230,44054,dataset_cc_by_4_0_component_partial,not_downloaded
real::lQwRB1wySoM_9_0to136,AIGVDBench,lQwRB1wySoM_9_0to136,aigvdbench:lQwRB1wySoM_9_0to136,train,train,0,,real_video,lQwRB1wySoM_9_0to136.mp4,7a0dedf39b43115dc2d38c0da809094ea419876b77065418e6d4084c7a1454ba,0b9ede6cb9aa00e94bec671ef3456e7ad10596c22a54906bb965ac8e3f4b573c,AIGVDBench/Real/Real.zip,videos/lQwRB1wySoM_9_0to136.mp4,2011128,2011634,dataset_cc_by_4_0_component_partial,not_downloaded
open_sora::lQwRB1wySoM_9_0to136,AIGVDBench,lQwRB1wySoM_9_0to136,aigvdbench:lQwRB1wySoM_9_0to136,train,train,1,Open-Sora,text_to_video,lQwRB1wySoM_9_0to136.mp4,7a0dedf39b43115dc2d38c0da809094ea419876b77065418e6d4084c7a1454ba,0b9ede6cb9aa00e94bec671ef3456e7ad10596c22a54906bb965ac8e3f4b573c,AIGVDBench/OpenSource/T2V/Open-Sora.zip,videos/lQwRB1wySoM_9_0to136.mp4,56565,57382,dataset_cc_by_4_0_component_partial,not_downloaded
real::3ODKUjMNJ5A_5_0to176,AIGVDBench,3ODKUjMNJ5A_5_0to176,aigvdbench:3ODKUjMNJ5A_5_0to176,train,train,0,,real_video,3ODKUjMNJ5A_5_0to176.mp4,35f7ba4e9bf692a49e10f18ec58085394d25134e6c8a4d856603e950787ea43b,0ba0bb11c4ad801e9da3166eb6d6fbcbab18b7269cc310e7a070554c9549a710,AIGVDBench/Real/Real.zip,videos/3ODKUjMNJ5A_5_0to176.mp4,2077941,2078398,dataset_cc_by_4_0_component_partial,not_downloaded
open_sora::3ODKUjMNJ5A_5_0to176,AIGVDBench,3ODKUjMNJ5A_5_0to176,aigvdbench:3ODKUjMNJ5A_5_0to176,train,train,1,Open-Sora,text_to_video,3ODKUjMNJ5A_5_0to176.mp4,35f7ba4e9bf692a49e10f18ec58085394d25134e6c8a4d856603e950787ea43b,0ba0bb11c4ad801e9da3166eb6d6fbcbab18b7269cc310e7a070554c9549a710,AIGVDBench/OpenSource/T2V/Open-Sora.zip,videos/3ODKUjMNJ5A_5_0to176.mp4,49631,50447,dataset_cc_by_4_0_component_partial,not_downloaded
real::lYicz5ag9kY_10_0to136,AIGVDBench,lYicz5ag9kY_10_0to136,aigvdbench:lYicz5ag9kY_10_0to136,train,train,0,,real_video,lYicz5ag9kY_10_0to136.mp4,c38dd64d75504153e38752677a5de6409b16bc12913ed0d986f51f00da1b44d6,0ba58230b4d6785843e207d1850736795c8e649b9087b8a85978b13b0e454554,AIGVDBench/Real/Real.zip,videos/lYicz5ag9kY_10_0to136.mp4,3289204,3290079,dataset_cc_by_4_0_component_partial,not_downloaded
open_sora::lYicz5ag9kY_10_0to136,AIGVDBench,lYicz5ag9kY_10_0to136,aigvdbench:lYicz5ag9kY_10_0to136,train,train,1,Open-Sora,text_to_video,lYicz5ag9kY_10_0to136.mp4,c38dd64d75504153e38752677a5de6409b16bc12913ed0d986f51f00da1b44d6,0ba58230b4d6785843e207d1850736795c8e649b9087b8a85978b13b0e454554,AIGVDBench/OpenSource/T2V/Open-Sora.zip,videos/lYicz5ag9kY_10_0to136.mp4,99169,99879,dataset_cc_by_4_0_component_partial,not_downloaded
real::piCmTUhynEg_128_0to151,AIGVDBench,piCmTUhynEg_128_0to151,aigvdbench:piCmTUhynEg_128_0to151,train,train,0,,real_video,piCmTUhynEg_128_0to151.mp4,762e711b520ff093cc704864c119591c3559f41f506a9ede8878ce71b2306ac4,0ba5a565937d4362236c8cfc2a1e4650aa2c467e397e121b351482e13e7fe442,AIGVDBench/Real/Real.zip,videos/piCmTUhynEg_128_0to151.mp4,1323643,1326412,dataset_cc_by_4_0_component_partial,not_downloaded
open_sora::piCmTUhynEg_128_0to151,AIGVDBench,piCmTUhynEg_128_0to151,aigvdbench:piCmTUhynEg_128_0to151,train,train,1,Open-Sora,text_to_video,piCmTUhynEg_128_0to151.mp4,762e711b520ff093cc704864c119591c3559f41f506a9ede8878ce71b2306ac4,0ba5a565937d4362236c8cfc2a1e4650aa2c467e397e121b351482e13e7fe442,AIGVDBench/OpenSource/T2V/Open-Sora.zip,videos/piCmTUhynEg_128_0to151.mp4,51034,51807,dataset_cc_by_4_0_component_partial,not_downloaded
real::dj6sR6BXcHg_23_94to317,AIGVDBench,dj6sR6BXcHg_23_94to317,aigvdbench:dj6sR6BXcHg_23_94to317,train,train,0,,real_video,dj6sR6BXcHg_23_94to317.mp4,0d776ce9998c99c18e571e02983a08568e284ff674f27f4fbcc03ce9c0f4cfb3,0ba66e101eeea852d09ed1fe7975b600d660ad4ae1d323f30eb23df780ea81c6,AIGVDBench/Real/Real.zip,videos/dj6sR6BXcHg_23_94to317.mp4,3739446,3739824,dataset_cc_by_4_0_component_partial,not_downloaded
open_sora::dj6sR6BXcHg_23_94to317,AIGVDBench,dj6sR6BXcHg_23_94to317,aigvdbench:dj6sR6BXcHg_23_94to317,train,train,1,Open-Sora,text_to_video,dj6sR6BXcHg_23_94to317.mp4,0d776ce9998c99c18e571e02983a08568e284ff674f27f4fbcc03ce9c0f4cfb3,0ba66e101eeea852d09ed1fe7975b600d660ad4ae1d323f30eb23df780ea81c6,AIGVDBench/OpenSource/T2V/Open-Sora.zip,videos/dj6sR6BXcHg_23_94to317.mp4,43062,43888,dataset_cc_by_4_0_component_partial,not_downloaded
real::iMEM2bewOyU_28_23to142,AIGVDBench,iMEM2bewOyU_28_23to142,aigvdbench:iMEM2bewOyU_28_23to142,train,train,0,,real_video,iMEM2bewOyU_28_23to142.mp4,27d6ec3a2aa7a9dc7e3d972bcec7d00faa8f6eff8768390ee4481348cd89b0bf,0ba7931f1bf069beac6241d48d61d4191ba214a95e339c370ceb543c2e0ecdd0,AIGVDBench/Real/Real.zip,videos/iMEM2bewOyU_28_23to142.mp4,1548895,1549421,dataset_cc_by_4_0_component_partial,not_downloaded
open_sora::iMEM2bewOyU_28_23to142,AIGVDBench,iMEM2bewOyU_28_23to142,aigvdbench:iMEM2bewOyU_28_23to142,train,train,1,Open-Sora,text_to_video,iMEM2bewOyU_28_23to142.mp4,27d6ec3a2aa7a9dc7e3d972bcec7d00faa8f6eff8768390ee4481348cd89b0bf,0ba7931f1bf069beac6241d48d61d4191ba214a95e339c370ceb543c2e0ecdd0,AIGVDBench/OpenSource/T2V/Open-Sora.zip,videos/iMEM2bewOyU_28_23to142.mp4,75285,75981,dataset_cc_by_4_0_component_partial,not_downloaded
real::7WzfaS2wuvU_0_0to142,AIGVDBench,7WzfaS2wuvU_0_0to142,aigvdbench:7WzfaS2wuvU_0_0to142,train,train,0,,real_video,7WzfaS2wuvU_0_0to142.mp4,0daf22cd89752508d673f7e0f10f69839dfd623823ee80fa69bcc3d314d525a6,0bac62da317b5709e4abd197f47569b040366a833effd7a3cc9d73200ccf2a06,AIGVDBench/Real/Real.zip,videos/7WzfaS2wuvU_0_0to142.mp4,2374639,2375192,dataset_cc_by_4_0_component_partial,not_downloaded
open_sora::7WzfaS2wuvU_0_0to142,AIGVDBench,7WzfaS2wuvU_0_0to142,aigvdbench:7WzfaS2wuvU_0_0to142,train,train,1,Open-Sora,text_to_video,7WzfaS2wuvU_0_0to142.mp4,0daf22cd89752508d673f7e0f10f69839dfd623823ee80fa69bcc3d314d525a6,0bac62da317b5709e4abd197f47569b040366a833effd7a3cc9d73200ccf2a06,AIGVDBench/OpenSource/T2V/Open-Sora.zip,videos/7WzfaS2wuvU_0_0to142.mp4,56949,57663,dataset_cc_by_4_0_component_partial,not_downloaded
real::yXTU7PMHKaM_93_0to197,AIGVDBench,yXTU7PMHKaM_93_0to197,aigvdbench:yXTU7PMHKaM_93_0to197,train,train,0,,real_video,yXTU7PMHKaM_93_0to197.mp4,1279626633855241c9f5d24d545496616640cf10a92b43a284cec272b92c6821,0bb53a7e310feb33d3398719b6d8f199c6fce1c5e081ff5e2b30eac168366dd1,AIGVDBench/Real/Real.zip,videos/yXTU7PMHKaM_93_0to197.mp4,3852968,3853322,dataset_cc_by_4_0_component_partial,not_downloaded
open_sora::yXTU7PMHKaM_93_0to197,AIGVDBench,yXTU7PMHKaM_93_0to197,aigvdbench:yXTU7PMHKaM_93_0to197,train,train,1,Open-Sora,text_to_video,yXTU7PMHKaM_93_0to197.mp4,1279626633855241c9f5d24d545496616640cf10a92b43a284cec272b92c6821,0bb53a7e310feb33d3398719b6d8f199c6fce1c5e081ff5e2b30eac168366dd1,AIGVDBench/OpenSource/T2V/Open-Sora.zip,videos/yXTU7PMHKaM_93_0to197.mp4,53320,54114,dataset_cc_by_4_0_component_partial,not_downloaded
real::lkJXfTdwN_o_1_0to264,AIGVDBench,lkJXfTdwN_o_1_0to264,aigvdbench:lkJXfTdwN_o_1_0to264,train,train,0,,real_video,lkJXfTdwN_o_1_0to264.mp4,f05588fcf84339a25ff3dc81998d9fa4cf1a7859ede40539e1990b9ab0660d15,0bb8f1868a8b71288bc34383415fbb26660ac703bc4c8250608ad164894c3c31,AIGVDBench/Real/Real.zip,videos/lkJXfTdwN_o_1_0to264.mp4,5641493,5642387,dataset_cc_by_4_0_component_partial,not_downloaded
open_sora::lkJXfTdwN_o_1_0to264,AIGVDBench,lkJXfTdwN_o_1_0to264,aigvdbench:lkJXfTdwN_o_1_0to264,train,train,1,Open-Sora,text_to_video,lkJXfTdwN_o_1_0to264.mp4,f05588fcf84339a25ff3dc81998d9fa4cf1a7859ede40539e1990b9ab0660d15,0bb8f1868a8b71288bc34383415fbb26660ac703bc4c8250608ad164894c3c31,AIGVDBench/OpenSource/T2V/Open-Sora.zip,videos/lkJXfTdwN_o_1_0to264.mp4,60328,61125,dataset_cc_by_4_0_component_partial,not_downloaded
real::inylUmEw1qQ_2_55to222,AIGVDBench,inylUmEw1qQ_2_55to222,aigvdbench:inylUmEw1qQ_2_55to222,train,train,0,,real_video,inylUmEw1qQ_2_55to222.mp4,5c5769fbb33a0ab5173df905a46b54aa8e901c463b4244c779155a7e4ff5691d,0bc26bb7f50d1ca78793aba11c391dd9f9755ffbc88a0f26a2d308581ba3840b,AIGVDBench/Real/Real.zip,videos/inylUmEw1qQ_2_55to222.mp4,2582048,2582774,dataset_cc_by_4_0_component_partial,not_downloaded
open_sora::inylUmEw1qQ_2_55to222,AIGVDBench,inylUmEw1qQ_2_55to222,aigvdbench:inylUmEw1qQ_2_55to222,train,train,1,Open-Sora,text_to_video,inylUmEw1qQ_2_55to222.mp4,5c5769fbb33a0ab5173df905a46b54aa8e901c463b4244c779155a7e4ff5691d,0bc26bb7f50d1ca78793aba11c391dd9f9755ffbc88a0f26a2d308581ba3840b,AIGVDBench/OpenSource/T2V/Open-Sora.zip,videos/inylUmEw1qQ_2_55to222.mp4,37876,38780,dataset_cc_by_4_0_component_partial,not_downloaded
real::akBz4pRCHeY_3_89to193,AIGVDBench,akBz4pRCHeY_3_89to193,aigvdbench:akBz4pRCHeY_3_89to193,train,train,0,,real_video,akBz4pRCHeY_3_89to193.mp4,0e3de6464e43d65fca8792689aa2896477079350babe44cad3e454cc0f605726,0bc39a8ce99f086860e1a097304a494db9cb57bda9bce5768e58cb7e7ff15c1a,AIGVDBench/Real/Real.zip,videos/akBz4pRCHeY_3_89to193.mp4,2881640,2882292,dataset_cc_by_4_0_component_partial,not_downloaded
open_sora::akBz4pRCHeY_3_89to193,AIGVDBench,akBz4pRCHeY_3_89to193,aigvdbench:akBz4pRCHeY_3_89to193,train,train,1,Open-Sora,text_to_video,akBz4pRCHeY_3_89to193.mp4,0e3de6464e43d65fca8792689aa2896477079350babe44cad3e454cc0f605726,0bc39a8ce99f086860e1a097304a494db9cb57bda9bce5768e58cb7e7ff15c1a,AIGVDBench/OpenSource/T2V/Open-Sora.zip,videos/akBz4pRCHeY_3_89to193.mp4,48641,49418,dataset_cc_by_4_0_component_partial,not_downloaded
real::VMJ70IFWVZo_5_52to179,AIGVDBench,VMJ70IFWVZo_5_52to179,aigvdbench:VMJ70IFWVZo_5_52to179,train,train,0,,real_video,VMJ70IFWVZo_5_52to179.mp4,b26d54e47765ee42f8e688822a0ca3d1e362c916fc7ec156c61c06959d5f2b30,0bc7490e9bb241fd03b52ccf0833ac0efb2ce51b60b3edddf263ab0a647601d4,AIGVDBench/Real/Real.zip,videos/VMJ70IFWVZo_5_52to179.mp4,1607214,1608248,dataset_cc_by_4_0_component_partial,not_downloaded
open_sora::VMJ70IFWVZo_5_52to179,AIGVDBench,VMJ70IFWVZo_5_52to179,aigvdbench:VMJ70IFWVZo_5_52to179,train,train,1,Open-Sora,text_to_video,VMJ70IFWVZo_5_52to179.mp4,b26d54e47765ee42f8e688822a0ca3d1e362c916fc7ec156c61c06959d5f2b30,0bc7490e9bb241fd03b52ccf0833ac0efb2ce51b60b3edddf263ab0a647601d4,AIGVDBench/OpenSource/T2V/Open-Sora.zip,videos/VMJ70IFWVZo_5_52to179.mp4,56504,57317,dataset_cc_by_4_0_component_partial,not_downloaded
real::QF7VvqmKlFo_0_0to226,AIGVDBench,QF7VvqmKlFo_0_0to226,aigvdbench:QF7VvqmKlFo_0_0to226,train,train,0,,real_video,QF7VvqmKlFo_0_0to226.mp4,eab00437802afdd0c869303272fd5dda6de7d15324a67023b6bb962d4120baea,0bca6d42476ce599d8aa9a2ee389c7e6edec1fcb96857e34b410e045593a199a,AIGVDBench/Real/Real.zip,videos/QF7VvqmKlFo_0_0to226.mp4,3666707,3667515,dataset_cc_by_4_0_component_partial,not_downloaded
open_sora::QF7VvqmKlFo_0_0to226,AIGVDBench,QF7VvqmKlFo_0_0to226,aigvdbench:QF7VvqmKlFo_0_0to226,train,train,1,Open-Sora,text_to_video,QF7VvqmKlFo_0_0to226.mp4,eab00437802afdd0c869303272fd5dda6de7d15324a67023b6bb962d4120baea,0bca6d42476ce599d8aa9a2ee389c7e6edec1fcb96857e34b410e045593a199a,AIGVDBench/OpenSource/T2V/Open-Sora.zip,videos/QF7VvqmKlFo_0_0to226.mp4,46412,47277,dataset_cc_by_4_0_component_partial,not_downloaded
real::30EsXft3euw_33_55to347,AIGVDBench,30EsXft3euw_33_55to347,aigvdbench:30EsXft3euw_33_55to347,train,train,0,,real_video,30EsXft3euw_33_55to347.mp4,521bf7d8c3d3018481aa55451476fb812775bf07f74df1fd26b33d1be1f61d28,0bcaed9c647ee1c06e798c8027b16c098f0ee6b2095c1b03c5674f51a73710fa,AIGVDBench/Real/Real.zip,videos/30EsXft3euw_33_55to347.mp4,2310430,2311463,dataset_cc_by_4_0_component_partial,not_downloaded
open_sora::30EsXft3euw_33_55to347,AIGVDBench,30EsXft3euw_33_55to347,aigvdbench:30EsXft3euw_33_55to347,train,train,1,Open-Sora,text_to_video,30EsXft3euw_33_55to347.mp4,521bf7d8c3d3018481aa55451476fb812775bf07f74df1fd26b33d1be1f61d28,0bcaed9c647ee1c06e798c8027b16c098f0ee6b2095c1b03c5674f51a73710fa,AIGVDBench/OpenSource/T2V/Open-Sora.zip,videos/30EsXft3euw_33_55to347.mp4,65664,66438,dataset_cc_by_4_0_component_partial,not_downloaded
real::K-YEJegwjI0_0_0to136,AIGVDBench,K-YEJegwjI0_0_0to136,aigvdbench:K-YEJegwjI0_0_0to136,train,train,0,,real_video,K-YEJegwjI0_0_0to136.mp4,b5be024ae49fcb5c8400124decce4d4408dc6c9e7e3ff05e9b0c5dbc0475b985,0bcb57c25d1832c06d433ae3892a18b65a18fbfc427e1f23450e0b793af037a9,AIGVDBench/Real/Real.zip,videos/K-YEJegwjI0_0_0to136.mp4,2124700,2125863,dataset_cc_by_4_0_component_partial,not_downloaded
open_sora::K-YEJegwjI0_0_0to136,AIGVDBench,K-YEJegwjI0_0_0to136,aigvdbench:K-YEJegwjI0_0_0to136,train,train,1,Open-Sora,text_to_video,K-YEJegwjI0_0_0to136.mp4,b5be024ae49fcb5c8400124decce4d4408dc6c9e7e3ff05e9b0c5dbc0475b985,0bcb57c25d1832c06d433ae3892a18b65a18fbfc427e1f23450e0b793af037a9,AIGVDBench/OpenSource/T2V/Open-Sora.zip,videos/K-YEJegwjI0_0_0to136.mp4,63063,63822,dataset_cc_by_4_0_component_partial,not_downloaded
real::yXVToYRDqYc_24_0to109,AIGVDBench,yXVToYRDqYc_24_0to109,aigvdbench:yXVToYRDqYc_24_0to109,train,train,0,,real_video,yXVToYRDqYc_24_0to109.mp4,bb87ff92bffb813151e713c188772dc8b05e9a87518d7c41705c8924c0f3446b,0bd4d9d2e18a587c0f731c0068ad1fe564e8fc1bc02130a3f8d0bfd2a5444457,AIGVDBench/Real/Real.zip,videos/yXVToYRDqYc_24_0to109.mp4,2338178,2338480,dataset_cc_by_4_0_component_partial,not_downloaded
open_sora::yXVToYRDqYc_24_0to109,AIGVDBench,yXVToYRDqYc_24_0to109,aigvdbench:yXVToYRDqYc_24_0to109,train,train,1,Open-Sora,text_to_video,yXVToYRDqYc_24_0to109.mp4,bb87ff92bffb813151e713c188772dc8b05e9a87518d7c41705c8924c0f3446b,0bd4d9d2e18a587c0f731c0068ad1fe564e8fc1bc02130a3f8d0bfd2a5444457,AIGVDBench/OpenSource/T2V/Open-Sora.zip,videos/yXVToYRDqYc_24_0to109.mp4,41134,41967,dataset_cc_by_4_0_component_partial,not_downloaded
real::KTyH5NWPXGE_1_0to119,AIGVDBench,KTyH5NWPXGE_1_0to119,aigvdbench:KTyH5NWPXGE_1_0to119,train,train,0,,real_video,KTyH5NWPXGE_1_0to119.mp4,277da74968546bdf5618daa49f6b9b124872af8113cb4e4673c31bc6eccc0d77,0bd93d4a60767608efda925d9639d8bfbf0f4dc83870f6290a197bb4d595f6da,AIGVDBench/Real/Real.zip,videos/KTyH5NWPXGE_1_0to119.mp4,2750331,2750621,dataset_cc_by_4_0_component_partial,not_downloaded
open_sora::KTyH5NWPXGE_1_0to119,AIGVDBench,KTyH5NWPXGE_1_0to119,aigvdbench:KTyH5NWPXGE_1_0to119,train,train,1,Open-Sora,text_to_video,KTyH5NWPXGE_1_0to119.mp4,277da74968546bdf5618daa49f6b9b124872af8113cb4e4673c31bc6eccc0d77,0bd93d4a60767608efda925d9639d8bfbf0f4dc83870f6290a197bb4d595f6da,AIGVDBench/OpenSource/T2V/Open-Sora.zip,videos/KTyH5NWPXGE_1_0to119.mp4,73720,74539,dataset_cc_by_4_0_component_partial,not_downloaded
real::plWMcqKMtPg_16_0to1109,AIGVDBench,plWMcqKMtPg_16_0to1109,aigvdbench:plWMcqKMtPg_16_0to1109,train,train,0,,real_video,plWMcqKMtPg_16_0to1109.mp4,52928d60ae3121a962e642d6b134d39d2d55bc1c1851f2e2fe90afbd216a8896,0bdf96d3d0a1bbf5a8e4611f43168260f39fc98af7148895a6338a4e9b0f8ec1,AIGVDBench/Real/Real.zip,videos/plWMcqKMtPg_16_0to1109.mp4,15155653,15160539,dataset_cc_by_4_0_component_partial,not_downloaded
open_sora::plWMcqKMtPg_16_0to1109,AIGVDBench,plWMcqKMtPg_16_0to1109,aigvdbench:plWMcqKMtPg_16_0to1109,train,train,1,Open-Sora,text_to_video,plWMcqKMtPg_16_0to1109.mp4,52928d60ae3121a962e642d6b134d39d2d55bc1c1851f2e2fe90afbd216a8896,0bdf96d3d0a1bbf5a8e4611f43168260f39fc98af7148895a6338a4e9b0f8ec1,AIGVDBench/OpenSource/T2V/Open-Sora.zip,videos/plWMcqKMtPg_16_0to1109.mp4,47611,48465,dataset_cc_by_4_0_component_partial,not_downloaded
real::4MLvzAzZhuw_9_31to135,AIGVDBench,4MLvzAzZhuw_9_31to135,aigvdbench:4MLvzAzZhuw_9_31to135,train,train,0,,real_video,4MLvzAzZhuw_9_31to135.mp4,2f25035bdaef8bd817a7939a351f925b6c8ac842798cc933e2ba7bb61169256e,0bec2974f7d8f1e7fbfec0be2b68377572794cd195f9f99290cad7782556300b,AIGVDBench/Real/Real.zip,videos/4MLvzAzZhuw_9_31to135.mp4,2031322,2031604,dataset_cc_by_4_0_component_partial,not_downloaded
open_sora::4MLvzAzZhuw_9_31to135,AIGVDBench,4MLvzAzZhuw_9_31to135,aigvdbench:4MLvzAzZhuw_9_31to135,train,train,1,Open-Sora,text_to_video,4MLvzAzZhuw_9_31to135.mp4,2f25035bdaef8bd817a7939a351f925b6c8ac842798cc933e2ba7bb61169256e,0bec2974f7d8f1e7fbfec0be2b68377572794cd195f9f99290cad7782556300b,AIGVDBench/OpenSource/T2V/Open-Sora.zip,videos/4MLvzAzZhuw_9_31to135.mp4,50739,51648,dataset_cc_by_4_0_component_partial,not_downloaded
real::jxtggVlNlPE_38_0to122,AIGVDBench,jxtggVlNlPE_38_0to122,aigvdbench:jxtggVlNlPE_38_0to122,train,train,0,,real_video,jxtggVlNlPE_38_0to122.mp4,b0c03426f6710461db0b649362c2d677c6c9ca87484aa65a83b0fe1cc9d5480a,0beee223331efe60ab0e8a25f44b3b45eb955d4e98c25f696db6b780565cd8d9,AIGVDBench/Real/Real.zip,videos/jxtggVlNlPE_38_0to122.mp4,2682960,2683248,dataset_cc_by_4_0_component_partial,not_downloaded
open_sora::jxtggVlNlPE_38_0to122,AIGVDBench,jxtggVlNlPE_38_0to122,aigvdbench:jxtggVlNlPE_38_0to122,train,train,1,Open-Sora,text_to_video,jxtggVlNlPE_38_0to122.mp4,b0c03426f6710461db0b649362c2d677c6c9ca87484aa65a83b0fe1cc9d5480a,0beee223331efe60ab0e8a25f44b3b45eb955d4e98c25f696db6b780565cd8d9,AIGVDBench/OpenSource/T2V/Open-Sora.zip,videos/jxtggVlNlPE_38_0to122.mp4,35105,36013,dataset_cc_by_4_0_component_partial,not_downloaded
real::YI8IUsnH2qw_12_824to940,AIGVDBench,YI8IUsnH2qw_12_824to940,aigvdbench:YI8IUsnH2qw_12_824to940,train,train,0,,real_video,YI8IUsnH2qw_12_824to940.mp4,5dc03b416c60ef224e548a18fa64ae5d6a57a50f9586df6803d39f71a66c54d1,0bfeac411c45fd8b8199ec6ad8b7eef52dbfd613e2c6540321b59995d46822b8,AIGVDBench/Real/Real.zip,videos/YI8IUsnH2qw_12_824to940.mp4,1755417,1755816,dataset_cc_by_4_0_component_partial,not_downloaded
open_sora::YI8IUsnH2qw_12_824to940,AIGVDBench,YI8IUsnH2qw_12_824to940,aigvdbench:YI8IUsnH2qw_12_824to940,train,train,1,Open-Sora,text_to_video,YI8IUsnH2qw_12_824to940.mp4,5dc03b416c60ef224e548a18fa64ae5d6a57a50f9586df6803d39f71a66c54d1,0bfeac411c45fd8b8199ec6ad8b7eef52dbfd613e2c6540321b59995d46822b8,AIGVDBench/OpenSource/T2V/Open-Sora.zip,videos/YI8IUsnH2qw_12_824to940.mp4,92445,93161,dataset_cc_by_4_0_component_partial,not_downloaded
real::IUI0vfct24o_12_0to199,AIGVDBench,IUI0vfct24o_12_0to199,aigvdbench:IUI0vfct24o_12_0to199,train,train,0,,real_video,IUI0vfct24o_12_0to199.mp4,8272a52cc4ab5908e8177e17afe92bc1a9fb65521bcf318031d8186e9d4b58e2,0c0586ed7a69254a8b84a94de2621c8dfa4b2342df91d60083519400062213bc,AIGVDBench/Real/Real.zip,videos/IUI0vfct24o_12_0to199.mp4,3157384,3157923,dataset_cc_by_4_0_component_partial,not_downloaded
open_sora::IUI0vfct24o_12_0to199,AIGVDBench,IUI0vfct24o_12_0to199,aigvdbench:IUI0vfct24o_12_0to199,train,train,1,Open-Sora,text_to_video,IUI0vfct24o_12_0to199.mp4,8272a52cc4ab5908e8177e17afe92bc1a9fb65521bcf318031d8186e9d4b58e2,0c0586ed7a69254a8b84a94de2621c8dfa4b2342df91d60083519400062213bc,AIGVDBench/OpenSource/T2V/Open-Sora.zip,videos/IUI0vfct24o_12_0to199.mp4,52241,52987,dataset_cc_by_4_0_component_partial,not_downloaded
real::AOy3VT-Jvlk_51_0to145,AIGVDBench,AOy3VT-Jvlk_51_0to145,aigvdbench:AOy3VT-Jvlk_51_0to145,train,train,0,,real_video,AOy3VT-Jvlk_51_0to145.mp4,1c89801fc7803953640a60d610a466b8c2adcf2def414f3a557d07e239e0cb56,0c06d0db1d48543ac9ed584b0d58984cc8f95d69b4fec1996530c5e90ab57857,AIGVDBench/Real/Real.zip,videos/AOy3VT-Jvlk_51_0to145.mp4,1716557,1717155,dataset_cc_by_4_0_component_partial,not_downloaded
open_sora::AOy3VT-Jvlk_51_0to145,AIGVDBench,AOy3VT-Jvlk_51_0to145,aigvdbench:AOy3VT-Jvlk_51_0to145,train,train,1,Open-Sora,text_to_video,AOy3VT-Jvlk_51_0to145.mp4,1c89801fc7803953640a60d610a466b8c2adcf2def414f3a557d07e239e0cb56,0c06d0db1d48543ac9ed584b0d58984cc8f95d69b4fec1996530c5e90ab57857,AIGVDBench/OpenSource/T2V/Open-Sora.zip,videos/AOy3VT-Jvlk_51_0to145.mp4,39333,40204,dataset_cc_by_4_0_component_partial,not_downloaded
real::9M8QUynDAbk_7_18to217,AIGVDBench,9M8QUynDAbk_7_18to217,aigvdbench:9M8QUynDAbk_7_18to217,train,train,0,,real_video,9M8QUynDAbk_7_18to217.mp4,9b78b7104bb49b352a16af6f5f2b6c3b5a52a76e9d23144527af328007ac3de9,0c08bb573d463305d82eb99b97c97fad9d9fb9b892c148cbf217a7aaf943406b,AIGVDBench/Real/Real.zip,videos/9M8QUynDAbk_7_18to217.mp4,4452579,4452716,dataset_cc_by_4_0_component_partial,not_downloaded
open_sora::9M8QUynDAbk_7_18to217,AIGVDBench,9M8QUynDAbk_7_18to217,aigvdbench:9M8QUynDAbk_7_18to217,train,train,1,Open-Sora,text_to_video,9M8QUynDAbk_7_18to217.mp4,9b78b7104bb49b352a16af6f5f2b6c3b5a52a76e9d23144527af328007ac3de9,0c08bb573d463305d82eb99b97c97fad9d9fb9b892c148cbf217a7aaf943406b,AIGVDBench/OpenSource/T2V/Open-Sora.zip,videos/9M8QUynDAbk_7_18to217.mp4,57720,58511,dataset_cc_by_4_0_component_partial,not_downloaded
real::sZf0owX6cUM_1_518to1221,AIGVDBench,sZf0owX6cUM_1_518to1221,aigvdbench:sZf0owX6cUM_1_518to1221,train,train,0,,real_video,sZf0owX6cUM_1_518to1221.mp4,6795193c7e693d4ff5ccaa15196bb3cc09a6e8ec569ad04d8f805f8c6c0eb916,0c105230381804f71d7214daa8002025a5a444ca7bb8f654d4c5d19af253f755,AIGVDBench/Real/Real.zip,videos/sZf0owX6cUM_1_518to1221.mp4,12333197,12334307,dataset_cc_by_4_0_component_partial,not_downloaded
open_sora::sZf0owX6cUM_1_518to1221,AIGVDBench,sZf0owX6cUM_1_518to1221,aigvdbench:sZf0owX6cUM_1_518to1221,train,train,1,Open-Sora,text_to_video,sZf0owX6cUM_1_518to1221.mp4,6795193c7e693d4ff5ccaa15196bb3cc09a6e8ec569ad04d8f805f8c6c0eb916,0c105230381804f71d7214daa8002025a5a444ca7bb8f654d4c5d19af253f755,AIGVDBench/OpenSource/T2V/Open-Sora.zip,videos/sZf0owX6cUM_1_518to1221.mp4,59239,60041,dataset_cc_by_4_0_component_partial,not_downloaded
real::fTtjB7ti8NU_12_0to102,AIGVDBench,fTtjB7ti8NU_12_0to102,aigvdbench:fTtjB7ti8NU_12_0to102,train,train,0,,real_video,fTtjB7ti8NU_12_0to102.mp4,8092ce2b1eb72b07c64a8270175893e6d16c1d099ff5fb1681d854310e87df32,0c175b407a079bc8b1285ce48a871d413360688ad950bd7f3c5d1bc0d0da5290,AIGVDBench/Real/Real.zip,videos/fTtjB7ti8NU_12_0to102.mp4,1961672,1962141,dataset_cc_by_4_0_component_partial,not_downloaded
open_sora::fTtjB7ti8NU_12_0to102,AIGVDBench,fTtjB7ti8NU_12_0to102,aigvdbench:fTtjB7ti8NU_12_0to102,train,train,1,Open-Sora,text_to_video,fTtjB7ti8NU_12_0to102.mp4,8092ce2b1eb72b07c64a8270175893e6d16c1d099ff5fb1681d854310e87df32,0c175b407a079bc8b1285ce48a871d413360688ad950bd7f3c5d1bc0d0da5290,AIGVDBench/OpenSource/T2V/Open-Sora.zip,videos/fTtjB7ti8NU_12_0to102.mp4,64282,65103,dataset_cc_by_4_0_component_partial,not_downloaded
real::VicRCuvxTbc_19_0to136,AIGVDBench,VicRCuvxTbc_19_0to136,aigvdbench:VicRCuvxTbc_19_0to136,train,train,0,,real_video,VicRCuvxTbc_19_0to136.mp4,33abfd12578bd669c483818d8878ce101f112997d15f056ad16553a96f9e66e6,0c1a424ca22ff65b10b1a686e0e401ee30b67a6d85ff98c335dd9ca4f16bdbcc,AIGVDBench/Real/Real.zip,videos/VicRCuvxTbc_19_0to136.mp4,1879383,1880327,dataset_cc_by_4_0_component_partial,not_downloaded
open_sora::VicRCuvxTbc_19_0to136,AIGVDBench,VicRCuvxTbc_19_0to136,aigvdbench:VicRCuvxTbc_19_0to136,train,train,1,Open-Sora,text_to_video,VicRCuvxTbc_19_0to136.mp4,33abfd12578bd669c483818d8878ce101f112997d15f056ad16553a96f9e66e6,0c1a424ca22ff65b10b1a686e0e401ee30b67a6d85ff98c335dd9ca4f16bdbcc,AIGVDBench/OpenSource/T2V/Open-Sora.zip,videos/VicRCuvxTbc_19_0to136.mp4,35488,36339,dataset_cc_by_4_0_component_partial,not_downloaded
real::L0KINf3s5IU_56_245to376,AIGVDBench,L0KINf3s5IU_56_245to376,aigvdbench:L0KINf3s5IU_56_245to376,train,train,0,,real_video,L0KINf3s5IU_56_245to376.mp4,002913115eff9145f3efea85f711d4a771fc311960f139133fa01fb1de22a79f,0c1d28a4b62b7e2672de1afea8ef9f819dae38890f32b18da2c4a4826689f8cd,AIGVDBench/Real/Real.zip,videos/L0KINf3s5IU_56_245to376.mp4,2834455,2834760,dataset_cc_by_4_0_component_partial,not_downloaded
open_sora::L0KINf3s5IU_56_245to376,AIGVDBench,L0KINf3s5IU_56_245to376,aigvdbench:L0KINf3s5IU_56_245to376,train,train,1,Open-Sora,text_to_video,L0KINf3s5IU_56_245to376.mp4,002913115eff9145f3efea85f711d4a771fc311960f139133fa01fb1de22a79f,0c1d28a4b62b7e2672de1afea8ef9f819dae38890f32b18da2c4a4826689f8cd,AIGVDBench/OpenSource/T2V/Open-Sora.zip,videos/L0KINf3s5IU_56_245to376.mp4,55945,56805,dataset_cc_by_4_0_component_partial,not_downloaded
real::NnR3RT7_-vA_28_0to1392,AIGVDBench,NnR3RT7_-vA_28_0to1392,aigvdbench:NnR3RT7_-vA_28_0to1392,train,train,0,,real_video,NnR3RT7_-vA_28_0to1392.mp4,72d725f25bb5f885e790513c25b733e45be0ea8e17071f446a0f826d7a7798e6,0c2048838a68f771a13a88ff59f395baf5e2a1e1b24dfa2aa9df4b2932aa1ddc,AIGVDBench/Real/Real.zip,videos/NnR3RT7_-vA_28_0to1392.mp4,38723685,38728119,dataset_cc_by_4_0_component_partial,not_downloaded
open_sora::NnR3RT7_-vA_28_0to1392,AIGVDBench,NnR3RT7_-vA_28_0to1392,aigvdbench:NnR3RT7_-vA_28_0to1392,train,train,1,Open-Sora,text_to_video,NnR3RT7_-vA_28_0to1392.mp4,72d725f25bb5f885e790513c25b733e45be0ea8e17071f446a0f826d7a7798e6,0c2048838a68f771a13a88ff59f395baf5e2a1e1b24dfa2aa9df4b2932aa1ddc,AIGVDBench/OpenSource/T2V/Open-Sora.zip,videos/NnR3RT7_-vA_28_0to1392.mp4,92581,93304,dataset_cc_by_4_0_component_partial,not_downloaded
real::R1mKjoShk4U_2_56to272,AIGVDBench,R1mKjoShk4U_2_56to272,aigvdbench:R1mKjoShk4U_2_56to272,train,train,0,,real_video,R1mKjoShk4U_2_56to272.mp4,e14a69d5f728828b968ce45f8cd7382622591134626a814b12de120fc2205970,0c2a64c95dc7a779589c94a911387c96a5b519c39fc18ced073b6eab83a9fc1d,AIGVDBench/Real/Real.zip,videos/R1mKjoShk4U_2_56to272.mp4,2215140,2216458,dataset_cc_by_4_0_component_partial,not_downloaded
open_sora::R1mKjoShk4U_2_56to272,AIGVDBench,R1mKjoShk4U_2_56to272,aigvdbench:R1mKjoShk4U_2_56to272,train,train,1,Open-Sora,text_to_video,R1mKjoShk4U_2_56to272.mp4,e14a69d5f728828b968ce45f8cd7382622591134626a814b12de120fc2205970,0c2a64c95dc7a779589c94a911387c96a5b519c39fc18ced073b6eab83a9fc1d,AIGVDBench/OpenSource/T2V/Open-Sora.zip,videos/R1mKjoShk4U_2_56to272.mp4,62490,63258,dataset_cc_by_4_0_component_partial,not_downloaded
real::ZPuEZnMK_Bs_33_54to199,AIGVDBench,ZPuEZnMK_Bs_33_54to199,aigvdbench:ZPuEZnMK_Bs_33_54to199,train,train,0,,real_video,ZPuEZnMK_Bs_33_54to199.mp4,db099d6f71e305fa710a417c11b7cbc87ad82be1e3c1920119df29255d62aeeb,0c2e8978b9447a27c42a2d8344e6f5235e69a0eda87b44e2210b6e36a914c9c6,AIGVDBench/Real/Real.zip,videos/ZPuEZnMK_Bs_33_54to199.mp4,1361319,1362544,dataset_cc_by_4_0_component_partial,not_downloaded
open_sora::ZPuEZnMK_Bs_33_54to199,AIGVDBench,ZPuEZnMK_Bs_33_54to199,aigvdbench:ZPuEZnMK_Bs_33_54to199,train,train,1,Open-Sora,text_to_video,ZPuEZnMK_Bs_33_54to199.mp4,db099d6f71e305fa710a417c11b7cbc87ad82be1e3c1920119df29255d62aeeb,0c2e8978b9447a27c42a2d8344e6f5235e69a0eda87b44e2210b6e36a914c9c6,AIGVDBench/OpenSource/T2V/Open-Sora.zip,videos/ZPuEZnMK_Bs_33_54to199.mp4,58305,59064,dataset_cc_by_4_0_component_partial,not_downloaded
real::UL_mHW-e5kc_59_0to136,AIGVDBench,UL_mHW-e5kc_59_0to136,aigvdbench:UL_mHW-e5kc_59_0to136,train,train,0,,real_video,UL_mHW-e5kc_59_0to136.mp4,ae4a8b0930e6522b3baf270ea20c01af22ea91fea13e4355ff0d634db44b1fba,0c35d195daf7069b7718957ce097e478dc0c9901ac409919e810b649b26248a5,AIGVDBench/Real/Real.zip,videos/UL_mHW-e5kc_59_0to136.mp4,2981504,2981820,dataset_cc_by_4_0_component_partial,not_downloaded
open_sora::UL_mHW-e5kc_59_0to136,AIGVDBench,UL_mHW-e5kc_59_0to136,aigvdbench:UL_mHW-e5kc_59_0to136,train,train,1,Open-Sora,text_to_video,UL_mHW-e5kc_59_0to136.mp4,ae4a8b0930e6522b3baf270ea20c01af22ea91fea13e4355ff0d634db44b1fba,0c35d195daf7069b7718957ce097e478dc0c9901ac409919e810b649b26248a5,AIGVDBench/OpenSource/T2V/Open-Sora.zip,videos/UL_mHW-e5kc_59_0to136.mp4,33721,34676,dataset_cc_by_4_0_component_partial,not_downloaded
real::llM9MIM_9U4_3_16to149,AIGVDBench,llM9MIM_9U4_3_16to149,aigvdbench:llM9MIM_9U4_3_16to149,train,train,0,,real_video,llM9MIM_9U4_3_16to149.mp4,7821f1521ca642f49ef61925b438cb35c04c359b4cfa11d2a6394db33a176129,0c3a2df4510ed340302bb36836c259aab658bf074c403a301a50e7198f7dbb92,AIGVDBench/Real/Real.zip,videos/llM9MIM_9U4_3_16to149.mp4,731178,732401,dataset_cc_by_4_0_component_partial,not_downloaded
open_sora::llM9MIM_9U4_3_16to149,AIGVDBench,llM9MIM_9U4_3_16to149,aigvdbench:llM9MIM_9U4_3_16to149,train,train,1,Open-Sora,text_to_video,llM9MIM_9U4_3_16to149.mp4,7821f1521ca642f49ef61925b438cb35c04c359b4cfa11d2a6394db33a176129,0c3a2df4510ed340302bb36836c259aab658bf074c403a301a50e7198f7dbb92,AIGVDBench/OpenSource/T2V/Open-Sora.zip,videos/llM9MIM_9U4_3_16to149.mp4,63053,63907,dataset_cc_by_4_0_component_partial,not_downloaded
real::nmdjSgz5Z70_68_64to492,AIGVDBench,nmdjSgz5Z70_68_64to492,aigvdbench:nmdjSgz5Z70_68_64to492,train,train,0,,real_video,nmdjSgz5Z70_68_64to492.mp4,e7f789d2395e0e3f92b83b30381a169201cf1d584ae41501746e5c37db50b8cb,0c42944138ed405ca7148b2e71d2eeedce4123b4f1e4683eb70ee65de99c26a0,AIGVDBench/Real/Real.zip,videos/nmdjSgz5Z70_68_64to492.mp4,6667780,6668963,dataset_cc_by_4_0_component_partial,not_downloaded
open_sora::nmdjSgz5Z70_68_64to492,AIGVDBench,nmdjSgz5Z70_68_64to492,aigvdbench:nmdjSgz5Z70_68_64to492,train,train,1,Open-Sora,text_to_video,nmdjSgz5Z70_68_64to492.mp4,e7f789d2395e0e3f92b83b30381a169201cf1d584ae41501746e5c37db50b8cb,0c42944138ed405ca7148b2e71d2eeedce4123b4f1e4683eb70ee65de99c26a0,AIGVDBench/OpenSource/T2V/Open-Sora.zip,videos/nmdjSgz5Z70_68_64to492.mp4,39306,40182,dataset_cc_by_4_0_component_partial,not_downloaded
real::PG9kCkhiuyo_43_0to131,AIGVDBench,PG9kCkhiuyo_43_0to131,aigvdbench:PG9kCkhiuyo_43_0to131,train,train,0,,real_video,PG9kCkhiuyo_43_0to131.mp4,cbee9d32d5d120f731f9477245d944f797ce92a96e7162c11f84d79f63309344,0c4427e01590d98d4b2b9c176d9d8af0889b1312152ae1aa2daf25b39d4a3e05,AIGVDBench/Real/Real.zip,videos/PG9kCkhiuyo_43_0to131.mp4,1475081,1476208,dataset_cc_by_4_0_component_partial,not_downloaded
open_sora::PG9kCkhiuyo_43_0to131,AIGVDBench,PG9kCkhiuyo_43_0to131,aigvdbench:PG9kCkhiuyo_43_0to131,train,train,1,Open-Sora,text_to_video,PG9kCkhiuyo_43_0to131.mp4,cbee9d32d5d120f731f9477245d944f797ce92a96e7162c11f84d79f63309344,0c4427e01590d98d4b2b9c176d9d8af0889b1312152ae1aa2daf25b39d4a3e05,AIGVDBench/OpenSource/T2V/Open-Sora.zip,videos/PG9kCkhiuyo_43_0to131.mp4,52371,53177,dataset_cc_by_4_0_component_partial,not_downloaded
real::LV5tIQFKAgY_131_0to628,AIGVDBench,LV5tIQFKAgY_131_0to628,aigvdbench:LV5tIQFKAgY_131_0to628,train,train,0,,real_video,LV5tIQFKAgY_131_0to628.mp4,cd08d4c5325adb6410502dc19a1013a19fdc14a169c902eb1e907798027f95c3,0c5677e108fbdf880f94a4b2e0e6a8f9f92289b5074c79f17bbfc727c098fc69,AIGVDBench/Real/Real.zip,videos/LV5tIQFKAgY_131_0to628.mp4,14039548,14040499,dataset_cc_by_4_0_component_partial,not_downloaded
open_sora::LV5tIQFKAgY_131_0to628,AIGVDBench,LV5tIQFKAgY_131_0to628,aigvdbench:LV5tIQFKAgY_131_0to628,train,train,1,Open-Sora,text_to_video,LV5tIQFKAgY_131_0to628.mp4,cd08d4c5325adb6410502dc19a1013a19fdc14a169c902eb1e907798027f95c3,0c5677e108fbdf880f94a4b2e0e6a8f9f92289b5074c79f17bbfc727c098fc69,AIGVDBench/OpenSource/T2V/Open-Sora.zip,videos/LV5tIQFKAgY_131_0to628.mp4,51650,52462,dataset_cc_by_4_0_component_partial,not_downloaded
real::kEdfVjGxMz0_21_320to569,AIGVDBench,kEdfVjGxMz0_21_320to569,aigvdbench:kEdfVjGxMz0_21_320to569,train,train,0,,real_video,kEdfVjGxMz0_21_320to569.mp4,d7619ed48767b030b21f9765a5ad07c73e6817815668ffe1c9e4d06b9d3fd9f7,0c5b3273c08bff861a678accb9145777e3fc79bfdcabf3c6f375677c34dd3c0e,AIGVDBench/Real/Real.zip,videos/kEdfVjGxMz0_21_320to569.mp4,3545381,3545966,dataset_cc_by_4_0_component_partial,not_downloaded
open_sora::kEdfVjGxMz0_21_320to569,AIGVDBench,kEdfVjGxMz0_21_320to569,aigvdbench:kEdfVjGxMz0_21_320to569,train,train,1,Open-Sora,text_to_video,kEdfVjGxMz0_21_320to569.mp4,d7619ed48767b030b21f9765a5ad07c73e6817815668ffe1c9e4d06b9d3fd9f7,0c5b3273c08bff861a678accb9145777e3fc79bfdcabf3c6f375677c34dd3c0e,AIGVDBench/OpenSource/T2V/Open-Sora.zip,videos/kEdfVjGxMz0_21_320to569.mp4,55676,56437,dataset_cc_by_4_0_component_partial,not_downloaded
real::gd6s5AS273Q_399_0to120,AIGVDBench,gd6s5AS273Q_399_0to120,aigvdbench:gd6s5AS273Q_399_0to120,train,train,0,,real_video,gd6s5AS273Q_399_0to120.mp4,16df589c52146cb1f73371a85950186fc2f4f2c87316b2d0504b8904c984b28e,0c627627dca8af2674965c6bc2ecca7687336ae499c8771ce2f9df96086c0451,AIGVDBench/Real/Real.zip,videos/gd6s5AS273Q_399_0to120.mp4,1688108,1688865,dataset_cc_by_4_0_component_partial,not_downloaded
open_sora::gd6s5AS273Q_399_0to120,AIGVDBench,gd6s5AS273Q_399_0to120,aigvdbench:gd6s5AS273Q_399_0to120,train,train,1,Open-Sora,text_to_video,gd6s5AS273Q_399_0to120.mp4,16df589c52146cb1f73371a85950186fc2f4f2c87316b2d0504b8904c984b28e,0c627627dca8af2674965c6bc2ecca7687336ae499c8771ce2f9df96086c0451,AIGVDBench/OpenSource/T2V/Open-Sora.zip,videos/gd6s5AS273Q_399_0to120.mp4,71503,72254,dataset_cc_by_4_0_component_partial,not_downloaded
real::rr8dpLBH4gU_9_18to132,AIGVDBench,rr8dpLBH4gU_9_18to132,aigvdbench:rr8dpLBH4gU_9_18to132,train,train,0,,real_video,rr8dpLBH4gU_9_18to132.mp4,1bc4e67a6cabe83014b1d82a3ee03e3ce5d0259550c55a44d58e7e7920b2b659,0c636cbf7155fd2780d4c80e8dc7b0b2f80351f416828e907353080a1029f0ee,AIGVDBench/Real/Real.zip,videos/rr8dpLBH4gU_9_18to132.mp4,2090676,2091111,dataset_cc_by_4_0_component_partial,not_downloaded
open_sora::rr8dpLBH4gU_9_18to132,AIGVDBench,rr8dpLBH4gU_9_18to132,aigvdbench:rr8dpLBH4gU_9_18to132,train,train,1,Open-Sora,text_to_video,rr8dpLBH4gU_9_18to132.mp4,1bc4e67a6cabe83014b1d82a3ee03e3ce5d0259550c55a44d58e7e7920b2b659,0c636cbf7155fd2780d4c80e8dc7b0b2f80351f416828e907353080a1029f0ee,AIGVDBench/OpenSource/T2V/Open-Sora.zip,videos/rr8dpLBH4gU_9_18to132.mp4,67240,68041,dataset_cc_by_4_0_component_partial,not_downloaded
real::PPEmSHj3CKA_0_0to1223,AIGVDBench,PPEmSHj3CKA_0_0to1223,aigvdbench:PPEmSHj3CKA_0_0to1223,train,train,0,,real_video,PPEmSHj3CKA_0_0to1223.mp4,a74e67594fb88baed20d2ae7c2975cff78ea8481be7e6635d662505b1961413e,0c6527795010b4985f53d6542e79fdbf586ccbeaa2d0fa464995bf84a13b68e7,AIGVDBench/Real/Real.zip,videos/PPEmSHj3CKA_0_0to1223.mp4,26274544,26275804,dataset_cc_by_4_0_component_partial,not_downloaded
open_sora::PPEmSHj3CKA_0_0to1223,AIGVDBench,PPEmSHj3CKA_0_0to1223,aigvdbench:PPEmSHj3CKA_0_0to1223,train,train,1,Open-Sora,text_to_video,PPEmSHj3CKA_0_0to1223.mp4,a74e67594fb88baed20d2ae7c2975cff78ea8481be7e6635d662505b1961413e,0c6527795010b4985f53d6542e79fdbf586ccbeaa2d0fa464995bf84a13b68e7,AIGVDBench/OpenSource/T2V/Open-Sora.zip,videos/PPEmSHj3CKA_0_0to1223.mp4,46822,47663,dataset_cc_by_4_0_component_partial,not_downloaded
real::Q5sNkRjzVgU_20_54to174,AIGVDBench,Q5sNkRjzVgU_20_54to174,aigvdbench:Q5sNkRjzVgU_20_54to174,validation,validation,0,,real_video,Q5sNkRjzVgU_20_54to174.mp4,9a9f61f8b8d6892aad4dc1ce5dba107f33c6f342dcbd2e38081b479090fc89d7,000070bde18bfb0a3f606ed41ccbddfd6d790f4d307151ac63f2c97163b31660,AIGVDBench/Real/Real.zip,videos/Q5sNkRjzVgU_20_54to174.mp4,2039321,2040058,dataset_cc_by_4_0_component_partial,not_downloaded
open_sora::Q5sNkRjzVgU_20_54to174,AIGVDBench,Q5sNkRjzVgU_20_54to174,aigvdbench:Q5sNkRjzVgU_20_54to174,validation,validation,1,Open-Sora,text_to_video,Q5sNkRjzVgU_20_54to174.mp4,9a9f61f8b8d6892aad4dc1ce5dba107f33c6f342dcbd2e38081b479090fc89d7,000070bde18bfb0a3f606ed41ccbddfd6d790f4d307151ac63f2c97163b31660,AIGVDBench/OpenSource/T2V/Open-Sora.zip,videos/Q5sNkRjzVgU_20_54to174.mp4,77281,77945,dataset_cc_by_4_0_component_partial,not_downloaded
real::WP7woAHPOjU_6_30to144,AIGVDBench,WP7woAHPOjU_6_30to144,aigvdbench:WP7woAHPOjU_6_30to144,validation,validation,0,,real_video,WP7woAHPOjU_6_30to144.mp4,65b491ba3fff7d83f2a7f6f31801216c3f52582ed2f75be9c974360a55562dcf,001ae2413b10ba402eccce9f8b5f2154b0f387be2da731cf26066253d88c4e44,AIGVDBench/Real/Real.zip,videos/WP7woAHPOjU_6_30to144.mp4,1798300,1799198,dataset_cc_by_4_0_component_partial,not_downloaded
open_sora::WP7woAHPOjU_6_30to144,AIGVDBench,WP7woAHPOjU_6_30to144,aigvdbench:WP7woAHPOjU_6_30to144,validation,validation,1,Open-Sora,text_to_video,WP7woAHPOjU_6_30to144.mp4,65b491ba3fff7d83f2a7f6f31801216c3f52582ed2f75be9c974360a55562dcf,001ae2413b10ba402eccce9f8b5f2154b0f387be2da731cf26066253d88c4e44,AIGVDBench/OpenSource/T2V/Open-Sora.zip,videos/WP7woAHPOjU_6_30to144.mp4,115766,116530,dataset_cc_by_4_0_component_partial,not_downloaded
real::5Hr6KH-kGRY_20_100to246,AIGVDBench,5Hr6KH-kGRY_20_100to246,aigvdbench:5Hr6KH-kGRY_20_100to246,validation,validation,0,,real_video,5Hr6KH-kGRY_20_100to246.mp4,9d650dbb4bca3bc396d139d9df852e01308adc8643530a18cc90eabb484e7b11,002add4fbf11f347a1ddbb0f75923a47ed0b0776d52f8da35e332196244128af,AIGVDBench/Real/Real.zip,videos/5Hr6KH-kGRY_20_100to246.mp4,2042546,2043478,dataset_cc_by_4_0_component_partial,not_downloaded
open_sora::5Hr6KH-kGRY_20_100to246,AIGVDBench,5Hr6KH-kGRY_20_100to246,aigvdbench:5Hr6KH-kGRY_20_100to246,validation,validation,1,Open-Sora,text_to_video,5Hr6KH-kGRY_20_100to246.mp4,9d650dbb4bca3bc396d139d9df852e01308adc8643530a18cc90eabb484e7b11,002add4fbf11f347a1ddbb0f75923a47ed0b0776d52f8da35e332196244128af,AIGVDBench/OpenSource/T2V/Open-Sora.zip,videos/5Hr6KH-kGRY_20_100to246.mp4,54425,55392,dataset_cc_by_4_0_component_partial,not_downloaded
real::FFOWDe1YZVY_87_0to374,AIGVDBench,FFOWDe1YZVY_87_0to374,aigvdbench:FFOWDe1YZVY_87_0to374,validation,validation,0,,real_video,FFOWDe1YZVY_87_0to374.mp4,424f1adec4d81494b23744b73e48abf8514a3411c36156b53f36a439a6440e7b,004bfb1160dd53b9ce99ff0561dfc2f2bc4aaf5e7702b7934eab05ce79a5391d,AIGVDBench/Real/Real.zip,videos/FFOWDe1YZVY_87_0to374.mp4,10438292,10438248,dataset_cc_by_4_0_component_partial,not_downloaded
open_sora::FFOWDe1YZVY_87_0to374,AIGVDBench,FFOWDe1YZVY_87_0to374,aigvdbench:FFOWDe1YZVY_87_0to374,validation,validation,1,Open-Sora,text_to_video,FFOWDe1YZVY_87_0to374.mp4,424f1adec4d81494b23744b73e48abf8514a3411c36156b53f36a439a6440e7b,004bfb1160dd53b9ce99ff0561dfc2f2bc4aaf5e7702b7934eab05ce79a5391d,AIGVDBench/OpenSource/T2V/Open-Sora.zip,videos/FFOWDe1YZVY_87_0to374.mp4,71059,71772,dataset_cc_by_4_0_component_partial,not_downloaded
real::S7aVNP5t-kw_44_96to320,AIGVDBench,S7aVNP5t-kw_44_96to320,aigvdbench:S7aVNP5t-kw_44_96to320,validation,validation,0,,real_video,S7aVNP5t-kw_44_96to320.mp4,05dd242012b05b4c19c0806b7bc1094b8c83ececdcd22da80f1a7238fa5bd75d,004caa33f0946cb05e64f567c16bc0b2a1ea2a3314d9e61ec9384c22273f903c,AIGVDBench/Real/Real.zip,videos/S7aVNP5t-kw_44_96to320.mp4,3024334,3025162,dataset_cc_by_4_0_component_partial,not_downloaded
open_sora::S7aVNP5t-kw_44_96to320,AIGVDBench,S7aVNP5t-kw_44_96to320,aigvdbench:S7aVNP5t-kw_44_96to320,validation,validation,1,Open-Sora,text_to_video,S7aVNP5t-kw_44_96to320.mp4,05dd242012b05b4c19c0806b7bc1094b8c83ececdcd22da80f1a7238fa5bd75d,004caa33f0946cb05e64f567c16bc0b2a1ea2a3314d9e61ec9384c22273f903c,AIGVDBench/OpenSource/T2V/Open-Sora.zip,videos/S7aVNP5t-kw_44_96to320.mp4,54900,55648,dataset_cc_by_4_0_component_partial,not_downloaded
real::nPggYy_aPzY_36_0to124,AIGVDBench,nPggYy_aPzY_36_0to124,aigvdbench:nPggYy_aPzY_36_0to124,validation,validation,0,,real_video,nPggYy_aPzY_36_0to124.mp4,cbe291bb0eaef93b5b8e9c35a8febf4e35705b23cb837d19fe6a9bf8ebbe7d40,005aef014a058fa5d662a0777ec60a57d0ee3c23b9e3f28c264668a839b797bc,AIGVDBench/Real/Real.zip,videos/nPggYy_aPzY_36_0to124.mp4,3947069,3947922,dataset_cc_by_4_0_component_partial,not_downloaded
open_sora::nPggYy_aPzY_36_0to124,AIGVDBench,nPggYy_aPzY_36_0to124,aigvdbench:nPggYy_aPzY_36_0to124,validation,validation,1,Open-Sora,text_to_video,nPggYy_aPzY_36_0to124.mp4,cbe291bb0eaef93b5b8e9c35a8febf4e35705b23cb837d19fe6a9bf8ebbe7d40,005aef014a058fa5d662a0777ec60a57d0ee3c23b9e3f28c264668a839b797bc,AIGVDBench/OpenSource/T2V/Open-Sora.zip,videos/nPggYy_aPzY_36_0to124.mp4,65252,66048,dataset_cc_by_4_0_component_partial,not_downloaded
real::9MDeuLaGAFc_6_0to1294,AIGVDBench,9MDeuLaGAFc_6_0to1294,aigvdbench:9MDeuLaGAFc_6_0to1294,validation,validation,0,,real_video,9MDeuLaGAFc_6_0to1294.mp4,a0a1565c7b31772ee256cb93285f864767f243e9154ee075b72058f796addb27,005fc06b886174130fb909ad85f4cc8373dd6a3784e70cd7a6fd2ba42c80cad2,AIGVDBench/Real/Real.zip,videos/9MDeuLaGAFc_6_0to1294.mp4,15693122,15700316,dataset_cc_by_4_0_component_partial,not_downloaded
open_sora::9MDeuLaGAFc_6_0to1294,AIGVDBench,9MDeuLaGAFc_6_0to1294,aigvdbench:9MDeuLaGAFc_6_0to1294,validation,validation,1,Open-Sora,text_to_video,9MDeuLaGAFc_6_0to1294.mp4,a0a1565c7b31772ee256cb93285f864767f243e9154ee075b72058f796addb27,005fc06b886174130fb909ad85f4cc8373dd6a3784e70cd7a6fd2ba42c80cad2,AIGVDBench/OpenSource/T2V/Open-Sora.zip,videos/9MDeuLaGAFc_6_0to1294.mp4,44161,44994,dataset_cc_by_4_0_component_partial,not_downloaded
real::QWADVL4gMmc_42_19to522,AIGVDBench,QWADVL4gMmc_42_19to522,aigvdbench:QWADVL4gMmc_42_19to522,validation,validation,0,,real_video,QWADVL4gMmc_42_19to522.mp4,3bb9b27ba2440739b95a064f6abfc55a393756da367b9ae6b1411a1bb3f71dfe,006088dfaabe004a0a1f61eea35f7378f76be51d2dd056f14511d6dea8a7ef25,AIGVDBench/Real/Real.zip,videos/QWADVL4gMmc_42_19to522.mp4,27357551,27355681,dataset_cc_by_4_0_component_partial,not_downloaded
open_sora::QWADVL4gMmc_42_19to522,AIGVDBench,QWADVL4gMmc_42_19to522,aigvdbench:QWADVL4gMmc_42_19to522,validation,validation,1,Open-Sora,text_to_video,QWADVL4gMmc_42_19to522.mp4,3bb9b27ba2440739b95a064f6abfc55a393756da367b9ae6b1411a1bb3f71dfe,006088dfaabe004a0a1f61eea35f7378f76be51d2dd056f14511d6dea8a7ef25,AIGVDBench/OpenSource/T2V/Open-Sora.zip,videos/QWADVL4gMmc_42_19to522.mp4,50970,51908,dataset_cc_by_4_0_component_partial,not_downloaded
real::jcTn6MjNaZo_17_84to193,AIGVDBench,jcTn6MjNaZo_17_84to193,aigvdbench:jcTn6MjNaZo_17_84to193,validation,validation,0,,real_video,jcTn6MjNaZo_17_84to193.mp4,b3e90eed4f54e1cdd47448838b1f0e0c62e13ae4c18cd75130aa27cfebc18b5c,006d0f786885760353b42c6613a1c9e7c286e4898bc71467eb2154922fc75a9a,AIGVDBench/Real/Real.zip,videos/jcTn6MjNaZo_17_84to193.mp4,3006702,3006969,dataset_cc_by_4_0_component_partial,not_downloaded
open_sora::jcTn6MjNaZo_17_84to193,AIGVDBench,jcTn6MjNaZo_17_84to193,aigvdbench:jcTn6MjNaZo_17_84to193,validation,validation,1,Open-Sora,text_to_video,jcTn6MjNaZo_17_84to193.mp4,b3e90eed4f54e1cdd47448838b1f0e0c62e13ae4c18cd75130aa27cfebc18b5c,006d0f786885760353b42c6613a1c9e7c286e4898bc71467eb2154922fc75a9a,AIGVDBench/OpenSource/T2V/Open-Sora.zip,videos/jcTn6MjNaZo_17_84to193.mp4,68462,69159,dataset_cc_by_4_0_component_partial,not_downloaded
real::iVy63mmJg6k_34_0to204,AIGVDBench,iVy63mmJg6k_34_0to204,aigvdbench:iVy63mmJg6k_34_0to204,validation,validation,0,,real_video,iVy63mmJg6k_34_0to204.mp4,b0bb5f1b9a1401a3305599a2d1a40fe2e87ecbd5c66fccc6d78eff7cd79f1cb6,007fb308508ab9105fef991c542ae73cdd5c2009129a3dbf56fe35803bbccd89,AIGVDBench/Real/Real.zip,videos/iVy63mmJg6k_34_0to204.mp4,4688134,4688347,dataset_cc_by_4_0_component_partial,not_downloaded
open_sora::iVy63mmJg6k_34_0to204,AIGVDBench,iVy63mmJg6k_34_0to204,aigvdbench:iVy63mmJg6k_34_0to204,validation,validation,1,Open-Sora,text_to_video,iVy63mmJg6k_34_0to204.mp4,b0bb5f1b9a1401a3305599a2d1a40fe2e87ecbd5c66fccc6d78eff7cd79f1cb6,007fb308508ab9105fef991c542ae73cdd5c2009129a3dbf56fe35803bbccd89,AIGVDBench/OpenSource/T2V/Open-Sora.zip,videos/iVy63mmJg6k_34_0to204.mp4,67755,68557,dataset_cc_by_4_0_component_partial,not_downloaded
real::li-C4HnrDd8_3_33to786,AIGVDBench,li-C4HnrDd8_3_33to786,aigvdbench:li-C4HnrDd8_3_33to786,validation,validation,0,,real_video,li-C4HnrDd8_3_33to786.mp4,c02c53e58b370a848e857c89b6b4f247406283274d16e2601bcceedf5d11d74d,0097be1dd98035b7170a447b4fc9b14b2634a4748a89c2e582009676507cc098,AIGVDBench/Real/Real.zip,videos/li-C4HnrDd8_3_33to786.mp4,9570388,9572470,dataset_cc_by_4_0_component_partial,not_downloaded
open_sora::li-C4HnrDd8_3_33to786,AIGVDBench,li-C4HnrDd8_3_33to786,aigvdbench:li-C4HnrDd8_3_33to786,validation,validation,1,Open-Sora,text_to_video,li-C4HnrDd8_3_33to786.mp4,c02c53e58b370a848e857c89b6b4f247406283274d16e2601bcceedf5d11d74d,0097be1dd98035b7170a447b4fc9b14b2634a4748a89c2e582009676507cc098,AIGVDBench/OpenSource/T2V/Open-Sora.zip,videos/li-C4HnrDd8_3_33to786.mp4,49662,50477,dataset_cc_by_4_0_component_partial,not_downloaded
real::ohaFCAhuLVA_15_0to103,AIGVDBench,ohaFCAhuLVA_15_0to103,aigvdbench:ohaFCAhuLVA_15_0to103,validation,validation,0,,real_video,ohaFCAhuLVA_15_0to103.mp4,944fa186d3fa9565b48fc97d24047a72b3d1597a2f75730894ccb772a6672f26,009a4ab2a8361f20541dfde76ece1fa33aaffa9092f7f8ca39aa1d18b6f9a3ca,AIGVDBench/Real/Real.zip,videos/ohaFCAhuLVA_15_0to103.mp4,1746949,1747705,dataset_cc_by_4_0_component_partial,not_downloaded
open_sora::ohaFCAhuLVA_15_0to103,AIGVDBench,ohaFCAhuLVA_15_0to103,aigvdbench:ohaFCAhuLVA_15_0to103,validation,validation,1,Open-Sora,text_to_video,ohaFCAhuLVA_15_0to103.mp4,944fa186d3fa9565b48fc97d24047a72b3d1597a2f75730894ccb772a6672f26,009a4ab2a8361f20541dfde76ece1fa33aaffa9092f7f8ca39aa1d18b6f9a3ca,AIGVDBench/OpenSource/T2V/Open-Sora.zip,videos/ohaFCAhuLVA_15_0to103.mp4,51010,51893,dataset_cc_by_4_0_component_partial,not_downloaded
real::aZT4S-MFZa0_65_76to201,AIGVDBench,aZT4S-MFZa0_65_76to201,aigvdbench:aZT4S-MFZa0_65_76to201,validation,validation,0,,real_video,aZT4S-MFZa0_65_76to201.mp4,b839fced11374bc06ae349eeece52ff90d45bda139640ad17ad8b13a80daed76,009b37c9fde6c0cb0c70818cc23b6e52e2bfd57b791954f5c7799b5488f13d9f,AIGVDBench/Real/Real.zip,videos/aZT4S-MFZa0_65_76to201.mp4,1132084,1132934,dataset_cc_by_4_0_component_partial,not_downloaded
open_sora::aZT4S-MFZa0_65_76to201,AIGVDBench,aZT4S-MFZa0_65_76to201,aigvdbench:aZT4S-MFZa0_65_76to201,validation,validation,1,Open-Sora,text_to_video,aZT4S-MFZa0_65_76to201.mp4,b839fced11374bc06ae349eeece52ff90d45bda139640ad17ad8b13a80daed76,009b37c9fde6c0cb0c70818cc23b6e52e2bfd57b791954f5c7799b5488f13d9f,AIGVDBench/OpenSource/T2V/Open-Sora.zip,videos/aZT4S-MFZa0_65_76to201.mp4,46205,47029,dataset_cc_by_4_0_component_partial,not_downloaded
real::AY_q3oEBAmk_81_0to351,AIGVDBench,AY_q3oEBAmk_81_0to351,aigvdbench:AY_q3oEBAmk_81_0to351,validation,validation,0,,real_video,AY_q3oEBAmk_81_0to351.mp4,880edd2f18e952c7f4281e2388cbc0838207a02388a2681c52a3c4cbdd48b700,00a9fe972635d91577962dbaad0e506b3ada44e3966158eb3e7cd2d08b8d269f,AIGVDBench/Real/Real.zip,videos/AY_q3oEBAmk_81_0to351.mp4,9003835,9003812,dataset_cc_by_4_0_component_partial,not_downloaded
open_sora::AY_q3oEBAmk_81_0to351,AIGVDBench,AY_q3oEBAmk_81_0to351,aigvdbench:AY_q3oEBAmk_81_0to351,validation,validation,1,Open-Sora,text_to_video,AY_q3oEBAmk_81_0to351.mp4,880edd2f18e952c7f4281e2388cbc0838207a02388a2681c52a3c4cbdd48b700,00a9fe972635d91577962dbaad0e506b3ada44e3966158eb3e7cd2d08b8d269f,AIGVDBench/OpenSource/T2V/Open-Sora.zip,videos/AY_q3oEBAmk_81_0to351.mp4,66093,66929,dataset_cc_by_4_0_component_partial,not_downloaded
real::ppX46CIyFIo_0_0to1361,AIGVDBench,ppX46CIyFIo_0_0to1361,aigvdbench:ppX46CIyFIo_0_0to1361,validation,validation,0,,real_video,ppX46CIyFIo_0_0to1361.mp4,24894e42c612a1c5450b4ed44dd21cb254cf537a7c6381660d80d3ed175d7255,00ba0bbedad57e7f69171d75ad734855c5a07d08ced0e6f0983e6adce1481b73,AIGVDBench/Real/Real.zip,videos/ppX46CIyFIo_0_0to1361.mp4,13463976,13470075,dataset_cc_by_4_0_component_partial,not_downloaded
open_sora::ppX46CIyFIo_0_0to1361,AIGVDBench,ppX46CIyFIo_0_0to1361,aigvdbench:ppX46CIyFIo_0_0to1361,validation,validation,1,Open-Sora,text_to_video,ppX46CIyFIo_0_0to1361.mp4,24894e42c612a1c5450b4ed44dd21cb254cf537a7c6381660d80d3ed175d7255,00ba0bbedad57e7f69171d75ad734855c5a07d08ced0e6f0983e6adce1481b73,AIGVDBench/OpenSource/T2V/Open-Sora.zip,videos/ppX46CIyFIo_0_0to1361.mp4,45182,46060,dataset_cc_by_4_0_component_partial,not_downloaded
real::BGFbkM1OhYM_0_0to203,AIGVDBench,BGFbkM1OhYM_0_0to203,aigvdbench:BGFbkM1OhYM_0_0to203,validation,validation,0,,real_video,BGFbkM1OhYM_0_0to203.mp4,103c5c604c42af2ed793828efbb64d912977369b3da468959c8fa7f002e8239f,00c82eadc920d139256a97a932b0278597aaf08fbf6ad7adb66925584d348f29,AIGVDBench/Real/Real.zip,videos/BGFbkM1OhYM_0_0to203.mp4,3161973,3162742,dataset_cc_by_4_0_component_partial,not_downloaded
open_sora::BGFbkM1OhYM_0_0to203,AIGVDBench,BGFbkM1OhYM_0_0to203,aigvdbench:BGFbkM1OhYM_0_0to203,validation,validation,1,Open-Sora,text_to_video,BGFbkM1OhYM_0_0to203.mp4,103c5c604c42af2ed793828efbb64d912977369b3da468959c8fa7f002e8239f,00c82eadc920d139256a97a932b0278597aaf08fbf6ad7adb66925584d348f29,AIGVDBench/OpenSource/T2V/Open-Sora.zip,videos/BGFbkM1OhYM_0_0to203.mp4,71037,71742,dataset_cc_by_4_0_component_partial,not_downloaded
real::N1c_TCaQLxg_6_0to109,AIGVDBench,N1c_TCaQLxg_6_0to109,aigvdbench:N1c_TCaQLxg_6_0to109,validation,validation,0,,real_video,N1c_TCaQLxg_6_0to109.mp4,ab431d93b08ec152b2b859e3df7a0193564c7b2f55af0c4df98a3c2a1c64e6ef,00dfaf66205312fe36a0d5fee80e58ce1da87cab5ad53b05d22b9b7ef8d50498,AIGVDBench/Real/Real.zip,videos/N1c_TCaQLxg_6_0to109.mp4,1557628,1558194,dataset_cc_by_4_0_component_partial,not_downloaded
open_sora::N1c_TCaQLxg_6_0to109,AIGVDBench,N1c_TCaQLxg_6_0to109,aigvdbench:N1c_TCaQLxg_6_0to109,validation,validation,1,Open-Sora,text_to_video,N1c_TCaQLxg_6_0to109.mp4,ab431d93b08ec152b2b859e3df7a0193564c7b2f55af0c4df98a3c2a1c64e6ef,00dfaf66205312fe36a0d5fee80e58ce1da87cab5ad53b05d22b9b7ef8d50498,AIGVDBench/OpenSource/T2V/Open-Sora.zip,videos/N1c_TCaQLxg_6_0to109.mp4,42167,42985,dataset_cc_by_4_0_component_partial,not_downloaded
real::ugtzreD-1IM_1_0to145,AIGVDBench,ugtzreD-1IM_1_0to145,aigvdbench:ugtzreD-1IM_1_0to145,validation,validation,0,,real_video,ugtzreD-1IM_1_0to145.mp4,49ca01a2263b07f50e86450f51bf1bd41ba1004b3393a46aac0aec8c14e4b730,012335baa1122b0dd9e6304566a512dd06395220cda202759ee185a1a9d9074f,AIGVDBench/Real/Real.zip,videos/ugtzreD-1IM_1_0to145.mp4,1832348,1833706,dataset_cc_by_4_0_component_partial,not_downloaded
open_sora::ugtzreD-1IM_1_0to145,AIGVDBench,ugtzreD-1IM_1_0to145,aigvdbench:ugtzreD-1IM_1_0to145,validation,validation,1,Open-Sora,text_to_video,ugtzreD-1IM_1_0to145.mp4,49ca01a2263b07f50e86450f51bf1bd41ba1004b3393a46aac0aec8c14e4b730,012335baa1122b0dd9e6304566a512dd06395220cda202759ee185a1a9d9074f,AIGVDBench/OpenSource/T2V/Open-Sora.zip,videos/ugtzreD-1IM_1_0to145.mp4,60460,61277,dataset_cc_by_4_0_component_partial,not_downloaded
real::E2hKTXomDh4_0_399to700,AIGVDBench,E2hKTXomDh4_0_399to700,aigvdbench:E2hKTXomDh4_0_399to700,validation,validation,0,,real_video,E2hKTXomDh4_0_399to700.mp4,2242d992eb5fb6a1a7cee591e84f504c7d9d9082fe571f33d7073e82fce6bb9e,01319fcd57ad1ccd093cb6c3398e44936dc1c00c51598a4d55c730e62f04f5fb,AIGVDBench/Real/Real.zip,videos/E2hKTXomDh4_0_399to700.mp4,1989154,1991063,dataset_cc_by_4_0_component_partial,not_downloaded
open_sora::E2hKTXomDh4_0_399to700,AIGVDBench,E2hKTXomDh4_0_399to700,aigvdbench:E2hKTXomDh4_0_399to700,validation,validation,1,Open-Sora,text_to_video,E2hKTXomDh4_0_399to700.mp4,2242d992eb5fb6a1a7cee591e84f504c7d9d9082fe571f33d7073e82fce6bb9e,01319fcd57ad1ccd093cb6c3398e44936dc1c00c51598a4d55c730e62f04f5fb,AIGVDBench/OpenSource/T2V/Open-Sora.zip,videos/E2hKTXomDh4_0_399to700.mp4,41851,42709,dataset_cc_by_4_0_component_partial,not_downloaded
real::1SSQSjs63nc_15_0to544,AIGVDBench,1SSQSjs63nc_15_0to544,aigvdbench:1SSQSjs63nc_15_0to544,validation,validation,0,,real_video,1SSQSjs63nc_15_0to544.mp4,fb2415ebcae958794abdb23f019413ba759b71308f1936f04c65a4918fe98d37,0154be84b291fd0a475a1800e066adbdf043cc5e3cb841d956037af3cdade5a8,AIGVDBench/Real/Real.zip,videos/1SSQSjs63nc_15_0to544.mp4,14376315,14376563,dataset_cc_by_4_0_component_partial,not_downloaded
open_sora::1SSQSjs63nc_15_0to544,AIGVDBench,1SSQSjs63nc_15_0to544,aigvdbench:1SSQSjs63nc_15_0to544,validation,validation,1,Open-Sora,text_to_video,1SSQSjs63nc_15_0to544.mp4,fb2415ebcae958794abdb23f019413ba759b71308f1936f04c65a4918fe98d37,0154be84b291fd0a475a1800e066adbdf043cc5e3cb841d956037af3cdade5a8,AIGVDBench/OpenSource/T2V/Open-Sora.zip,videos/1SSQSjs63nc_15_0to544.mp4,40180,41045,dataset_cc_by_4_0_component_partial,not_downloaded
real::L9mAGopy98w_47_0to107,AIGVDBench,L9mAGopy98w_47_0to107,aigvdbench:L9mAGopy98w_47_0to107,validation,validation,0,,real_video,L9mAGopy98w_47_0to107.mp4,ca3d8e8fe97fcb73c0237244f316760b27271df658626426b005d502fbe2b981,0159148824cdefd3553163a993b3b86e5a63b0be145485948a96c089f9ce6fed,AIGVDBench/Real/Real.zip,videos/L9mAGopy98w_47_0to107.mp4,2687937,2688474,dataset_cc_by_4_0_component_partial,not_downloaded
open_sora::L9mAGopy98w_47_0to107,AIGVDBench,L9mAGopy98w_47_0to107,aigvdbench:L9mAGopy98w_47_0to107,validation,validation,1,Open-Sora,text_to_video,L9mAGopy98w_47_0to107.mp4,ca3d8e8fe97fcb73c0237244f316760b27271df658626426b005d502fbe2b981,0159148824cdefd3553163a993b3b86e5a63b0be145485948a96c089f9ce6fed,AIGVDBench/OpenSource/T2V/Open-Sora.zip,videos/L9mAGopy98w_47_0to107.mp4,58863,59607,dataset_cc_by_4_0_component_partial,not_downloaded
real::Jkat1U9SVgI_8_0to136,AIGVDBench,Jkat1U9SVgI_8_0to136,aigvdbench:Jkat1U9SVgI_8_0to136,validation,validation,0,,real_video,Jkat1U9SVgI_8_0to136.mp4,fdd7e76087c35e78d403ca4494e18158079924a698fc358ac84bc029018f1519,017231ffb62423dc2c1bbc639e130374b56016c20985711ee5bbbe185751f4b8,AIGVDBench/Real/Real.zip,videos/Jkat1U9SVgI_8_0to136.mp4,1968423,1968907,dataset_cc_by_4_0_component_partial,not_downloaded
open_sora::Jkat1U9SVgI_8_0to136,AIGVDBench,Jkat1U9SVgI_8_0to136,aigvdbench:Jkat1U9SVgI_8_0to136,validation,validation,1,Open-Sora,text_to_video,Jkat1U9SVgI_8_0to136.mp4,fdd7e76087c35e78d403ca4494e18158079924a698fc358ac84bc029018f1519,017231ffb62423dc2c1bbc639e130374b56016c20985711ee5bbbe185751f4b8,AIGVDBench/OpenSource/T2V/Open-Sora.zip,videos/Jkat1U9SVgI_8_0to136.mp4,34778,35686,dataset_cc_by_4_0_component_partial,not_downloaded
real::mKmpT3EWyfQ_4_18to209,AIGVDBench,mKmpT3EWyfQ_4_18to209,aigvdbench:mKmpT3EWyfQ_4_18to209,validation,validation,0,,real_video,mKmpT3EWyfQ_4_18to209.mp4,ba67fde41354be4bf365adba9bdb8b4f06c56ef6424529ee5dc1cd30317a6d6e,018336b49ca478d25357164532df15efe88d0926a86f238e703183ac2bfbe53d,AIGVDBench/Real/Real.zip,videos/mKmpT3EWyfQ_4_18to209.mp4,2938146,2938540,dataset_cc_by_4_0_component_partial,not_downloaded
open_sora::mKmpT3EWyfQ_4_18to209,AIGVDBench,mKmpT3EWyfQ_4_18to209,aigvdbench:mKmpT3EWyfQ_4_18to209,validation,validation,1,Open-Sora,text_to_video,mKmpT3EWyfQ_4_18to209.mp4,ba67fde41354be4bf365adba9bdb8b4f06c56ef6424529ee5dc1cd30317a6d6e,018336b49ca478d25357164532df15efe88d0926a86f238e703183ac2bfbe53d,AIGVDBench/OpenSource/T2V/Open-Sora.zip,videos/mKmpT3EWyfQ_4_18to209.mp4,39616,40502,dataset_cc_by_4_0_component_partial,not_downloaded
real::mnnNb1juvNE_35_17to137,AIGVDBench,mnnNb1juvNE_35_17to137,aigvdbench:mnnNb1juvNE_35_17to137,validation,validation,0,,real_video,mnnNb1juvNE_35_17to137.mp4,821e019f203b71121d7229eca0a95a13a5994847b16315150ca7329859cdf594,019d92f07c07f98211c093c341ba529a404ca0b943d0b27b8c4da7165d8457ff,AIGVDBench/Real/Real.zip,videos/mnnNb1juvNE_35_17to137.mp4,1009180,1010192,dataset_cc_by_4_0_component_partial,not_downloaded
open_sora::mnnNb1juvNE_35_17to137,AIGVDBench,mnnNb1juvNE_35_17to137,aigvdbench:mnnNb1juvNE_35_17to137,validation,validation,1,Open-Sora,text_to_video,mnnNb1juvNE_35_17to137.mp4,821e019f203b71121d7229eca0a95a13a5994847b16315150ca7329859cdf594,019d92f07c07f98211c093c341ba529a404ca0b943d0b27b8c4da7165d8457ff,AIGVDBench/OpenSource/T2V/Open-Sora.zip,videos/mnnNb1juvNE_35_17to137.mp4,50082,50908,dataset_cc_by_4_0_component_partial,not_downloaded
real::-ZiVqyuKho4_35_82to191,AIGVDBench,-ZiVqyuKho4_35_82to191,aigvdbench:-ZiVqyuKho4_35_82to191,validation,validation,0,,real_video,-ZiVqyuKho4_35_82to191.mp4,8c75b7d40cf32e9cd1bf1b2e4ca7179aa6be1e6383a94af1b88f1d5584f4a9b7,01a7357f449b0e3303550d390fde8b0abf138b8378738798beb6e4507ab7fae7,AIGVDBench/Real/Real.zip,videos/-ZiVqyuKho4_35_82to191.mp4,1215668,1216229,dataset_cc_by_4_0_component_partial,not_downloaded
open_sora::-ZiVqyuKho4_35_82to191,AIGVDBench,-ZiVqyuKho4_35_82to191,aigvdbench:-ZiVqyuKho4_35_82to191,validation,validation,1,Open-Sora,text_to_video,-ZiVqyuKho4_35_82to191.mp4,8c75b7d40cf32e9cd1bf1b2e4ca7179aa6be1e6383a94af1b88f1d5584f4a9b7,01a7357f449b0e3303550d390fde8b0abf138b8378738798beb6e4507ab7fae7,AIGVDBench/OpenSource/T2V/Open-Sora.zip,videos/-ZiVqyuKho4_35_82to191.mp4,40948,41887,dataset_cc_by_4_0_component_partial,not_downloaded
real::aHBE4qEloKA_0_0to145,AIGVDBench,aHBE4qEloKA_0_0to145,aigvdbench:aHBE4qEloKA_0_0to145,validation,validation,0,,real_video,aHBE4qEloKA_0_0to145.mp4,2053b33f0a490443ae4e0bd5932cbd6e9b6a5265692f1198ba7aafb0935e2bb5,01cfc9c37d5ae892f04dcbd27ffdd682380312dd4db5e2326b197e47323101a6,AIGVDBench/Real/Real.zip,videos/aHBE4qEloKA_0_0to145.mp4,5518793,5518647,dataset_cc_by_4_0_component_partial,not_downloaded
open_sora::aHBE4qEloKA_0_0to145,AIGVDBench,aHBE4qEloKA_0_0to145,aigvdbench:aHBE4qEloKA_0_0to145,validation,validation,1,Open-Sora,text_to_video,aHBE4qEloKA_0_0to145.mp4,2053b33f0a490443ae4e0bd5932cbd6e9b6a5265692f1198ba7aafb0935e2bb5,01cfc9c37d5ae892f04dcbd27ffdd682380312dd4db5e2326b197e47323101a6,AIGVDBench/OpenSource/T2V/Open-Sora.zip,videos/aHBE4qEloKA_0_0to145.mp4,42139,43021,dataset_cc_by_4_0_component_partial,not_downloaded
real::IkuW-IIDEQA_5_19to120,AIGVDBench,IkuW-IIDEQA_5_19to120,aigvdbench:IkuW-IIDEQA_5_19to120,validation,validation,0,,real_video,IkuW-IIDEQA_5_19to120.mp4,45e188801f273681564f00db167b44cea8d13b54c745b3a247c74b59c13e9afd,01f3241103048a62f804057e70f196984b9790931626da2d08c3c3a2c3e2622f,AIGVDBench/Real/Real.zip,videos/IkuW-IIDEQA_5_19to120.mp4,1210383,1211046,dataset_cc_by_4_0_component_partial,not_downloaded
open_sora::IkuW-IIDEQA_5_19to120,AIGVDBench,IkuW-IIDEQA_5_19to120,aigvdbench:IkuW-IIDEQA_5_19to120,validation,validation,1,Open-Sora,text_to_video,IkuW-IIDEQA_5_19to120.mp4,45e188801f273681564f00db167b44cea8d13b54c745b3a247c74b59c13e9afd,01f3241103048a62f804057e70f196984b9790931626da2d08c3c3a2c3e2622f,AIGVDBench/OpenSource/T2V/Open-Sora.zip,videos/IkuW-IIDEQA_5_19to120.mp4,53999,54739,dataset_cc_by_4_0_component_partial,not_downloaded
real::7Jxn9zE_vws_29_72to206,AIGVDBench,7Jxn9zE_vws_29_72to206,aigvdbench:7Jxn9zE_vws_29_72to206,validation,validation,0,,real_video,7Jxn9zE_vws_29_72to206.mp4,16299f66d73ce7b160ce1a7e7619b32f2fb64b7149368157396bf8aeb278f87d,020673620ea6180dc62faaa40033a1fcbfcd226314bb0b345a15ae0b54d97994,AIGVDBench/Real/Real.zip,videos/7Jxn9zE_vws_29_72to206.mp4,947635,948765,dataset_cc_by_4_0_component_partial,not_downloaded
open_sora::7Jxn9zE_vws_29_72to206,AIGVDBench,7Jxn9zE_vws_29_72to206,aigvdbench:7Jxn9zE_vws_29_72to206,validation,validation,1,Open-Sora,text_to_video,7Jxn9zE_vws_29_72to206.mp4,16299f66d73ce7b160ce1a7e7619b32f2fb64b7149368157396bf8aeb278f87d,020673620ea6180dc62faaa40033a1fcbfcd226314bb0b345a15ae0b54d97994,AIGVDBench/OpenSource/T2V/Open-Sora.zip,videos/7Jxn9zE_vws_29_72to206.mp4,60867,61651,dataset_cc_by_4_0_component_partial,not_downloaded
real::-e0EO_DH2-I_26_0to970,AIGVDBench,-e0EO_DH2-I_26_0to970,aigvdbench:-e0EO_DH2-I_26_0to970,validation,validation,0,,real_video,-e0EO_DH2-I_26_0to970.mp4,c76adc2fb001591b9a197ddae5aff505dcf65332290d0cf70918203940925ccf,0206cc7b23f25a2645d10170d99ded79f79d14efcc33a749d676a03710954144,AIGVDBench/Real/Real.zip,videos/-e0EO_DH2-I_26_0to970.mp4,13155102,13157168,dataset_cc_by_4_0_component_partial,not_downloaded
open_sora::-e0EO_DH2-I_26_0to970,AIGVDBench,-e0EO_DH2-I_26_0to970,aigvdbench:-e0EO_DH2-I_26_0to970,validation,validation,1,Open-Sora,text_to_video,-e0EO_DH2-I_26_0to970.mp4,c76adc2fb001591b9a197ddae5aff505dcf65332290d0cf70918203940925ccf,0206cc7b23f25a2645d10170d99ded79f79d14efcc33a749d676a03710954144,AIGVDBench/OpenSource/T2V/Open-Sora.zip,videos/-e0EO_DH2-I_26_0to970.mp4,69092,69744,dataset_cc_by_4_0_component_partial,not_downloaded
real::SU-_43BQ_j0_51_0to104,AIGVDBench,SU-_43BQ_j0_51_0to104,aigvdbench:SU-_43BQ_j0_51_0to104,validation,validation,0,,real_video,SU-_43BQ_j0_51_0to104.mp4,6d8978df213cbe5f5f5ce6e0d0ed1e5a81c91c9a646295e089cafacb04477350,022060f8b1531910e8e00f71484a78970ae912e1247d7ad1a67110a34594271c,AIGVDBench/Real/Real.zip,videos/SU-_43BQ_j0_51_0to104.mp4,1213470,1214271,dataset_cc_by_4_0_component_partial,not_downloaded
open_sora::SU-_43BQ_j0_51_0to104,AIGVDBench,SU-_43BQ_j0_51_0to104,aigvdbench:SU-_43BQ_j0_51_0to104,validation,validation,1,Open-Sora,text_to_video,SU-_43BQ_j0_51_0to104.mp4,6d8978df213cbe5f5f5ce6e0d0ed1e5a81c91c9a646295e089cafacb04477350,022060f8b1531910e8e00f71484a78970ae912e1247d7ad1a67110a34594271c,AIGVDBench/OpenSource/T2V/Open-Sora.zip,videos/SU-_43BQ_j0_51_0to104.mp4,40778,41591,dataset_cc_by_4_0_component_partial,not_downloaded
real::7jhWomQnMtg_4_0to351,AIGVDBench,7jhWomQnMtg_4_0to351,aigvdbench:7jhWomQnMtg_4_0to351,validation,validation,0,,real_video,7jhWomQnMtg_4_0to351.mp4,cbc65b5a566173593618566ff4fa63e1b73defb85a192d96a8c57e3ce964be47,022760d54492cc9249fe55cd049a180633405cdb8a2792225129595b0034cd7d,AIGVDBench/Real/Real.zip,videos/7jhWomQnMtg_4_0to351.mp4,5037724,5038235,dataset_cc_by_4_0_component_partial,not_downloaded
open_sora::7jhWomQnMtg_4_0to351,AIGVDBench,7jhWomQnMtg_4_0to351,aigvdbench:7jhWomQnMtg_4_0to351,validation,validation,1,Open-Sora,text_to_video,7jhWomQnMtg_4_0to351.mp4,cbc65b5a566173593618566ff4fa63e1b73defb85a192d96a8c57e3ce964be47,022760d54492cc9249fe55cd049a180633405cdb8a2792225129595b0034cd7d,AIGVDBench/OpenSource/T2V/Open-Sora.zip,videos/7jhWomQnMtg_4_0to351.mp4,38038,38867,dataset_cc_by_4_0_component_partial,not_downloaded
real::-oVhV6SBYIo_12_0to281,AIGVDBench,-oVhV6SBYIo_12_0to281,aigvdbench:-oVhV6SBYIo_12_0to281,validation,validation,0,,real_video,-oVhV6SBYIo_12_0to281.mp4,d740149678ca35d4d15fddf0d0595c06267b0c3148867345e7aa1b9ba0cb72b4,02424fbdd248d4c5c5e0517f2f6d2fc05a14a69c55e5abad03301bbdd5d5962b,AIGVDBench/Real/Real.zip,videos/-oVhV6SBYIo_12_0to281.mp4,8050874,8051001,dataset_cc_by_4_0_component_partial,not_downloaded
open_sora::-oVhV6SBYIo_12_0to281,AIGVDBench,-oVhV6SBYIo_12_0to281,aigvdbench:-oVhV6SBYIo_12_0to281,validation,validation,1,Open-Sora,text_to_video,-oVhV6SBYIo_12_0to281.mp4,d740149678ca35d4d15fddf0d0595c06267b0c3148867345e7aa1b9ba0cb72b4,02424fbdd248d4c5c5e0517f2f6d2fc05a14a69c55e5abad03301bbdd5d5962b,AIGVDBench/OpenSource/T2V/Open-Sora.zip,videos/-oVhV6SBYIo_12_0to281.mp4,54279,55116,dataset_cc_by_4_0_component_partial,not_downloaded
real::JJO7hDTOMuA_24_25to327,AIGVDBench,JJO7hDTOMuA_24_25to327,aigvdbench:JJO7hDTOMuA_24_25to327,validation,validation,0,,real_video,JJO7hDTOMuA_24_25to327.mp4,285a147c66a261b597922be2d01c48343ee396049a896abb3f3be7d683fbe1ab,024778f6f3ecb17480e2918e5c9cc6433593304c14ae2c52bf373c264e525fa3,AIGVDBench/Real/Real.zip,videos/JJO7hDTOMuA_24_25to327.mp4,6338251,6339450,dataset_cc_by_4_0_component_partial,not_downloaded
open_sora::JJO7hDTOMuA_24_25to327,AIGVDBench,JJO7hDTOMuA_24_25to327,aigvdbench:JJO7hDTOMuA_24_25to327,validation,validation,1,Open-Sora,text_to_video,JJO7hDTOMuA_24_25to327.mp4,285a147c66a261b597922be2d01c48343ee396049a896abb3f3be7d683fbe1ab,024778f6f3ecb17480e2918e5c9cc6433593304c14ae2c52bf373c264e525fa3,AIGVDBench/OpenSource/T2V/Open-Sora.zip,videos/JJO7hDTOMuA_24_25to327.mp4,118740,119426,dataset_cc_by_4_0_component_partial,not_downloaded
real::XVk9WzRkXt4_128_0to143,AIGVDBench,XVk9WzRkXt4_128_0to143,aigvdbench:XVk9WzRkXt4_128_0to143,validation,validation,0,,real_video,XVk9WzRkXt4_128_0to143.mp4,9c01fa25a09b9716759f2a18e24da3bd5bca603458755a16357b806450e972a7,02c18d7ac9a7d3029cf25bdc898fc087c69817a81d178f027db47211f788db84,AIGVDBench/Real/Real.zip,videos/XVk9WzRkXt4_128_0to143.mp4,2226576,2227269,dataset_cc_by_4_0_component_partial,not_downloaded
open_sora::XVk9WzRkXt4_128_0to143,AIGVDBench,XVk9WzRkXt4_128_0to143,aigvdbench:XVk9WzRkXt4_128_0to143,validation,validation,1,Open-Sora,text_to_video,XVk9WzRkXt4_128_0to143.mp4,9c01fa25a09b9716759f2a18e24da3bd5bca603458755a16357b806450e972a7,02c18d7ac9a7d3029cf25bdc898fc087c69817a81d178f027db47211f788db84,AIGVDBench/OpenSource/T2V/Open-Sora.zip,videos/XVk9WzRkXt4_128_0to143.mp4,44398,45239,dataset_cc_by_4_0_component_partial,not_downloaded
real::2pNlzfZMa7c_13_0to125,AIGVDBench,2pNlzfZMa7c_13_0to125,aigvdbench:2pNlzfZMa7c_13_0to125,validation,validation,0,,real_video,2pNlzfZMa7c_13_0to125.mp4,4f28318609bd290fe152aecca9bd508b03d8c2d0c7782621e552499171f9bdf3,02e2162b27a2badce5453f440c18a828fdd7790f0feead19cd73eee3f26a3c17,AIGVDBench/Real/Real.zip,videos/2pNlzfZMa7c_13_0to125.mp4,3106630,3107277,dataset_cc_by_4_0_component_partial,not_downloaded
open_sora::2pNlzfZMa7c_13_0to125,AIGVDBench,2pNlzfZMa7c_13_0to125,aigvdbench:2pNlzfZMa7c_13_0to125,validation,validation,1,Open-Sora,text_to_video,2pNlzfZMa7c_13_0to125.mp4,4f28318609bd290fe152aecca9bd508b03d8c2d0c7782621e552499171f9bdf3,02e2162b27a2badce5453f440c18a828fdd7790f0feead19cd73eee3f26a3c17,AIGVDBench/OpenSource/T2V/Open-Sora.zip,videos/2pNlzfZMa7c_13_0to125.mp4,63193,63927,dataset_cc_by_4_0_component_partial,not_downloaded
real::afU-z38uncg_34_70to454,AIGVDBench,afU-z38uncg_34_70to454,aigvdbench:afU-z38uncg_34_70to454,validation,validation,0,,real_video,afU-z38uncg_34_70to454.mp4,a0832b09ecddd0744d249907db5022f26135f52b9c5a436daec29dcc27711566,02eaa4e84cfc8617bbe717b6d36c00592091c2452d7d3c562ce024682b016b63,AIGVDBench/Real/Real.zip,videos/afU-z38uncg_34_70to454.mp4,7550772,7551450,dataset_cc_by_4_0_component_partial,not_downloaded
open_sora::afU-z38uncg_34_70to454,AIGVDBench,afU-z38uncg_34_70to454,aigvdbench:afU-z38uncg_34_70to454,validation,validation,1,Open-Sora,text_to_video,afU-z38uncg_34_70to454.mp4,a0832b09ecddd0744d249907db5022f26135f52b9c5a436daec29dcc27711566,02eaa4e84cfc8617bbe717b6d36c00592091c2452d7d3c562ce024682b016b63,AIGVDBench/OpenSource/T2V/Open-Sora.zip,videos/afU-z38uncg_34_70to454.mp4,54118,54972,dataset_cc_by_4_0_component_partial,not_downloaded
real::znnNhu2TML8_11_0to138,AIGVDBench,znnNhu2TML8_11_0to138,aigvdbench:znnNhu2TML8_11_0to138,validation,validation,0,,real_video,znnNhu2TML8_11_0to138.mp4,c7817c1dea3fcfdc8f15e816c5facc3cfc558d4ddf0e3423f8c581a3a0b97735,02f18dabed44e8e3b3a3482d239d19c1ed471bd17e09049cef8bb6e0577b5167,AIGVDBench/Real/Real.zip,videos/znnNhu2TML8_11_0to138.mp4,3543063,3543761,dataset_cc_by_4_0_component_partial,not_downloaded
open_sora::znnNhu2TML8_11_0to138,AIGVDBench,znnNhu2TML8_11_0to138,aigvdbench:znnNhu2TML8_11_0to138,validation,validation,1,Open-Sora,text_to_video,znnNhu2TML8_11_0to138.mp4,c7817c1dea3fcfdc8f15e816c5facc3cfc558d4ddf0e3423f8c581a3a0b97735,02f18dabed44e8e3b3a3482d239d19c1ed471bd17e09049cef8bb6e0577b5167,AIGVDBench/OpenSource/T2V/Open-Sora.zip,videos/znnNhu2TML8_11_0to138.mp4,50362,51201,dataset_cc_by_4_0_component_partial,not_downloaded
real::Ix1_r5EJVvU_32_0to106,AIGVDBench,Ix1_r5EJVvU_32_0to106,aigvdbench:Ix1_r5EJVvU_32_0to106,validation,validation,0,,real_video,Ix1_r5EJVvU_32_0to106.mp4,bef12c1a54427ae9c31c541e8bc0999b8887583d8886b023d806b5d2ad49ce4a,02f39781b6ae4ace0182a338fa50d6021913e77eeeb304c27b8f78fc87166a0e,AIGVDBench/Real/Real.zip,videos/Ix1_r5EJVvU_32_0to106.mp4,1844623,1845503,dataset_cc_by_4_0_component_partial,not_downloaded
open_sora::Ix1_r5EJVvU_32_0to106,AIGVDBench,Ix1_r5EJVvU_32_0to106,aigvdbench:Ix1_r5EJVvU_32_0to106,validation,validation,1,Open-Sora,text_to_video,Ix1_r5EJVvU_32_0to106.mp4,bef12c1a54427ae9c31c541e8bc0999b8887583d8886b023d806b5d2ad49ce4a,02f39781b6ae4ace0182a338fa50d6021913e77eeeb304c27b8f78fc87166a0e,AIGVDBench/OpenSource/T2V/Open-Sora.zip,videos/Ix1_r5EJVvU_32_0to106.mp4,49904,50797,dataset_cc_by_4_0_component_partial,not_downloaded
real::jhCgED824_4_3_0to149,AIGVDBench,jhCgED824_4_3_0to149,aigvdbench:jhCgED824_4_3_0to149,validation,validation,0,,real_video,jhCgED824_4_3_0to149.mp4,96185e9e1b9c2b872285e5a0d9b11c37ac9e1d16edb2cefd3f3721ae18b5bb03,02f778ff33699d66a5b010ae1aa28fab988c0f1abfc713d1c1b31f8524769858,AIGVDBench/Real/Real.zip,videos/jhCgED824_4_3_0to149.mp4,3734031,3734218,dataset_cc_by_4_0_component_partial,not_downloaded
open_sora::jhCgED824_4_3_0to149,AIGVDBench,jhCgED824_4_3_0to149,aigvdbench:jhCgED824_4_3_0to149,validation,validation,1,Open-Sora,text_to_video,jhCgED824_4_3_0to149.mp4,96185e9e1b9c2b872285e5a0d9b11c37ac9e1d16edb2cefd3f3721ae18b5bb03,02f778ff33699d66a5b010ae1aa28fab988c0f1abfc713d1c1b31f8524769858,AIGVDBench/OpenSource/T2V/Open-Sora.zip,videos/jhCgED824_4_3_0to149.mp4,32476,33372,dataset_cc_by_4_0_component_partial,not_downloaded
real::E64yyBaW2qo_12_0to138,AIGVDBench,E64yyBaW2qo_12_0to138,aigvdbench:E64yyBaW2qo_12_0to138,validation,validation,0,,real_video,E64yyBaW2qo_12_0to138.mp4,98e605b9e3fe3a911232a390f35aae66b61cec991ff90f2cdcffac69af2db6d5,02fc3aadb643ad204971cfa99d03fe591ffb4f6b1a2a2a0932769419fe1bd7dd,AIGVDBench/Real/Real.zip,videos/E64yyBaW2qo_12_0to138.mp4,2948191,2948580,dataset_cc_by_4_0_component_partial,not_downloaded
open_sora::E64yyBaW2qo_12_0to138,AIGVDBench,E64yyBaW2qo_12_0to138,aigvdbench:E64yyBaW2qo_12_0to138,validation,validation,1,Open-Sora,text_to_video,E64yyBaW2qo_12_0to138.mp4,98e605b9e3fe3a911232a390f35aae66b61cec991ff90f2cdcffac69af2db6d5,02fc3aadb643ad204971cfa99d03fe591ffb4f6b1a2a2a0932769419fe1bd7dd,AIGVDBench/OpenSource/T2V/Open-Sora.zip,videos/E64yyBaW2qo_12_0to138.mp4,43246,44050,dataset_cc_by_4_0_component_partial,not_downloaded
real::JHtCHWvYl94_105_0to134,AIGVDBench,JHtCHWvYl94_105_0to134,aigvdbench:JHtCHWvYl94_105_0to134,validation,validation,0,,real_video,JHtCHWvYl94_105_0to134.mp4,7a2fbaf7c10670a079832bd0bf3f134807fd2a0673ccd20f2b72443f3753f1c8,02fc8ad841d9eb03816972484512e20e3465fd84079c13f3368905ab9d8b90de,AIGVDBench/Real/Real.zip,videos/JHtCHWvYl94_105_0to134.mp4,3896363,3896806,dataset_cc_by_4_0_component_partial,not_downloaded
open_sora::JHtCHWvYl94_105_0to134,AIGVDBench,JHtCHWvYl94_105_0to134,aigvdbench:JHtCHWvYl94_105_0to134,validation,validation,1,Open-Sora,text_to_video,JHtCHWvYl94_105_0to134.mp4,7a2fbaf7c10670a079832bd0bf3f134807fd2a0673ccd20f2b72443f3753f1c8,02fc8ad841d9eb03816972484512e20e3465fd84079c13f3368905ab9d8b90de,AIGVDBench/OpenSource/T2V/Open-Sora.zip,videos/JHtCHWvYl94_105_0to134.mp4,57749,58475,dataset_cc_by_4_0_component_partial,not_downloaded
real::LYebkjEdBY0_30_91to218,AIGVDBench,LYebkjEdBY0_30_91to218,aigvdbench:LYebkjEdBY0_30_91to218,validation,validation,0,,real_video,LYebkjEdBY0_30_91to218.mp4,0b9d2a7d4bef37730fbd5c4024a558b02e658f186c14b0b8702141ecf2a87b0c,030875f22f8e8298c244703d9c99cc162be32a3e17943edd6f1bef6c840217b9,AIGVDBench/Real/Real.zip,videos/LYebkjEdBY0_30_91to218.mp4,915427,916198,dataset_cc_by_4_0_component_partial,not_downloaded
open_sora::LYebkjEdBY0_30_91to218,AIGVDBench,LYebkjEdBY0_30_91to218,aigvdbench:LYebkjEdBY0_30_91to218,validation,validation,1,Open-Sora,text_to_video,LYebkjEdBY0_30_91to218.mp4,0b9d2a7d4bef37730fbd5c4024a558b02e658f186c14b0b8702141ecf2a87b0c,030875f22f8e8298c244703d9c99cc162be32a3e17943edd6f1bef6c840217b9,AIGVDBench/OpenSource/T2V/Open-Sora.zip,videos/LYebkjEdBY0_30_91to218.mp4,53043,53873,dataset_cc_by_4_0_component_partial,not_downloaded
real::tT4O_Q2JA7I_51_65to207,AIGVDBench,tT4O_Q2JA7I_51_65to207,aigvdbench:tT4O_Q2JA7I_51_65to207,validation,validation,0,,real_video,tT4O_Q2JA7I_51_65to207.mp4,b25f44be10f15aff891784ffb2fa19b341b7aed58943044e07e106dd1dcb6f22,032104c81cc31e1fe5a5714212fef08568c623eb1d349254be8dec17db2f99c5,AIGVDBench/Real/Real.zip,videos/tT4O_Q2JA7I_51_65to207.mp4,2253921,2254288,dataset_cc_by_4_0_component_partial,not_downloaded
open_sora::tT4O_Q2JA7I_51_65to207,AIGVDBench,tT4O_Q2JA7I_51_65to207,aigvdbench:tT4O_Q2JA7I_51_65to207,validation,validation,1,Open-Sora,text_to_video,tT4O_Q2JA7I_51_65to207.mp4,b25f44be10f15aff891784ffb2fa19b341b7aed58943044e07e106dd1dcb6f22,032104c81cc31e1fe5a5714212fef08568c623eb1d349254be8dec17db2f99c5,AIGVDBench/OpenSource/T2V/Open-Sora.zip,videos/tT4O_Q2JA7I_51_65to207.mp4,39092,39973,dataset_cc_by_4_0_component_partial,not_downloaded
real::hf9BFm-I_sQ_405_0to132,AIGVDBench,hf9BFm-I_sQ_405_0to132,aigvdbench:hf9BFm-I_sQ_405_0to132,validation,validation,0,,real_video,hf9BFm-I_sQ_405_0to132.mp4,9951408507fe86174bf73b6b915f1422d487cf8843d6a3fdccc4c119bbc097f2,035cdc5de593380dc70f22634dd93a0e0482e7287e5ce19620640d87563f4a7c,AIGVDBench/Real/Real.zip,videos/hf9BFm-I_sQ_405_0to132.mp4,2210340,2210733,dataset_cc_by_4_0_component_partial,not_downloaded
open_sora::hf9BFm-I_sQ_405_0to132,AIGVDBench,hf9BFm-I_sQ_405_0to132,aigvdbench:hf9BFm-I_sQ_405_0to132,validation,validation,1,Open-Sora,text_to_video,hf9BFm-I_sQ_405_0to132.mp4,9951408507fe86174bf73b6b915f1422d487cf8843d6a3fdccc4c119bbc097f2,035cdc5de593380dc70f22634dd93a0e0482e7287e5ce19620640d87563f4a7c,AIGVDBench/OpenSource/T2V/Open-Sora.zip,videos/hf9BFm-I_sQ_405_0to132.mp4,51487,52264,dataset_cc_by_4_0_component_partial,not_downloaded
real::tDvAlwzg1vY_24_51to321,AIGVDBench,tDvAlwzg1vY_24_51to321,aigvdbench:tDvAlwzg1vY_24_51to321,validation,validation,0,,real_video,tDvAlwzg1vY_24_51to321.mp4,c7b1a19b075c9ce9613d947f6891b90b358e898eeae71d1feb9d8006f6cdd7eb,036740492a0614e884df7dcb6429d739075c1fd05c0298142f99ab8259ee2127,AIGVDBench/Real/Real.zip,videos/tDvAlwzg1vY_24_51to321.mp4,6991322,6991394,dataset_cc_by_4_0_component_partial,not_downloaded
open_sora::tDvAlwzg1vY_24_51to321,AIGVDBench,tDvAlwzg1vY_24_51to321,aigvdbench:tDvAlwzg1vY_24_51to321,validation,validation,1,Open-Sora,text_to_video,tDvAlwzg1vY_24_51to321.mp4,c7b1a19b075c9ce9613d947f6891b90b358e898eeae71d1feb9d8006f6cdd7eb,036740492a0614e884df7dcb6429d739075c1fd05c0298142f99ab8259ee2127,AIGVDBench/OpenSource/T2V/Open-Sora.zip,videos/tDvAlwzg1vY_24_51to321.mp4,81280,82027,dataset_cc_by_4_0_component_partial,not_downloaded
real::0eXkBH0qzTY_21_0to380,AIGVDBench,0eXkBH0qzTY_21_0to380,aigvdbench:0eXkBH0qzTY_21_0to380,validation,validation,0,,real_video,0eXkBH0qzTY_21_0to380.mp4,ee89cd965ca8e1d28c87d572459262cec807aef63a51831319f38038890760c7,0380ffa3437469294afdbefca0928ae09cdec87ea29b72126a4a20dc12b47904,AIGVDBench/Real/Real.zip,videos/0eXkBH0qzTY_21_0to380.mp4,4844325,4845770,dataset_cc_by_4_0_component_partial,not_downloaded
open_sora::0eXkBH0qzTY_21_0to380,AIGVDBench,0eXkBH0qzTY_21_0to380,aigvdbench:0eXkBH0qzTY_21_0to380,validation,validation,1,Open-Sora,text_to_video,0eXkBH0qzTY_21_0to380.mp4,ee89cd965ca8e1d28c87d572459262cec807aef63a51831319f38038890760c7,0380ffa3437469294afdbefca0928ae09cdec87ea29b72126a4a20dc12b47904,AIGVDBench/OpenSource/T2V/Open-Sora.zip,videos/0eXkBH0qzTY_21_0to380.mp4,45616,46442,dataset_cc_by_4_0_component_partial,not_downloaded
real::hgha3Bez50E_53_0to390,AIGVDBench,hgha3Bez50E_53_0to390,aigvdbench:hgha3Bez50E_53_0to390,validation,validation,0,,real_video,hgha3Bez50E_53_0to390.mp4,13c281d94ecf65b2d65fe49b9de8d3605592fae3faf6ffd747d8790fadf63a4a,0391b4ba68f650ac33cc0cd50b2163be6842e516ca348ca7ee716fc56f091a5a,AIGVDBench/Real/Real.zip,videos/hgha3Bez50E_53_0to390.mp4,6085110,6086325,dataset_cc_by_4_0_component_partial,not_downloaded
open_sora::hgha3Bez50E_53_0to390,AIGVDBench,hgha3Bez50E_53_0to390,aigvdbench:hgha3Bez50E_53_0to390,validation,validation,1,Open-Sora,text_to_video,hgha3Bez50E_53_0to390.mp4,13c281d94ecf65b2d65fe49b9de8d3605592fae3faf6ffd747d8790fadf63a4a,0391b4ba68f650ac33cc0cd50b2163be6842e516ca348ca7ee716fc56f091a5a,AIGVDBench/OpenSource/T2V/Open-Sora.zip,videos/hgha3Bez50E_53_0to390.mp4,37778,38684,dataset_cc_by_4_0_component_partial,not_downloaded
real::FVvOjUzacwo_18_21to178,AIGVDBench,FVvOjUzacwo_18_21to178,aigvdbench:FVvOjUzacwo_18_21to178,validation,validation,0,,real_video,FVvOjUzacwo_18_21to178.mp4,2a41fa117bd760f9a04750c5cf61cdbdde8e2f4fc3c4924398132985d41aec4c,0399d6751995dd823f42d9b47797c6c0dafa33e899fb5be76501a40c63e09bb3,AIGVDBench/Real/Real.zip,videos/FVvOjUzacwo_18_21to178.mp4,2185188,2186111,dataset_cc_by_4_0_component_partial,not_downloaded
open_sora::FVvOjUzacwo_18_21to178,AIGVDBench,FVvOjUzacwo_18_21to178,aigvdbench:FVvOjUzacwo_18_21to178,validation,validation,1,Open-Sora,text_to_video,FVvOjUzacwo_18_21to178.mp4,2a41fa117bd760f9a04750c5cf61cdbdde8e2f4fc3c4924398132985d41aec4c,0399d6751995dd823f42d9b47797c6c0dafa33e899fb5be76501a40c63e09bb3,AIGVDBench/OpenSource/T2V/Open-Sora.zip,videos/FVvOjUzacwo_18_21to178.mp4,61241,61999,dataset_cc_by_4_0_component_partial,not_downloaded
real::mDsj6OPHSAI_11_18to162,AIGVDBench,mDsj6OPHSAI_11_18to162,aigvdbench:mDsj6OPHSAI_11_18to162,validation,validation,0,,real_video,mDsj6OPHSAI_11_18to162.mp4,6a485baa5fe8f174dfcd5f450d1ec5842b636eb5c08b9a976c397232b1228ea7,03b191804d37b45615f3b3f14932b0f20513589fba2cfa75ee899f8cde574847,AIGVDBench/Real/Real.zip,videos/mDsj6OPHSAI_11_18to162.mp4,2301777,2302270,dataset_cc_by_4_0_component_partial,not_downloaded
open_sora::mDsj6OPHSAI_11_18to162,AIGVDBench,mDsj6OPHSAI_11_18to162,aigvdbench:mDsj6OPHSAI_11_18to162,validation,validation,1,Open-Sora,text_to_video,mDsj6OPHSAI_11_18to162.mp4,6a485baa5fe8f174dfcd5f450d1ec5842b636eb5c08b9a976c397232b1228ea7,03b191804d37b45615f3b3f14932b0f20513589fba2cfa75ee899f8cde574847,AIGVDBench/OpenSource/T2V/Open-Sora.zip,videos/mDsj6OPHSAI_11_18to162.mp4,37486,38383,dataset_cc_by_4_0_component_partial,not_downloaded
real::Zx_P9-bkM48_28_0to138,AIGVDBench,Zx_P9-bkM48_28_0to138,aigvdbench:Zx_P9-bkM48_28_0to138,validation,validation,0,,real_video,Zx_P9-bkM48_28_0to138.mp4,a4b174d6f3569fa1673e8498292b9e0b7e3a7e8b81714047cd7a7bc34e291beb,03d8717491b2c1f874e6662912a1b9ea8a7a7a4992064bf3436595eea0d1445b,AIGVDBench/Real/Real.zip,videos/Zx_P9-bkM48_28_0to138.mp4,1106504,1107505,dataset_cc_by_4_0_component_partial,not_downloaded
open_sora::Zx_P9-bkM48_28_0to138,AIGVDBench,Zx_P9-bkM48_28_0to138,aigvdbench:Zx_P9-bkM48_28_0to138,validation,validation,1,Open-Sora,text_to_video,Zx_P9-bkM48_28_0to138.mp4,a4b174d6f3569fa1673e8498292b9e0b7e3a7e8b81714047cd7a7bc34e291beb,03d8717491b2c1f874e6662912a1b9ea8a7a7a4992064bf3436595eea0d1445b,AIGVDBench/OpenSource/T2V/Open-Sora.zip,videos/Zx_P9-bkM48_28_0to138.mp4,40636,41494,dataset_cc_by_4_0_component_partial,not_downloaded
real::Rixj7SNIpZE_98_412to563,AIGVDBench,Rixj7SNIpZE_98_412to563,aigvdbench:Rixj7SNIpZE_98_412to563,validation,validation,0,,real_video,Rixj7SNIpZE_98_412to563.mp4,004d1ec4bdbdc76d55b5aa7b95fd61f987ca63dfbd4aedf822c856bff1f874f1,03fdbe0f8ae249f17b66055125fa8b5fb64dfa6a41749577f7587e9dfe9fb8ea,AIGVDBench/Real/Real.zip,videos/Rixj7SNIpZE_98_412to563.mp4,2326578,2327621,dataset_cc_by_4_0_component_partial,not_downloaded
open_sora::Rixj7SNIpZE_98_412to563,AIGVDBench,Rixj7SNIpZE_98_412to563,aigvdbench:Rixj7SNIpZE_98_412to563,validation,validation,1,Open-Sora,text_to_video,Rixj7SNIpZE_98_412to563.mp4,004d1ec4bdbdc76d55b5aa7b95fd61f987ca63dfbd4aedf822c856bff1f874f1,03fdbe0f8ae249f17b66055125fa8b5fb64dfa6a41749577f7587e9dfe9fb8ea,AIGVDBench/OpenSource/T2V/Open-Sora.zip,videos/Rixj7SNIpZE_98_412to563.mp4,95997,96754,dataset_cc_by_4_0_component_partial,not_downloaded
real::SFdR240qaXA_36_0to202,AIGVDBench,SFdR240qaXA_36_0to202,aigvdbench:SFdR240qaXA_36_0to202,validation,validation,0,,real_video,SFdR240qaXA_36_0to202.mp4,c84f8ca41a7bf35c23d9bc6a160ab31b4e14e7444f767a37b238050f1a6e7bed,0444aa3236b833ba7e5a448fada2655e69ba8474687d021d6e6e458631560723,AIGVDBench/Real/Real.zip,videos/SFdR240qaXA_36_0to202.mp4,2317836,2318868,dataset_cc_by_4_0_component_partial,not_downloaded
open_sora::SFdR240qaXA_36_0to202,AIGVDBench,SFdR240qaXA_36_0to202,aigvdbench:SFdR240qaXA_36_0to202,validation,validation,1,Open-Sora,text_to_video,SFdR240qaXA_36_0to202.mp4,c84f8ca41a7bf35c23d9bc6a160ab31b4e14e7444f767a37b238050f1a6e7bed,0444aa3236b833ba7e5a448fada2655e69ba8474687d021d6e6e458631560723,AIGVDBench/OpenSource/T2V/Open-Sora.zip,videos/SFdR240qaXA_36_0to202.mp4,52443,53202,dataset_cc_by_4_0_component_partial,not_downloaded
real::vFKdBiV48ek_1_0to734,AIGVDBench,vFKdBiV48ek_1_0to734,aigvdbench:vFKdBiV48ek_1_0to734,validation,validation,0,,real_video,vFKdBiV48ek_1_0to734.mp4,7353379aa92b56d412c8bb94deee7aead8209d6afb0205f8b48af16e5bb6ba3e,044b78091023d05c7b90fa33eaae676295be28eaec2240df2592f0c0ec43b1e8,AIGVDBench/Real/Real.zip,videos/vFKdBiV48ek_1_0to734.mp4,13444746,13445759,dataset_cc_by_4_0_component_partial,not_downloaded
open_sora::vFKdBiV48ek_1_0to734,AIGVDBench,vFKdBiV48ek_1_0to734,aigvdbench:vFKdBiV48ek_1_0to734,validation,validation,1,Open-Sora,text_to_video,vFKdBiV48ek_1_0to734.mp4,7353379aa92b56d412c8bb94deee7aead8209d6afb0205f8b48af16e5bb6ba3e,044b78091023d05c7b90fa33eaae676295be28eaec2240df2592f0c0ec43b1e8,AIGVDBench/OpenSource/T2V/Open-Sora.zip,videos/vFKdBiV48ek_1_0to734.mp4,38674,39542,dataset_cc_by_4_0_component_partial,not_downloaded
real::RnpiPddFJHI_33_0to303,AIGVDBench,RnpiPddFJHI_33_0to303,aigvdbench:RnpiPddFJHI_33_0to303,validation,validation,0,,real_video,RnpiPddFJHI_33_0to303.mp4,f801e97128bffa111c3177e3ad536ed0bf5181c53cecb1af6a0cfa860e5e5f45,0457d9d521c31360590eac0a2bdad882139f2ec31204d07656142d7c7e8bedc5,AIGVDBench/Real/Real.zip,videos/RnpiPddFJHI_33_0to303.mp4,3955333,3956218,dataset_cc_by_4_0_component_partial,not_downloaded
open_sora::RnpiPddFJHI_33_0to303,AIGVDBench,RnpiPddFJHI_33_0to303,aigvdbench:RnpiPddFJHI_33_0to303,validation,validation,1,Open-Sora,text_to_video,RnpiPddFJHI_33_0to303.mp4,f801e97128bffa111c3177e3ad536ed0bf5181c53cecb1af6a0cfa860e5e5f45,0457d9d521c31360590eac0a2bdad882139f2ec31204d07656142d7c7e8bedc5,AIGVDBench/OpenSource/T2V/Open-Sora.zip,videos/RnpiPddFJHI_33_0to303.mp4,55794,56535,dataset_cc_by_4_0_component_partial,not_downloaded
real::T7NPKnbsv6c_1_0to1451,AIGVDBench,T7NPKnbsv6c_1_0to1451,aigvdbench:T7NPKnbsv6c_1_0to1451,validation,validation,0,,real_video,T7NPKnbsv6c_1_0to1451.mp4,96c96b6d56069a5686b11e38a26384236b0f598248ca1f510c5cdfd9a526746f,0462c9ebc8510bbb5155a27ed01e3e95d3a985ffe38740ef3c4364d81cf76cc4,AIGVDBench/Real/Real.zip,videos/T7NPKnbsv6c_1_0to1451.mp4,21385336,21389939,dataset_cc_by_4_0_component_partial,not_downloaded
open_sora::T7NPKnbsv6c_1_0to1451,AIGVDBench,T7NPKnbsv6c_1_0to1451,aigvdbench:T7NPKnbsv6c_1_0to1451,validation,validation,1,Open-Sora,text_to_video,T7NPKnbsv6c_1_0to1451.mp4,96c96b6d56069a5686b11e38a26384236b0f598248ca1f510c5cdfd9a526746f,0462c9ebc8510bbb5155a27ed01e3e95d3a985ffe38740ef3c4364d81cf76cc4,AIGVDBench/OpenSource/T2V/Open-Sora.zip,videos/T7NPKnbsv6c_1_0to1451.mp4,45392,46245,dataset_cc_by_4_0_component_partial,not_downloaded
real::5h0oKzhRtRM_26_933to1243,AIGVDBench,5h0oKzhRtRM_26_933to1243,aigvdbench:5h0oKzhRtRM_26_933to1243,validation,validation,0,,real_video,5h0oKzhRtRM_26_933to1243.mp4,754180cddd503c2a59e875abdd3a46cd391662f4a80b19ac7b2bf09c7cec64fa,046a8f2bc0ac4439e62a89484398d2ed785f13a93f05dc24128d32a00b0d3aef,AIGVDBench/Real/Real.zip,videos/5h0oKzhRtRM_26_933to1243.mp4,5291617,5292039,dataset_cc_by_4_0_component_partial,not_downloaded
open_sora::5h0oKzhRtRM_26_933to1243,AIGVDBench,5h0oKzhRtRM_26_933to1243,aigvdbench:5h0oKzhRtRM_26_933to1243,validation,validation,1,Open-Sora,text_to_video,5h0oKzhRtRM_26_933to1243.mp4,754180cddd503c2a59e875abdd3a46cd391662f4a80b19ac7b2bf09c7cec64fa,046a8f2bc0ac4439e62a89484398d2ed785f13a93f05dc24128d32a00b0d3aef,AIGVDBench/OpenSource/T2V/Open-Sora.zip,videos/5h0oKzhRtRM_26_933to1243.mp4,78103,78801,dataset_cc_by_4_0_component_partial,not_downloaded
real::YD79ociXOK0_6_0to107,AIGVDBench,YD79ociXOK0_6_0to107,aigvdbench:YD79ociXOK0_6_0to107,validation,validation,0,,real_video,YD79ociXOK0_6_0to107.mp4,42913f7e6bc28498921ca9d7a5ac5ea3332a49fe37fe9086f0b89bfc054f4523,048ba858fa866aa2cff9faa0b77559e82c0d0e6e7caada9d0fc817b79c7aedb3,AIGVDBench/Real/Real.zip,videos/YD79ociXOK0_6_0to107.mp4,2044023,2044393,dataset_cc_by_4_0_component_partial,not_downloaded
open_sora::YD79ociXOK0_6_0to107,AIGVDBench,YD79ociXOK0_6_0to107,aigvdbench:YD79ociXOK0_6_0to107,validation,validation,1,Open-Sora,text_to_video,YD79ociXOK0_6_0to107.mp4,42913f7e6bc28498921ca9d7a5ac5ea3332a49fe37fe9086f0b89bfc054f4523,048ba858fa866aa2cff9faa0b77559e82c0d0e6e7caada9d0fc817b79c7aedb3,AIGVDBench/OpenSource/T2V/Open-Sora.zip,videos/YD79ociXOK0_6_0to107.mp4,48852,49696,dataset_cc_by_4_0_component_partial,not_downloaded
real::D8w6QVruxek_119_0to102,AIGVDBench,D8w6QVruxek_119_0to102,aigvdbench:D8w6QVruxek_119_0to102,validation,validation,0,,real_video,D8w6QVruxek_119_0to102.mp4,a14072d6c909f60044e7d96daf598c70ac545a5e3e82986f2beb114fc37717fb,048d4f090be718c47c2775b4531bc31370a97f7e84b63e224c3a0db99a409f0c,AIGVDBench/Real/Real.zip,videos/D8w6QVruxek_119_0to102.mp4,2839829,2840252,dataset_cc_by_4_0_component_partial,not_downloaded
open_sora::D8w6QVruxek_119_0to102,AIGVDBench,D8w6QVruxek_119_0to102,aigvdbench:D8w6QVruxek_119_0to102,validation,validation,1,Open-Sora,text_to_video,D8w6QVruxek_119_0to102.mp4,a14072d6c909f60044e7d96daf598c70ac545a5e3e82986f2beb114fc37717fb,048d4f090be718c47c2775b4531bc31370a97f7e84b63e224c3a0db99a409f0c,AIGVDBench/OpenSource/T2V/Open-Sora.zip,videos/D8w6QVruxek_119_0to102.mp4,107260,108021,dataset_cc_by_4_0_component_partial,not_downloaded
real::Ax8zuvqV1Ik_153_43to258,AIGVDBench,Ax8zuvqV1Ik_153_43to258,aigvdbench:Ax8zuvqV1Ik_153_43to258,validation,validation,0,,real_video,Ax8zuvqV1Ik_153_43to258.mp4,755ddad6663baae036878a7c5bd01d1db7dcceea96104c9cf881f247745e9d02,0498e6c2bd9aa257d6a7a505cfbda2a33fb9c75e829bbc2789dcf4076140ac0c,AIGVDBench/Real/Real.zip,videos/Ax8zuvqV1Ik_153_43to258.mp4,4481923,4482294,dataset_cc_by_4_0_component_partial,not_downloaded
open_sora::Ax8zuvqV1Ik_153_43to258,AIGVDBench,Ax8zuvqV1Ik_153_43to258,aigvdbench:Ax8zuvqV1Ik_153_43to258,validation,validation,1,Open-Sora,text_to_video,Ax8zuvqV1Ik_153_43to258.mp4,755ddad6663baae036878a7c5bd01d1db7dcceea96104c9cf881f247745e9d02,0498e6c2bd9aa257d6a7a505cfbda2a33fb9c75e829bbc2789dcf4076140ac0c,AIGVDBench/OpenSource/T2V/Open-Sora.zip,videos/Ax8zuvqV1Ik_153_43to258.mp4,42095,42944,dataset_cc_by_4_0_component_partial,not_downloaded
real::W-FWrYU1EYw_13_204to408,AIGVDBench,W-FWrYU1EYw_13_204to408,aigvdbench:W-FWrYU1EYw_13_204to408,validation,validation,0,,real_video,W-FWrYU1EYw_13_204to408.mp4,efa1978c123ff7ee55d9d6ac8abbef3e11bef4aa4094b9609529980e2cbc0613,04c6c09d2ca893cf935ecf11cc73e56b61eccafb46e7c3398255ae6b90a0978e,AIGVDBench/Real/Real.zip,videos/W-FWrYU1EYw_13_204to408.mp4,4133475,4134078,dataset_cc_by_4_0_component_partial,not_downloaded
open_sora::W-FWrYU1EYw_13_204to408,AIGVDBench,W-FWrYU1EYw_13_204to408,aigvdbench:W-FWrYU1EYw_13_204to408,validation,validation,1,Open-Sora,text_to_video,W-FWrYU1EYw_13_204to408.mp4,efa1978c123ff7ee55d9d6ac8abbef3e11bef4aa4094b9609529980e2cbc0613,04c6c09d2ca893cf935ecf11cc73e56b61eccafb46e7c3398255ae6b90a0978e,AIGVDBench/OpenSource/T2V/Open-Sora.zip,videos/W-FWrYU1EYw_13_204to408.mp4,61785,62566,dataset_cc_by_4_0_component_partial,not_downloaded
real::_j_sPsTHE8M_0_231to336,AIGVDBench,_j_sPsTHE8M_0_231to336,aigvdbench:_j_sPsTHE8M_0_231to336,validation,validation,0,,real_video,_j_sPsTHE8M_0_231to336.mp4,b50c90457ed340a307ea76de3c6ef5364d43518f921c0e7eefbafbcc1c9a3264,0519b8f9d0463841e054c0bf1b6e2d6584d4c0867d442169b2c673e314acd3c0,AIGVDBench/Real/Real.zip,videos/_j_sPsTHE8M_0_231to336.mp4,1416285,1416678,dataset_cc_by_4_0_component_partial,not_downloaded
open_sora::_j_sPsTHE8M_0_231to336,AIGVDBench,_j_sPsTHE8M_0_231to336,aigvdbench:_j_sPsTHE8M_0_231to336,validation,validation,1,Open-Sora,text_to_video,_j_sPsTHE8M_0_231to336.mp4,b50c90457ed340a307ea76de3c6ef5364d43518f921c0e7eefbafbcc1c9a3264,0519b8f9d0463841e054c0bf1b6e2d6584d4c0867d442169b2c673e314acd3c0,AIGVDBench/OpenSource/T2V/Open-Sora.zip,videos/_j_sPsTHE8M_0_231to336.mp4,47379,48165,dataset_cc_by_4_0_component_partial,not_downloaded
real::TOLu7cDn44Q_36_0to132,AIGVDBench,TOLu7cDn44Q_36_0to132,aigvdbench:TOLu7cDn44Q_36_0to132,validation,validation,0,,real_video,TOLu7cDn44Q_36_0to132.mp4,24816657a6a0bfb23dd77bc5258d024487f831a374c0c793d39c3c9643dd1f20,0532df4cbfba30b0fba4e463506482a22bc00f191205b512e0501f0eb108d5bc,AIGVDBench/Real/Real.zip,videos/TOLu7cDn44Q_36_0to132.mp4,1126570,1127709,dataset_cc_by_4_0_component_partial,not_downloaded
open_sora::TOLu7cDn44Q_36_0to132,AIGVDBench,TOLu7cDn44Q_36_0to132,aigvdbench:TOLu7cDn44Q_36_0to132,validation,validation,1,Open-Sora,text_to_video,TOLu7cDn44Q_36_0to132.mp4,24816657a6a0bfb23dd77bc5258d024487f831a374c0c793d39c3c9643dd1f20,0532df4cbfba30b0fba4e463506482a22bc00f191205b512e0501f0eb108d5bc,AIGVDBench/OpenSource/T2V/Open-Sora.zip,videos/TOLu7cDn44Q_36_0to132.mp4,47363,48236,dataset_cc_by_4_0_component_partial,not_downloaded
real::oVAxy9mK7oY_0_19to142,AIGVDBench,oVAxy9mK7oY_0_19to142,aigvdbench:oVAxy9mK7oY_0_19to142,validation,validation,0,,real_video,oVAxy9mK7oY_0_19to142.mp4,ef017b7e75f9ffee6d6b5e32e2e6115f091fee6f8c87313b13dace78e0ea610a,0539fa078c0cc72b2e40f3aa1a4301c1908d7bd805ee206f901ae9a9526a8d59,AIGVDBench/Real/Real.zip,videos/oVAxy9mK7oY_0_19to142.mp4,1418010,1418746,dataset_cc_by_4_0_component_partial,not_downloaded
open_sora::oVAxy9mK7oY_0_19to142,AIGVDBench,oVAxy9mK7oY_0_19to142,aigvdbench:oVAxy9mK7oY_0_19to142,validation,validation,1,Open-Sora,text_to_video,oVAxy9mK7oY_0_19to142.mp4,ef017b7e75f9ffee6d6b5e32e2e6115f091fee6f8c87313b13dace78e0ea610a,0539fa078c0cc72b2e40f3aa1a4301c1908d7bd805ee206f901ae9a9526a8d59,AIGVDBench/OpenSource/T2V/Open-Sora.zip,videos/oVAxy9mK7oY_0_19to142.mp4,45390,46247,dataset_cc_by_4_0_component_partial,not_downloaded
real::pJJPI2vxjzg_24_0to621,AIGVDBench,pJJPI2vxjzg_24_0to621,aigvdbench:pJJPI2vxjzg_24_0to621,validation,validation,0,,real_video,pJJPI2vxjzg_24_0to621.mp4,d380dc88c73904c19af33000d0cec411a8eb3fd40b071268b561dc2335406e54,0584ec57cca9ed115534cb566de66c7bed5a6c02de68c032ff553103ad28a03e,AIGVDBench/Real/Real.zip,videos/pJJPI2vxjzg_24_0to621.mp4,18356502,18359378,dataset_cc_by_4_0_component_partial,not_downloaded
open_sora::pJJPI2vxjzg_24_0to621,AIGVDBench,pJJPI2vxjzg_24_0to621,aigvdbench:pJJPI2vxjzg_24_0to621,validation,validation,1,Open-Sora,text_to_video,pJJPI2vxjzg_24_0to621.mp4,d380dc88c73904c19af33000d0cec411a8eb3fd40b071268b561dc2335406e54,0584ec57cca9ed115534cb566de66c7bed5a6c02de68c032ff553103ad28a03e,AIGVDBench/OpenSource/T2V/Open-Sora.zip,videos/pJJPI2vxjzg_24_0to621.mp4,81714,82428,dataset_cc_by_4_0_component_partial,not_downloaded
real::I_bTiPTHIN8_60_0to128,AIGVDBench,I_bTiPTHIN8_60_0to128,aigvdbench:I_bTiPTHIN8_60_0to128,validation,validation,0,,real_video,I_bTiPTHIN8_60_0to128.mp4,ad03b869f5c10667b11b959b05b02c4805070217970623ea6415e69ebc7e7855,0597565f27a990b4a022c4940b7ffb1540fb0e74b96a369e5353b43a8fbbf5e7,AIGVDBench/Real/Real.zip,videos/I_bTiPTHIN8_60_0to128.mp4,1891569,1892476,dataset_cc_by_4_0_component_partial,not_downloaded
open_sora::I_bTiPTHIN8_60_0to128,AIGVDBench,I_bTiPTHIN8_60_0to128,aigvdbench:I_bTiPTHIN8_60_0to128,validation,validation,1,Open-Sora,text_to_video,I_bTiPTHIN8_60_0to128.mp4,ad03b869f5c10667b11b959b05b02c4805070217970623ea6415e69ebc7e7855,0597565f27a990b4a022c4940b7ffb1540fb0e74b96a369e5353b43a8fbbf5e7,AIGVDBench/OpenSource/T2V/Open-Sora.zip,videos/I_bTiPTHIN8_60_0to128.mp4,60809,61607,dataset_cc_by_4_0_component_partial,not_downloaded
real::lEVjsQGSL7k_3_29to378,AIGVDBench,lEVjsQGSL7k_3_29to378,aigvdbench:lEVjsQGSL7k_3_29to378,validation,validation,0,,real_video,lEVjsQGSL7k_3_29to378.mp4,b0e419b30bb9d44514e2db133d70c748b517e73b3bd5c1f45e4df224f3641979,05a942db9c64ab7db68e8b85962debf6881edd4a3d670917f73d85d0f597e8c7,AIGVDBench/Real/Real.zip,videos/lEVjsQGSL7k_3_29to378.mp4,4970265,4970861,dataset_cc_by_4_0_component_partial,not_downloaded
open_sora::lEVjsQGSL7k_3_29to378,AIGVDBench,lEVjsQGSL7k_3_29to378,aigvdbench:lEVjsQGSL7k_3_29to378,validation,validation,1,Open-Sora,text_to_video,lEVjsQGSL7k_3_29to378.mp4,b0e419b30bb9d44514e2db133d70c748b517e73b3bd5c1f45e4df224f3641979,05a942db9c64ab7db68e8b85962debf6881edd4a3d670917f73d85d0f597e8c7,AIGVDBench/OpenSource/T2V/Open-Sora.zip,videos/lEVjsQGSL7k_3_29to378.mp4,58553,59325,dataset_cc_by_4_0_component_partial,not_downloaded
real::bew4RBMmVXY_21_0to109,AIGVDBench,bew4RBMmVXY_21_0to109,aigvdbench:bew4RBMmVXY_21_0to109,validation,validation,0,,real_video,bew4RBMmVXY_21_0to109.mp4,af942604d8be8aaf933dcb4145876eceb890062afb7172c9e0b24d5f1736859f,05b024f2c03faea833223b69ff23e2fe31f43d348d61ba0af09c47ddf3802714,AIGVDBench/Real/Real.zip,videos/bew4RBMmVXY_21_0to109.mp4,1870763,1871159,dataset_cc_by_4_0_component_partial,not_downloaded
open_sora::bew4RBMmVXY_21_0to109,AIGVDBench,bew4RBMmVXY_21_0to109,aigvdbench:bew4RBMmVXY_21_0to109,validation,validation,1,Open-Sora,text_to_video,bew4RBMmVXY_21_0to109.mp4,af942604d8be8aaf933dcb4145876eceb890062afb7172c9e0b24d5f1736859f,05b024f2c03faea833223b69ff23e2fe31f43d348d61ba0af09c47ddf3802714,AIGVDBench/OpenSource/T2V/Open-Sora.zip,videos/bew4RBMmVXY_21_0to109.mp4,57503,58308,dataset_cc_by_4_0_component_partial,not_downloaded
real::AvWrU7f0SLA_12_21to161,AIGVDBench,AvWrU7f0SLA_12_21to161,aigvdbench:AvWrU7f0SLA_12_21to161,validation,validation,0,,real_video,AvWrU7f0SLA_12_21to161.mp4,bb74e08f86d75534f08561cddf6d104a54bd327b8f76ea43c8d690b287fcf219,05b77263facc255aed8c82a455015fc630f1d8f5131530cf55905d6b06880dba,AIGVDBench/Real/Real.zip,videos/AvWrU7f0SLA_12_21to161.mp4,1636611,1637547,dataset_cc_by_4_0_component_partial,not_downloaded
open_sora::AvWrU7f0SLA_12_21to161,AIGVDBench,AvWrU7f0SLA_12_21to161,aigvdbench:AvWrU7f0SLA_12_21to161,validation,validation,1,Open-Sora,text_to_video,AvWrU7f0SLA_12_21to161.mp4,bb74e08f86d75534f08561cddf6d104a54bd327b8f76ea43c8d690b287fcf219,05b77263facc255aed8c82a455015fc630f1d8f5131530cf55905d6b06880dba,AIGVDBench/OpenSource/T2V/Open-Sora.zip,videos/AvWrU7f0SLA_12_21to161.mp4,48563,49389,dataset_cc_by_4_0_component_partial,not_downloaded
real::72Q6ZHE4lAQ_10_0to212,AIGVDBench,72Q6ZHE4lAQ_10_0to212,aigvdbench:72Q6ZHE4lAQ_10_0to212,validation,validation,0,,real_video,72Q6ZHE4lAQ_10_0to212.mp4,fc8573453a6a8f027d7284621537e2b86670f123c1a070d3873adb523a3c2b95,05c4ba2840f091c9d475f471b34bba23c1923a73f160ee1210db9d959faf4aeb,AIGVDBench/Real/Real.zip,videos/72Q6ZHE4lAQ_10_0to212.mp4,7780970,7781303,dataset_cc_by_4_0_component_partial,not_downloaded
open_sora::72Q6ZHE4lAQ_10_0to212,AIGVDBench,72Q6ZHE4lAQ_10_0to212,aigvdbench:72Q6ZHE4lAQ_10_0to212,validation,validation,1,Open-Sora,text_to_video,72Q6ZHE4lAQ_10_0to212.mp4,fc8573453a6a8f027d7284621537e2b86670f123c1a070d3873adb523a3c2b95,05c4ba2840f091c9d475f471b34bba23c1923a73f160ee1210db9d959faf4aeb,AIGVDBench/OpenSource/T2V/Open-Sora.zip,videos/72Q6ZHE4lAQ_10_0to212.mp4,50093,50901,dataset_cc_by_4_0_component_partial,not_downloaded
real::DQzYnxN3tE4_164_0to293,AIGVDBench,DQzYnxN3tE4_164_0to293,aigvdbench:DQzYnxN3tE4_164_0to293,validation,validation,0,,real_video,DQzYnxN3tE4_164_0to293.mp4,436ba457a5b1e1710f655835fc9a86bcc0ee9c4350a4a04ab772ead313d9f418,05c948770966d3a7f2723cb328e47125b8bee40591da11d30e07e80e103d88bd,AIGVDBench/Real/Real.zip,videos/DQzYnxN3tE4_164_0to293.mp4,3811835,3812450,dataset_cc_by_4_0_component_partial,not_downloaded
open_sora::DQzYnxN3tE4_164_0to293,AIGVDBench,DQzYnxN3tE4_164_0to293,aigvdbench:DQzYnxN3tE4_164_0to293,validation,validation,1,Open-Sora,text_to_video,DQzYnxN3tE4_164_0to293.mp4,436ba457a5b1e1710f655835fc9a86bcc0ee9c4350a4a04ab772ead313d9f418,05c948770966d3a7f2723cb328e47125b8bee40591da11d30e07e80e103d88bd,AIGVDBench/OpenSource/T2V/Open-Sora.zip,videos/DQzYnxN3tE4_164_0to293.mp4,30313,31223,dataset_cc_by_4_0_component_partial,not_downloaded
real::GDjS1KX2PrA_10_16to138,AIGVDBench,GDjS1KX2PrA_10_16to138,aigvdbench:GDjS1KX2PrA_10_16to138,validation,validation,0,,real_video,GDjS1KX2PrA_10_16to138.mp4,dba692f8efe32ef6ac5d6ae080ef26832e04171195a2a7555063fe762db8d844,05cd5f00d71445c22caf602afe2afbcbe0e63060b6fd0d8096944a910d5d7ece,AIGVDBench/Real/Real.zip,videos/GDjS1KX2PrA_10_16to138.mp4,1247586,1248252,dataset_cc_by_4_0_component_partial,not_downloaded
open_sora::GDjS1KX2PrA_10_16to138,AIGVDBench,GDjS1KX2PrA_10_16to138,aigvdbench:GDjS1KX2PrA_10_16to138,validation,validation,1,Open-Sora,text_to_video,GDjS1KX2PrA_10_16to138.mp4,dba692f8efe32ef6ac5d6ae080ef26832e04171195a2a7555063fe762db8d844,05cd5f00d71445c22caf602afe2afbcbe0e63060b6fd0d8096944a910d5d7ece,AIGVDBench/OpenSource/T2V/Open-Sora.zip,videos/GDjS1KX2PrA_10_16to138.mp4,58169,58926,dataset_cc_by_4_0_component_partial,not_downloaded
real::lCrZHZyeqic_37_0to104,AIGVDBench,lCrZHZyeqic_37_0to104,aigvdbench:lCrZHZyeqic_37_0to104,validation,validation,0,,real_video,lCrZHZyeqic_37_0to104.mp4,c167d22db1ad2c399a59d9841c58eb063ef9ca9eb9f19026d3f1c0798b5e718e,05d96353c8a6fa9a539605f1ef6207b8989d409c42838b25dd4a70ae98e7cac2,AIGVDBench/Real/Real.zip,videos/lCrZHZyeqic_37_0to104.mp4,2796610,2797379,dataset_cc_by_4_0_component_partial,not_downloaded
open_sora::lCrZHZyeqic_37_0to104,AIGVDBench,lCrZHZyeqic_37_0to104,aigvdbench:lCrZHZyeqic_37_0to104,validation,validation,1,Open-Sora,text_to_video,lCrZHZyeqic_37_0to104.mp4,c167d22db1ad2c399a59d9841c58eb063ef9ca9eb9f19026d3f1c0798b5e718e,05d96353c8a6fa9a539605f1ef6207b8989d409c42838b25dd4a70ae98e7cac2,AIGVDBench/OpenSource/T2V/Open-Sora.zip,videos/lCrZHZyeqic_37_0to104.mp4,61699,62487,dataset_cc_by_4_0_component_partial,not_downloaded
real::Lj4nyWbbMds_8_0to552,AIGVDBench,Lj4nyWbbMds_8_0to552,aigvdbench:Lj4nyWbbMds_8_0to552,validation,validation,0,,real_video,Lj4nyWbbMds_8_0to552.mp4,779e0b733dca50a9793591f00ccd82796c5905a20c2714665b0001e35d6bc061,05e124af1ebc4a5b86349521c592e025e6309e23e29bb7e9902b1bc0cf28cbd4,AIGVDBench/Real/Real.zip,videos/Lj4nyWbbMds_8_0to552.mp4,21567832,21568358,dataset_cc_by_4_0_component_partial,not_downloaded
open_sora::Lj4nyWbbMds_8_0to552,AIGVDBench,Lj4nyWbbMds_8_0to552,aigvdbench:Lj4nyWbbMds_8_0to552,validation,validation,1,Open-Sora,text_to_video,Lj4nyWbbMds_8_0to552.mp4,779e0b733dca50a9793591f00ccd82796c5905a20c2714665b0001e35d6bc061,05e124af1ebc4a5b86349521c592e025e6309e23e29bb7e9902b1bc0cf28cbd4,AIGVDBench/OpenSource/T2V/Open-Sora.zip,videos/Lj4nyWbbMds_8_0to552.mp4,88340,89068,dataset_cc_by_4_0_component_partial,not_downloaded
real::X333iyQg0s0_45_25to163,AIGVDBench,X333iyQg0s0_45_25to163,aigvdbench:X333iyQg0s0_45_25to163,validation,validation,0,,real_video,X333iyQg0s0_45_25to163.mp4,fefc6075865577c537d1703811098cae465e0c3f949327ba2172f3e8f217f5dc,05ef2c53ecdce92c7f7496d753058f0f5b1efbe3cd9fcb0447f2ef834cad41b5,AIGVDBench/Real/Real.zip,videos/X333iyQg0s0_45_25to163.mp4,1259814,1261010,dataset_cc_by_4_0_component_partial,not_downloaded
open_sora::X333iyQg0s0_45_25to163,AIGVDBench,X333iyQg0s0_45_25to163,aigvdbench:X333iyQg0s0_45_25to163,validation,validation,1,Open-Sora,text_to_video,X333iyQg0s0_45_25to163.mp4,fefc6075865577c537d1703811098cae465e0c3f949327ba2172f3e8f217f5dc,05ef2c53ecdce92c7f7496d753058f0f5b1efbe3cd9fcb0447f2ef834cad41b5,AIGVDBench/OpenSource/T2V/Open-Sora.zip,videos/X333iyQg0s0_45_25to163.mp4,44940,45803,dataset_cc_by_4_0_component_partial,not_downloaded
real::VGV09dUwXo4_59_0to123,AIGVDBench,VGV09dUwXo4_59_0to123,aigvdbench:VGV09dUwXo4_59_0to123,validation,validation,0,,real_video,VGV09dUwXo4_59_0to123.mp4,a52bf843c30fb19b2fc19fcc6c9b408889931ee5ab4c447a62c651f5f9212871,05fa650401ae14c6dc8f5f7fc901f876c050d4fc08a33211c64a0e2c090c1a3b,AIGVDBench/Real/Real.zip,videos/VGV09dUwXo4_59_0to123.mp4,1338247,1338708,dataset_cc_by_4_0_component_partial,not_downloaded
open_sora::VGV09dUwXo4_59_0to123,AIGVDBench,VGV09dUwXo4_59_0to123,aigvdbench:VGV09dUwXo4_59_0to123,validation,validation,1,Open-Sora,text_to_video,VGV09dUwXo4_59_0to123.mp4,a52bf843c30fb19b2fc19fcc6c9b408889931ee5ab4c447a62c651f5f9212871,05fa650401ae14c6dc8f5f7fc901f876c050d4fc08a33211c64a0e2c090c1a3b,AIGVDBench/OpenSource/T2V/Open-Sora.zip,videos/VGV09dUwXo4_59_0to123.mp4,77937,78654,dataset_cc_by_4_0_component_partial,not_downloaded
real::Js1uRntrbj4_14_86to409,AIGVDBench,Js1uRntrbj4_14_86to409,aigvdbench:Js1uRntrbj4_14_86to409,validation,validation,0,,real_video,Js1uRntrbj4_14_86to409.mp4,e92cc06af74d0545da4c18ba02d186243bf529c73331f5b52ededa5f8be4cb51,06032edf2445135ccb9eef7c13203afc07d3b0fc97ea3fca6b893c1dc8ed7a6e,AIGVDBench/Real/Real.zip,videos/Js1uRntrbj4_14_86to409.mp4,6060201,6060711,dataset_cc_by_4_0_component_partial,not_downloaded
open_sora::Js1uRntrbj4_14_86to409,AIGVDBench,Js1uRntrbj4_14_86to409,aigvdbench:Js1uRntrbj4_14_86to409,validation,validation,1,Open-Sora,text_to_video,Js1uRntrbj4_14_86to409.mp4,e92cc06af74d0545da4c18ba02d186243bf529c73331f5b52ededa5f8be4cb51,06032edf2445135ccb9eef7c13203afc07d3b0fc97ea3fca6b893c1dc8ed7a6e,AIGVDBench/OpenSource/T2V/Open-Sora.zip,videos/Js1uRntrbj4_14_86to409.mp4,71762,72529,dataset_cc_by_4_0_component_partial,not_downloaded
real::cvzD-lNfO7E_33_174to452,AIGVDBench,cvzD-lNfO7E_33_174to452,aigvdbench:cvzD-lNfO7E_33_174to452,validation,validation,0,,real_video,cvzD-lNfO7E_33_174to452.mp4,bb7e7f8df8962ac5b7f22bb21c717f962595080c2a22b59f49eb54629a7343bc,06117f29f99c7185d3ca35ee0f06919d17aee7d8d06b1bc18563e79f9217333f,AIGVDBench/Real/Real.zip,videos/cvzD-lNfO7E_33_174to452.mp4,6969513,6970706,dataset_cc_by_4_0_component_partial,not_downloaded
open_sora::cvzD-lNfO7E_33_174to452,AIGVDBench,cvzD-lNfO7E_33_174to452,aigvdbench:cvzD-lNfO7E_33_174to452,validation,validation,1,Open-Sora,text_to_video,cvzD-lNfO7E_33_174to452.mp4,bb7e7f8df8962ac5b7f22bb21c717f962595080c2a22b59f49eb54629a7343bc,06117f29f99c7185d3ca35ee0f06919d17aee7d8d06b1bc18563e79f9217333f,AIGVDBench/OpenSource/T2V/Open-Sora.zip,videos/cvzD-lNfO7E_33_174to452.mp4,57299,58072,dataset_cc_by_4_0_component_partial,not_downloaded
real::gsD-GDwd9a0_1_0to157,AIGVDBench,gsD-GDwd9a0_1_0to157,aigvdbench:gsD-GDwd9a0_1_0to157,validation,validation,0,,real_video,gsD-GDwd9a0_1_0to157.mp4,b3b42fbfb3a1a7b5738df5c89122a67b9fbec688d6230b2d640928e48e8a0202,063034eeb34852f7b5760ad1703f352ed12b314d2cc5a48f4ec3b3b53da467a9,AIGVDBench/Real/Real.zip,videos/gsD-GDwd9a0_1_0to157.mp4,4216394,4216584,dataset_cc_by_4_0_component_partial,not_downloaded
open_sora::gsD-GDwd9a0_1_0to157,AIGVDBench,gsD-GDwd9a0_1_0to157,aigvdbench:gsD-GDwd9a0_1_0to157,validation,validation,1,Open-Sora,text_to_video,gsD-GDwd9a0_1_0to157.mp4,b3b42fbfb3a1a7b5738df5c89122a67b9fbec688d6230b2d640928e48e8a0202,063034eeb34852f7b5760ad1703f352ed12b314d2cc5a48f4ec3b3b53da467a9,AIGVDBench/OpenSource/T2V/Open-Sora.zip,videos/gsD-GDwd9a0_1_0to157.mp4,69769,70544,dataset_cc_by_4_0_component_partial,not_downloaded
real::w_5Bg292zU8_16_23to144,AIGVDBench,w_5Bg292zU8_16_23to144,aigvdbench:w_5Bg292zU8_16_23to144,validation,validation,0,,real_video,w_5Bg292zU8_16_23to144.mp4,79f05749aefe60252df4fa8ccadc0a641b25f73768b8124b63d7b0b2fe273009,064605dd5d3dca20d93a1a5418d25b8b1fde9fbf5331ec52f1f8b9a2f12d94db,AIGVDBench/Real/Real.zip,videos/w_5Bg292zU8_16_23to144.mp4,1041144,1041957,dataset_cc_by_4_0_component_partial,not_downloaded
open_sora::w_5Bg292zU8_16_23to144,AIGVDBench,w_5Bg292zU8_16_23to144,aigvdbench:w_5Bg292zU8_16_23to144,validation,validation,1,Open-Sora,text_to_video,w_5Bg292zU8_16_23to144.mp4,79f05749aefe60252df4fa8ccadc0a641b25f73768b8124b63d7b0b2fe273009,064605dd5d3dca20d93a1a5418d25b8b1fde9fbf5331ec52f1f8b9a2f12d94db,AIGVDBench/OpenSource/T2V/Open-Sora.zip,videos/w_5Bg292zU8_16_23to144.mp4,32665,33598,dataset_cc_by_4_0_component_partial,not_downloaded
real::7tJI1-JT-FQ_41_24to193,AIGVDBench,7tJI1-JT-FQ_41_24to193,aigvdbench:7tJI1-JT-FQ_41_24to193,validation,validation,0,,real_video,7tJI1-JT-FQ_41_24to193.mp4,664f0f3581fdcbe879012cdb570ad3377de893e467fab58d6eb0801ffcdb294b,064e059656d5f1cf18308b0f32b2efe5c95fe1bff1dd8772f64f4a781c6c3bf6,AIGVDBench/Real/Real.zip,videos/7tJI1-JT-FQ_41_24to193.mp4,5038460,5038554,dataset_cc_by_4_0_component_partial,not_downloaded
open_sora::7tJI1-JT-FQ_41_24to193,AIGVDBench,7tJI1-JT-FQ_41_24to193,aigvdbench:7tJI1-JT-FQ_41_24to193,validation,validation,1,Open-Sora,text_to_video,7tJI1-JT-FQ_41_24to193.mp4,664f0f3581fdcbe879012cdb570ad3377de893e467fab58d6eb0801ffcdb294b,064e059656d5f1cf18308b0f32b2efe5c95fe1bff1dd8772f64f4a781c6c3bf6,AIGVDBench/OpenSource/T2V/Open-Sora.zip,videos/7tJI1-JT-FQ_41_24to193.mp4,93458,94166,dataset_cc_by_4_0_component_partial,not_downloaded
real::ku77ybqDQNI_49_65to179,AIGVDBench,ku77ybqDQNI_49_65to179,aigvdbench:ku77ybqDQNI_49_65to179,validation,validation,0,,real_video,ku77ybqDQNI_49_65to179.mp4,fdf7c47c72a7b94513cd147c0a0f20a565722580abcb872e7731e5a92e6f01bf,065bfe8ea41202d45bb1f9537263e5a415b075c1c80e04dd50f0088f74fe1710,AIGVDBench/Real/Real.zip,videos/ku77ybqDQNI_49_65to179.mp4,6288008,6287645,dataset_cc_by_4_0_component_partial,not_downloaded
open_sora::ku77ybqDQNI_49_65to179,AIGVDBench,ku77ybqDQNI_49_65to179,aigvdbench:ku77ybqDQNI_49_65to179,validation,validation,1,Open-Sora,text_to_video,ku77ybqDQNI_49_65to179.mp4,fdf7c47c72a7b94513cd147c0a0f20a565722580abcb872e7731e5a92e6f01bf,065bfe8ea41202d45bb1f9537263e5a415b075c1c80e04dd50f0088f74fe1710,AIGVDBench/OpenSource/T2V/Open-Sora.zip,videos/ku77ybqDQNI_49_65to179.mp4,66852,67648,dataset_cc_by_4_0_component_partial,not_downloaded
real::5iYUyTLcCUs_14_0to238,AIGVDBench,5iYUyTLcCUs_14_0to238,aigvdbench:5iYUyTLcCUs_14_0to238,validation,validation,0,,real_video,5iYUyTLcCUs_14_0to238.mp4,c64129d319e69c564061f139e69ee6e22f746d8ac804da5d139c5b18df097266,068373c4b3c9bc9cbcf882c4212c139d20c2cee1f1518f12f667f6a96788efa0,AIGVDBench/Real/Real.zip,videos/5iYUyTLcCUs_14_0to238.mp4,4110138,4110991,dataset_cc_by_4_0_component_partial,not_downloaded
open_sora::5iYUyTLcCUs_14_0to238,AIGVDBench,5iYUyTLcCUs_14_0to238,aigvdbench:5iYUyTLcCUs_14_0to238,validation,validation,1,Open-Sora,text_to_video,5iYUyTLcCUs_14_0to238.mp4,c64129d319e69c564061f139e69ee6e22f746d8ac804da5d139c5b18df097266,068373c4b3c9bc9cbcf882c4212c139d20c2cee1f1518f12f667f6a96788efa0,AIGVDBench/OpenSource/T2V/Open-Sora.zip,videos/5iYUyTLcCUs_14_0to238.mp4,48252,49074,dataset_cc_by_4_0_component_partial,not_downloaded
real::IIcrKLG7HYc_65_0to269,AIGVDBench,IIcrKLG7HYc_65_0to269,aigvdbench:IIcrKLG7HYc_65_0to269,validation,validation,0,,real_video,IIcrKLG7HYc_65_0to269.mp4,261023f780313740eb3e6808115b4f2b93467cb1be84922e04f818bc0e1dde82,068714d132436ff06ef0572be3bbadee94fc3085bb2d6ec9ac8002390909cb72,AIGVDBench/Real/Real.zip,videos/IIcrKLG7HYc_65_0to269.mp4,6897868,6898613,dataset_cc_by_4_0_component_partial,not_downloaded
open_sora::IIcrKLG7HYc_65_0to269,AIGVDBench,IIcrKLG7HYc_65_0to269,aigvdbench:IIcrKLG7HYc_65_0to269,validation,validation,1,Open-Sora,text_to_video,IIcrKLG7HYc_65_0to269.mp4,261023f780313740eb3e6808115b4f2b93467cb1be84922e04f818bc0e1dde82,068714d132436ff06ef0572be3bbadee94fc3085bb2d6ec9ac8002390909cb72,AIGVDBench/OpenSource/T2V/Open-Sora.zip,videos/IIcrKLG7HYc_65_0to269.mp4,48768,49609,dataset_cc_by_4_0_component_partial,not_downloaded
real::WPgcHx5HkFw_26_0to130,AIGVDBench,WPgcHx5HkFw_26_0to130,aigvdbench:WPgcHx5HkFw_26_0to130,validation,validation,0,,real_video,WPgcHx5HkFw_26_0to130.mp4,d07608c6b47848f87890b1e387f1f25f525238de798131ef76430905f47a5121,068cb174a75cb2f8781f0fd7c82ff273fc830df48da954dbfa98db52a22c86e6,AIGVDBench/Real/Real.zip,videos/WPgcHx5HkFw_26_0to130.mp4,2689398,2690004,dataset_cc_by_4_0_component_partial,not_downloaded
open_sora::WPgcHx5HkFw_26_0to130,AIGVDBench,WPgcHx5HkFw_26_0to130,aigvdbench:WPgcHx5HkFw_26_0to130,validation,validation,1,Open-Sora,text_to_video,WPgcHx5HkFw_26_0to130.mp4,d07608c6b47848f87890b1e387f1f25f525238de798131ef76430905f47a5121,068cb174a75cb2f8781f0fd7c82ff273fc830df48da954dbfa98db52a22c86e6,AIGVDBench/OpenSource/T2V/Open-Sora.zip,videos/WPgcHx5HkFw_26_0to130.mp4,36589,37417,dataset_cc_by_4_0_component_partial,not_downloaded
real::_enS0P_bHwM_4_0to533,AIGVDBench,_enS0P_bHwM_4_0to533,aigvdbench:_enS0P_bHwM_4_0to533,validation,validation,0,,real_video,_enS0P_bHwM_4_0to533.mp4,0c2b10217c3a0eeb6955a03192b81da259f497373df96c02b56c734912b4aee5,06a0fb8655b70ad7ab2e0d4014817785ac79cd777287f30f9d37e10312b8ba3b,AIGVDBench/Real/Real.zip,videos/_enS0P_bHwM_4_0to533.mp4,8581903,8584144,dataset_cc_by_4_0_component_partial,not_downloaded
open_sora::_enS0P_bHwM_4_0to533,AIGVDBench,_enS0P_bHwM_4_0to533,aigvdbench:_enS0P_bHwM_4_0to533,validation,validation,1,Open-Sora,text_to_video,_enS0P_bHwM_4_0to533.mp4,0c2b10217c3a0eeb6955a03192b81da259f497373df96c02b56c734912b4aee5,06a0fb8655b70ad7ab2e0d4014817785ac79cd777287f30f9d37e10312b8ba3b,AIGVDBench/OpenSource/T2V/Open-Sora.zip,videos/_enS0P_bHwM_4_0to533.mp4,39548,40431,dataset_cc_by_4_0_component_partial,not_downloaded
real::ZcxYdu6p3fg_49_0to108,AIGVDBench,ZcxYdu6p3fg_49_0to108,aigvdbench:ZcxYdu6p3fg_49_0to108,validation,validation,0,,real_video,ZcxYdu6p3fg_49_0to108.mp4,b1fb338931945dbe1a56e4794caf6e059531d03b797dd319318d323c185f3945,06bb570319c891fff90785deec50cf82429e61cd9f0815d1172ea238f8246477,AIGVDBench/Real/Real.zip,videos/ZcxYdu6p3fg_49_0to108.mp4,1442414,1443132,dataset_cc_by_4_0_component_partial,not_downloaded
open_sora::ZcxYdu6p3fg_49_0to108,AIGVDBench,ZcxYdu6p3fg_49_0to108,aigvdbench:ZcxYdu6p3fg_49_0to108,validation,validation,1,Open-Sora,text_to_video,ZcxYdu6p3fg_49_0to108.mp4,b1fb338931945dbe1a56e4794caf6e059531d03b797dd319318d323c185f3945,06bb570319c891fff90785deec50cf82429e61cd9f0815d1172ea238f8246477,AIGVDBench/OpenSource/T2V/Open-Sora.zip,videos/ZcxYdu6p3fg_49_0to108.mp4,61834,62566,dataset_cc_by_4_0_component_partial,not_downloaded
real::EcVj0rGx77M_4_982to1165,AIGVDBench,EcVj0rGx77M_4_982to1165,aigvdbench:EcVj0rGx77M_4_982to1165,validation,validation,0,,real_video,EcVj0rGx77M_4_982to1165.mp4,12db16d81ccde0145abe75c82ec40568ac2f89f52a1e16eacfdc6b563f8c6ee5,06c318b0fcb2e36cfc377b48b82b728282ac14a69f276a1041922627488b93c4,AIGVDBench/Real/Real.zip,videos/EcVj0rGx77M_4_982to1165.mp4,3315072,3315712,dataset_cc_by_4_0_component_partial,not_downloaded
open_sora::EcVj0rGx77M_4_982to1165,AIGVDBench,EcVj0rGx77M_4_982to1165,aigvdbench:EcVj0rGx77M_4_982to1165,validation,validation,1,Open-Sora,text_to_video,EcVj0rGx77M_4_982to1165.mp4,12db16d81ccde0145abe75c82ec40568ac2f89f52a1e16eacfdc6b563f8c6ee5,06c318b0fcb2e36cfc377b48b82b728282ac14a69f276a1041922627488b93c4,AIGVDBench/OpenSource/T2V/Open-Sora.zip,videos/EcVj0rGx77M_4_982to1165.mp4,44471,45310,dataset_cc_by_4_0_component_partial,not_downloaded
real::Imckz_pDYAM_2_0to252,AIGVDBench,Imckz_pDYAM_2_0to252,aigvdbench:Imckz_pDYAM_2_0to252,validation,validation,0,,real_video,Imckz_pDYAM_2_0to252.mp4,baa81790426e4624091ab2b796967366fe9c021dafff965487c81c4ea047480b,06ca159fa9a6a345642401c581c2c6fde4639e1e7d6a8e3ffedfbdf448578767,AIGVDBench/Real/Real.zip,videos/Imckz_pDYAM_2_0to252.mp4,4683991,4684368,dataset_cc_by_4_0_component_partial,not_downloaded
open_sora::Imckz_pDYAM_2_0to252,AIGVDBench,Imckz_pDYAM_2_0to252,aigvdbench:Imckz_pDYAM_2_0to252,validation,validation,1,Open-Sora,text_to_video,Imckz_pDYAM_2_0to252.mp4,baa81790426e4624091ab2b796967366fe9c021dafff965487c81c4ea047480b,06ca159fa9a6a345642401c581c2c6fde4639e1e7d6a8e3ffedfbdf448578767,AIGVDBench/OpenSource/T2V/Open-Sora.zip,videos/Imckz_pDYAM_2_0to252.mp4,31630,32538,dataset_cc_by_4_0_component_partial,not_downloaded
real::ED6OlIunOfA_42_0to106,AIGVDBench,ED6OlIunOfA_42_0to106,aigvdbench:ED6OlIunOfA_42_0to106,validation,validation,0,,real_video,ED6OlIunOfA_42_0to106.mp4,21b3d9dbd3dbf9ac92242d3ef65bcb9fc3117116ed0b8ae8073e809d2d78af21,06e091b32c3bf68775fb13548b11fa037b384f411c592ffecb93aa16445e6a91,AIGVDBench/Real/Real.zip,videos/ED6OlIunOfA_42_0to106.mp4,3139304,3139715,dataset_cc_by_4_0_component_partial,not_downloaded
open_sora::ED6OlIunOfA_42_0to106,AIGVDBench,ED6OlIunOfA_42_0to106,aigvdbench:ED6OlIunOfA_42_0to106,validation,validation,1,Open-Sora,text_to_video,ED6OlIunOfA_42_0to106.mp4,21b3d9dbd3dbf9ac92242d3ef65bcb9fc3117116ed0b8ae8073e809d2d78af21,06e091b32c3bf68775fb13548b11fa037b384f411c592ffecb93aa16445e6a91,AIGVDBench/OpenSource/T2V/Open-Sora.zip,videos/ED6OlIunOfA_42_0to106.mp4,49620,50404,dataset_cc_by_4_0_component_partial,not_downloaded
real::RcN7dd6KTRk_39_0to226,AIGVDBench,RcN7dd6KTRk_39_0to226,aigvdbench:RcN7dd6KTRk_39_0to226,validation,validation,0,,real_video,RcN7dd6KTRk_39_0to226.mp4,b867323bc445d1b7ebbc9c9b4585eaada2140a14f611b2d1d6efcea1223600e6,06f3c8f223e4ba3629da736a4e1ce3bb3197df029f5acd17bbceca1a8d49d45d,AIGVDBench/Real/Real.zip,videos/RcN7dd6KTRk_39_0to226.mp4,4646447,4646737,dataset_cc_by_4_0_component_partial,not_downloaded
open_sora::RcN7dd6KTRk_39_0to226,AIGVDBench,RcN7dd6KTRk_39_0to226,aigvdbench:RcN7dd6KTRk_39_0to226,validation,validation,1,Open-Sora,text_to_video,RcN7dd6KTRk_39_0to226.mp4,b867323bc445d1b7ebbc9c9b4585eaada2140a14f611b2d1d6efcea1223600e6,06f3c8f223e4ba3629da736a4e1ce3bb3197df029f5acd17bbceca1a8d49d45d,AIGVDBench/OpenSource/T2V/Open-Sora.zip,videos/RcN7dd6KTRk_39_0to226.mp4,41383,42159,dataset_cc_by_4_0_component_partial,not_downloaded
real::Hnc6SyIpQ2M_19_0to122,AIGVDBench,Hnc6SyIpQ2M_19_0to122,aigvdbench:Hnc6SyIpQ2M_19_0to122,validation,validation,0,,real_video,Hnc6SyIpQ2M_19_0to122.mp4,a9c4babb03659df53575c368d4216497e149859462cb897e7f5b1e7d350fd291,06f9a2a071f9cb39da04c8d70b5de6e19f025f20b58983a33b9c154535f9094e,AIGVDBench/Real/Real.zip,videos/Hnc6SyIpQ2M_19_0to122.mp4,2838685,2838984,dataset_cc_by_4_0_component_partial,not_downloaded
open_sora::Hnc6SyIpQ2M_19_0to122,AIGVDBench,Hnc6SyIpQ2M_19_0to122,aigvdbench:Hnc6SyIpQ2M_19_0to122,validation,validation,1,Open-Sora,text_to_video,Hnc6SyIpQ2M_19_0to122.mp4,a9c4babb03659df53575c368d4216497e149859462cb897e7f5b1e7d350fd291,06f9a2a071f9cb39da04c8d70b5de6e19f025f20b58983a33b9c154535f9094e,AIGVDBench/OpenSource/T2V/Open-Sora.zip,videos/Hnc6SyIpQ2M_19_0to122.mp4,59307,60081,dataset_cc_by_4_0_component_partial,not_downloaded
real::h5Xe-yDyIV0_21_0to360,AIGVDBench,h5Xe-yDyIV0_21_0to360,aigvdbench:h5Xe-yDyIV0_21_0to360,validation,validation,0,,real_video,h5Xe-yDyIV0_21_0to360.mp4,9b79203467fa3cb01b3e2b3828e19dfe3884a6fce026c80f2ac22fd6a9d8efef,06fc74d18acf839848449c053f4a816fed6f9e49db5bd663c0d221f12c6b08cc,AIGVDBench/Real/Real.zip,videos/h5Xe-yDyIV0_21_0to360.mp4,6304670,6305799,dataset_cc_by_4_0_component_partial,not_downloaded
open_sora::h5Xe-yDyIV0_21_0to360,AIGVDBench,h5Xe-yDyIV0_21_0to360,aigvdbench:h5Xe-yDyIV0_21_0to360,validation,validation,1,Open-Sora,text_to_video,h5Xe-yDyIV0_21_0to360.mp4,9b79203467fa3cb01b3e2b3828e19dfe3884a6fce026c80f2ac22fd6a9d8efef,06fc74d18acf839848449c053f4a816fed6f9e49db5bd663c0d221f12c6b08cc,AIGVDBench/OpenSource/T2V/Open-Sora.zip,videos/h5Xe-yDyIV0_21_0to360.mp4,36175,37075,dataset_cc_by_4_0_component_partial,not_downloaded
real::P3qCQLyI_Yw_8_0to471,AIGVDBench,P3qCQLyI_Yw_8_0to471,aigvdbench:P3qCQLyI_Yw_8_0to471,validation,validation,0,,real_video,P3qCQLyI_Yw_8_0to471.mp4,714958255ac366763224e5d3851518feaab7a431b8ab9260a1d8f2e0f7702fe9,071317bdbf53fd737d8f4352d3f992b2ce0675c3235272a16667ce8f2b3a0270,AIGVDBench/Real/Real.zip,videos/P3qCQLyI_Yw_8_0to471.mp4,3156416,3160621,dataset_cc_by_4_0_component_partial,not_downloaded
open_sora::P3qCQLyI_Yw_8_0to471,AIGVDBench,P3qCQLyI_Yw_8_0to471,aigvdbench:P3qCQLyI_Yw_8_0to471,validation,validation,1,Open-Sora,text_to_video,P3qCQLyI_Yw_8_0to471.mp4,714958255ac366763224e5d3851518feaab7a431b8ab9260a1d8f2e0f7702fe9,071317bdbf53fd737d8f4352d3f992b2ce0675c3235272a16667ce8f2b3a0270,AIGVDBench/OpenSource/T2V/Open-Sora.zip,videos/P3qCQLyI_Yw_8_0to471.mp4,44914,45778,dataset_cc_by_4_0_component_partial,not_downloaded
real::6A0kCq0UoTQ_26_0to231,AIGVDBench,6A0kCq0UoTQ_26_0to231,aigvdbench:6A0kCq0UoTQ_26_0to231,validation,validation,0,,real_video,6A0kCq0UoTQ_26_0to231.mp4,ea1c7084b956b989d7586db9b42870e522b4e598c6344fa7ca1c805b14463fea,07225f62fa3d645f2b7450c9a901399e582c41ef024b3255d62d8e5017a26c5b,AIGVDBench/Real/Real.zip,videos/6A0kCq0UoTQ_26_0to231.mp4,2936144,2937041,dataset_cc_by_4_0_component_partial,not_downloaded
open_sora::6A0kCq0UoTQ_26_0to231,AIGVDBench,6A0kCq0UoTQ_26_0to231,aigvdbench:6A0kCq0UoTQ_26_0to231,validation,validation,1,Open-Sora,text_to_video,6A0kCq0UoTQ_26_0to231.mp4,ea1c7084b956b989d7586db9b42870e522b4e598c6344fa7ca1c805b14463fea,07225f62fa3d645f2b7450c9a901399e582c41ef024b3255d62d8e5017a26c5b,AIGVDBench/OpenSource/T2V/Open-Sora.zip,videos/6A0kCq0UoTQ_26_0to231.mp4,41987,42822,dataset_cc_by_4_0_component_partial,not_downloaded
real::J-XaFcCaIBc_5_535to636,AIGVDBench,J-XaFcCaIBc_5_535to636,aigvdbench:J-XaFcCaIBc_5_535to636,validation,validation,0,,real_video,J-XaFcCaIBc_5_535to636.mp4,9490e38ca317ffacb2f7b414cf651284671e33a75b4ba1df7c3cb20d0aaa5fd3,0757d182db8464cf9f191a6dfadc1b2409dbfefe435f2b12cc3d19064fecc28f,AIGVDBench/Real/Real.zip,videos/J-XaFcCaIBc_5_535to636.mp4,835034,835626,dataset_cc_by_4_0_component_partial,not_downloaded
open_sora::J-XaFcCaIBc_5_535to636,AIGVDBench,J-XaFcCaIBc_5_535to636,aigvdbench:J-XaFcCaIBc_5_535to636,validation,validation,1,Open-Sora,text_to_video,J-XaFcCaIBc_5_535to636.mp4,9490e38ca317ffacb2f7b414cf651284671e33a75b4ba1df7c3cb20d0aaa5fd3,0757d182db8464cf9f191a6dfadc1b2409dbfefe435f2b12cc3d19064fecc28f,AIGVDBench/OpenSource/T2V/Open-Sora.zip,videos/J-XaFcCaIBc_5_535to636.mp4,59474,60281,dataset_cc_by_4_0_component_partial,not_downloaded
real::3tiSGslFKjg_4_76to200,AIGVDBench,3tiSGslFKjg_4_76to200,aigvdbench:3tiSGslFKjg_4_76to200,validation,validation,0,,real_video,3tiSGslFKjg_4_76to200.mp4,605f6537ee3052b2686bd0d340be97cfd469b6fdb6a05dbe9d9e5695b85c0c80,0773db517e99418ad41fa106386deb1373bf11015565ea5c96626335e0f0075d,AIGVDBench/Real/Real.zip,videos/3tiSGslFKjg_4_76to200.mp4,1010052,1010726,dataset_cc_by_4_0_component_partial,not_downloaded
open_sora::3tiSGslFKjg_4_76to200,AIGVDBench,3tiSGslFKjg_4_76to200,aigvdbench:3tiSGslFKjg_4_76to200,validation,validation,1,Open-Sora,text_to_video,3tiSGslFKjg_4_76to200.mp4,605f6537ee3052b2686bd0d340be97cfd469b6fdb6a05dbe9d9e5695b85c0c80,0773db517e99418ad41fa106386deb1373bf11015565ea5c96626335e0f0075d,AIGVDBench/OpenSource/T2V/Open-Sora.zip,videos/3tiSGslFKjg_4_76to200.mp4,27121,28012,dataset_cc_by_4_0_component_partial,not_downloaded
real::K_TFHQP0-z4_97_35to140,AIGVDBench,K_TFHQP0-z4_97_35to140,aigvdbench:K_TFHQP0-z4_97_35to140,validation,validation,0,,real_video,K_TFHQP0-z4_97_35to140.mp4,074f941296ba386ee5d3ea71b5ddcc07953826484c34d2109d900d7013b3e152,0774c006e4aa9d2921bede45dffefdabfdf2980bbd0730a0717c06041181bc86,AIGVDBench/Real/Real.zip,videos/K_TFHQP0-z4_97_35to140.mp4,1015767,1016270,dataset_cc_by_4_0_component_partial,not_downloaded
open_sora::K_TFHQP0-z4_97_35to140,AIGVDBench,K_TFHQP0-z4_97_35to140,aigvdbench:K_TFHQP0-z4_97_35to140,validation,validation,1,Open-Sora,text_to_video,K_TFHQP0-z4_97_35to140.mp4,074f941296ba386ee5d3ea71b5ddcc07953826484c34d2109d900d7013b3e152,0774c006e4aa9d2921bede45dffefdabfdf2980bbd0730a0717c06041181bc86,AIGVDBench/OpenSource/T2V/Open-Sora.zip,videos/K_TFHQP0-z4_97_35to140.mp4,41670,42557,dataset_cc_by_4_0_component_partial,not_downloaded
real::Ei1eEtK7eh4_122_50to162,AIGVDBench,Ei1eEtK7eh4_122_50to162,aigvdbench:Ei1eEtK7eh4_122_50to162,validation,validation,0,,real_video,Ei1eEtK7eh4_122_50to162.mp4,5ff5bdf6b17899ee55964892576110052c380f338742004ea9cd2c8ee3ce3f23,07836fed636e61815b725f19df8f8e890ebd55142d3db8313a8ef7ea077bf5ec,AIGVDBench/Real/Real.zip,videos/Ei1eEtK7eh4_122_50to162.mp4,442518,443563,dataset_cc_by_4_0_component_partial,not_downloaded
open_sora::Ei1eEtK7eh4_122_50to162,AIGVDBench,Ei1eEtK7eh4_122_50to162,aigvdbench:Ei1eEtK7eh4_122_50to162,validation,validation,1,Open-Sora,text_to_video,Ei1eEtK7eh4_122_50to162.mp4,5ff5bdf6b17899ee55964892576110052c380f338742004ea9cd2c8ee3ce3f23,07836fed636e61815b725f19df8f8e890ebd55142d3db8313a8ef7ea077bf5ec,AIGVDBench/OpenSource/T2V/Open-Sora.zip,videos/Ei1eEtK7eh4_122_50to162.mp4,25822,26797,dataset_cc_by_4_0_component_partial,not_downloaded
real::PZvO6kg4bdA_38_78to186,AIGVDBench,PZvO6kg4bdA_38_78to186,aigvdbench:PZvO6kg4bdA_38_78to186,validation,validation,0,,real_video,PZvO6kg4bdA_38_78to186.mp4,191ff53b544e7ff352188c5ff55b07011fd80124f8c85f890106b8a955e04081,078e23e86f85b06a76f6f0c8e575114ed278feafcd2ce631c25ea358dc1b3984,AIGVDBench/Real/Real.zip,videos/PZvO6kg4bdA_38_78to186.mp4,804194,805208,dataset_cc_by_4_0_component_partial,not_downloaded
open_sora::PZvO6kg4bdA_38_78to186,AIGVDBench,PZvO6kg4bdA_38_78to186,aigvdbench:PZvO6kg4bdA_38_78to186,validation,validation,1,Open-Sora,text_to_video,PZvO6kg4bdA_38_78to186.mp4,191ff53b544e7ff352188c5ff55b07011fd80124f8c85f890106b8a955e04081,078e23e86f85b06a76f6f0c8e575114ed278feafcd2ce631c25ea358dc1b3984,AIGVDBench/OpenSource/T2V/Open-Sora.zip,videos/PZvO6kg4bdA_38_78to186.mp4,73670,74336,dataset_cc_by_4_0_component_partial,not_downloaded
real::CdqmVEbXAp8_29_102to235,AIGVDBench,CdqmVEbXAp8_29_102to235,aigvdbench:CdqmVEbXAp8_29_102to235,validation,validation,0,,real_video,CdqmVEbXAp8_29_102to235.mp4,50b91fc86db263b653ba49bbf62dccbd3db393ebdae78661240b90548b630040,079a41fdae6a6f27bd64203f665b43a60b8f30819ef589b2e5ffec2122d7491a,AIGVDBench/Real/Real.zip,videos/CdqmVEbXAp8_29_102to235.mp4,1859296,1859700,dataset_cc_by_4_0_component_partial,not_downloaded
open_sora::CdqmVEbXAp8_29_102to235,AIGVDBench,CdqmVEbXAp8_29_102to235,aigvdbench:CdqmVEbXAp8_29_102to235,validation,validation,1,Open-Sora,text_to_video,CdqmVEbXAp8_29_102to235.mp4,50b91fc86db263b653ba49bbf62dccbd3db393ebdae78661240b90548b630040,079a41fdae6a6f27bd64203f665b43a60b8f30819ef589b2e5ffec2122d7491a,AIGVDBench/OpenSource/T2V/Open-Sora.zip,videos/CdqmVEbXAp8_29_102to235.mp4,45459,46271,dataset_cc_by_4_0_component_partial,not_downloaded
real::eSP0sWFI2cI_66_0to120,AIGVDBench,eSP0sWFI2cI_66_0to120,aigvdbench:eSP0sWFI2cI_66_0to120,validation,validation,0,,real_video,eSP0sWFI2cI_66_0to120.mp4,1c271ee79a89bd9d578cd637b2c7685d115dc5ec37a542978ce5c38a9b8016fb,07a11af152a9bf9a946ac76a56fec3c9d84ea2a08a161b04b9ab1db70d22cfea,AIGVDBench/Real/Real.zip,videos/eSP0sWFI2cI_66_0to120.mp4,4026422,4026342,dataset_cc_by_4_0_component_partial,not_downloaded
open_sora::eSP0sWFI2cI_66_0to120,AIGVDBench,eSP0sWFI2cI_66_0to120,aigvdbench:eSP0sWFI2cI_66_0to120,validation,validation,1,Open-Sora,text_to_video,eSP0sWFI2cI_66_0to120.mp4,1c271ee79a89bd9d578cd637b2c7685d115dc5ec37a542978ce5c38a9b8016fb,07a11af152a9bf9a946ac76a56fec3c9d84ea2a08a161b04b9ab1db70d22cfea,AIGVDBench/OpenSource/T2V/Open-Sora.zip,videos/eSP0sWFI2cI_66_0to120.mp4,81998,82680,dataset_cc_by_4_0_component_partial,not_downloaded
real::fpVsrsvwe4M_16_81to246,AIGVDBench,fpVsrsvwe4M_16_81to246,aigvdbench:fpVsrsvwe4M_16_81to246,validation,validation,0,,real_video,fpVsrsvwe4M_16_81to246.mp4,2553d05d21c2cf4465c4a8fc6dfe39067e51df62554fcbc21d1253ff40e36ca1,07ea80545844809c675530d3ce0ac4618204b94967bf144f6b41de74005695da,AIGVDBench/Real/Real.zip,videos/fpVsrsvwe4M_16_81to246.mp4,2298551,2299281,dataset_cc_by_4_0_component_partial,not_downloaded
open_sora::fpVsrsvwe4M_16_81to246,AIGVDBench,fpVsrsvwe4M_16_81to246,aigvdbench:fpVsrsvwe4M_16_81to246,validation,validation,1,Open-Sora,text_to_video,fpVsrsvwe4M_16_81to246.mp4,2553d05d21c2cf4465c4a8fc6dfe39067e51df62554fcbc21d1253ff40e36ca1,07ea80545844809c675530d3ce0ac4618204b94967bf144f6b41de74005695da,AIGVDBench/OpenSource/T2V/Open-Sora.zip,videos/fpVsrsvwe4M_16_81to246.mp4,53210,53989,dataset_cc_by_4_0_component_partial,not_downloaded
real::PP-mJktDRs4_2_0to110,AIGVDBench,PP-mJktDRs4_2_0to110,aigvdbench:PP-mJktDRs4_2_0to110,validation,validation,0,,real_video,PP-mJktDRs4_2_0to110.mp4,9e04fc1c5f3e53b15c894be6e69de724648eb8242cc9a1c646af2b264f4fd7f5,0800682ffa1c5ecc62e899da95d0bc7bc9ed574595632b477cf1c38f0ac8e37d,AIGVDBench/Real/Real.zip,videos/PP-mJktDRs4_2_0to110.mp4,2851329,2851535,dataset_cc_by_4_0_component_partial,not_downloaded
open_sora::PP-mJktDRs4_2_0to110,AIGVDBench,PP-mJktDRs4_2_0to110,aigvdbench:PP-mJktDRs4_2_0to110,validation,validation,1,Open-Sora,text_to_video,PP-mJktDRs4_2_0to110.mp4,9e04fc1c5f3e53b15c894be6e69de724648eb8242cc9a1c646af2b264f4fd7f5,0800682ffa1c5ecc62e899da95d0bc7bc9ed574595632b477cf1c38f0ac8e37d,AIGVDBench/OpenSource/T2V/Open-Sora.zip,videos/PP-mJktDRs4_2_0to110.mp4,44830,45659,dataset_cc_by_4_0_component_partial,not_downloaded
real::WtOr0Ue8W1I_4_0to411,AIGVDBench,WtOr0Ue8W1I_4_0to411,aigvdbench:WtOr0Ue8W1I_4_0to411,validation,validation,0,,real_video,WtOr0Ue8W1I_4_0to411.mp4,e760932f0800b3035c922df0f209c2e5a5d1bf5646056bae32801f3b59c83826,087898e59827c2130508c77523a995d8b03635a2f69bf7a29a35f561dddc4f91,AIGVDBench/Real/Real.zip,videos/WtOr0Ue8W1I_4_0to411.mp4,6493377,6494835,dataset_cc_by_4_0_component_partial,not_downloaded
open_sora::WtOr0Ue8W1I_4_0to411,AIGVDBench,WtOr0Ue8W1I_4_0to411,aigvdbench:WtOr0Ue8W1I_4_0to411,validation,validation,1,Open-Sora,text_to_video,WtOr0Ue8W1I_4_0to411.mp4,e760932f0800b3035c922df0f209c2e5a5d1bf5646056bae32801f3b59c83826,087898e59827c2130508c77523a995d8b03635a2f69bf7a29a35f561dddc4f91,AIGVDBench/OpenSource/T2V/Open-Sora.zip,videos/WtOr0Ue8W1I_4_0to411.mp4,56250,57043,dataset_cc_by_4_0_component_partial,not_downloaded
real::2NdxYQs7qbk_23_45to259,AIGVDBench,2NdxYQs7qbk_23_45to259,aigvdbench:2NdxYQs7qbk_23_45to259,validation,validation,0,,real_video,2NdxYQs7qbk_23_45to259.mp4,a8521a6948b57c0abaa1ab435fb4ef115bfa55a38b9ca486130134716538531a,0880343cfd8c5aded3306b7b775508e14e372f17db2cdea3e137877f80769d26,AIGVDBench/Real/Real.zip,videos/2NdxYQs7qbk_23_45to259.mp4,2591473,2592444,dataset_cc_by_4_0_component_partial,not_downloaded
open_sora::2NdxYQs7qbk_23_45to259,AIGVDBench,2NdxYQs7qbk_23_45to259,aigvdbench:2NdxYQs7qbk_23_45to259,validation,validation,1,Open-Sora,text_to_video,2NdxYQs7qbk_23_45to259.mp4,a8521a6948b57c0abaa1ab435fb4ef115bfa55a38b9ca486130134716538531a,0880343cfd8c5aded3306b7b775508e14e372f17db2cdea3e137877f80769d26,AIGVDBench/OpenSource/T2V/Open-Sora.zip,videos/2NdxYQs7qbk_23_45to259.mp4,59878,60624,dataset_cc_by_4_0_component_partial,not_downloaded
real::nEXY9NE_Cus_19_626to860,AIGVDBench,nEXY9NE_Cus_19_626to860,aigvdbench:nEXY9NE_Cus_19_626to860,validation,validation,0,,real_video,nEXY9NE_Cus_19_626to860.mp4,284992695958dc366108129118380b5f8f65b86b76aa0030b8dcf0722d2ee0ec,08946442b2c2060612c45aaf9c4323f27da6ad8fe3d591534c4ff31799d8e237,AIGVDBench/Real/Real.zip,videos/nEXY9NE_Cus_19_626to860.mp4,3095783,3097526,dataset_cc_by_4_0_component_partial,not_downloaded
open_sora::nEXY9NE_Cus_19_626to860,AIGVDBench,nEXY9NE_Cus_19_626to860,aigvdbench:nEXY9NE_Cus_19_626to860,validation,validation,1,Open-Sora,text_to_video,nEXY9NE_Cus_19_626to860.mp4,284992695958dc366108129118380b5f8f65b86b76aa0030b8dcf0722d2ee0ec,08946442b2c2060612c45aaf9c4323f27da6ad8fe3d591534c4ff31799d8e237,AIGVDBench/OpenSource/T2V/Open-Sora.zip,videos/nEXY9NE_Cus_19_626to860.mp4,51856,52645,dataset_cc_by_4_0_component_partial,not_downloaded
real::NFp8zhJx8Jg_26_0to159,AIGVDBench,NFp8zhJx8Jg_26_0to159,aigvdbench:NFp8zhJx8Jg_26_0to159,validation,validation,0,,real_video,NFp8zhJx8Jg_26_0to159.mp4,286db01342c45fe9290cd80ccf8a4a5ed5e2076433f93586d8afc6bc8c2c0460,0895464eb18ccee3e32373dc09a1831f4f5cfbd8f1e499685d699fb09d9c29aa,AIGVDBench/Real/Real.zip,videos/NFp8zhJx8Jg_26_0to159.mp4,2486011,2486462,dataset_cc_by_4_0_component_partial,not_downloaded
open_sora::NFp8zhJx8Jg_26_0to159,AIGVDBench,NFp8zhJx8Jg_26_0to159,aigvdbench:NFp8zhJx8Jg_26_0to159,validation,validation,1,Open-Sora,text_to_video,NFp8zhJx8Jg_26_0to159.mp4,286db01342c45fe9290cd80ccf8a4a5ed5e2076433f93586d8afc6bc8c2c0460,0895464eb18ccee3e32373dc09a1831f4f5cfbd8f1e499685d699fb09d9c29aa,AIGVDBench/OpenSource/T2V/Open-Sora.zip,videos/NFp8zhJx8Jg_26_0to159.mp4,38399,39330,dataset_cc_by_4_0_component_partial,not_downloaded
real::mRpdEHIX_7M_18_498to695,AIGVDBench,mRpdEHIX_7M_18_498to695,aigvdbench:mRpdEHIX_7M_18_498to695,validation,validation,0,,real_video,mRpdEHIX_7M_18_498to695.mp4,ca45fbacc3deb387b96cd0f1df166a2657871b71f6862f506309c61565767d14,08aad57f27537b11c67aca2eb368f50e2827e4d77ad2fbcfc6ac94153d4dd3d3,AIGVDBench/Real/Real.zip,videos/mRpdEHIX_7M_18_498to695.mp4,3389957,3390273,dataset_cc_by_4_0_component_partial,not_downloaded
open_sora::mRpdEHIX_7M_18_498to695,AIGVDBench,mRpdEHIX_7M_18_498to695,aigvdbench:mRpdEHIX_7M_18_498to695,validation,validation,1,Open-Sora,text_to_video,mRpdEHIX_7M_18_498to695.mp4,ca45fbacc3deb387b96cd0f1df166a2657871b71f6862f506309c61565767d14,08aad57f27537b11c67aca2eb368f50e2827e4d77ad2fbcfc6ac94153d4dd3d3,AIGVDBench/OpenSource/T2V/Open-Sora.zip,videos/mRpdEHIX_7M_18_498to695.mp4,47950,48783,dataset_cc_by_4_0_component_partial,not_downloaded
real::_rb92HIhFdU_21_0to148,AIGVDBench,_rb92HIhFdU_21_0to148,aigvdbench:_rb92HIhFdU_21_0to148,validation,validation,0,,real_video,_rb92HIhFdU_21_0to148.mp4,dfe71d92e5f528e8e5162d9b8b82934643229b91830f709a418453faa9d0ba93,08b3ac75e4b5107e70133048c324b1cde3517d84149cae4c9bd1623d40dd8edd,AIGVDBench/Real/Real.zip,videos/_rb92HIhFdU_21_0to148.mp4,1993709,1995059,dataset_cc_by_4_0_component_partial,not_downloaded
open_sora::_rb92HIhFdU_21_0to148,AIGVDBench,_rb92HIhFdU_21_0to148,aigvdbench:_rb92HIhFdU_21_0to148,validation,validation,1,Open-Sora,text_to_video,_rb92HIhFdU_21_0to148.mp4,dfe71d92e5f528e8e5162d9b8b82934643229b91830f709a418453faa9d0ba93,08b3ac75e4b5107e70133048c324b1cde3517d84149cae4c9bd1623d40dd8edd,AIGVDBench/OpenSource/T2V/Open-Sora.zip,videos/_rb92HIhFdU_21_0to148.mp4,68686,69477,dataset_cc_by_4_0_component_partial,not_downloaded
real::hN8lNMrhRYw_8_46to406,AIGVDBench,hN8lNMrhRYw_8_46to406,aigvdbench:hN8lNMrhRYw_8_46to406,validation,validation,0,,real_video,hN8lNMrhRYw_8_46to406.mp4,66dc6e8075d46b807c50164a9def50466957fef613091e155e1c8966dfc7798b,08cc95acc282d04078877568d7ad8b009e201a17cd299144c01543531264e895,AIGVDBench/Real/Real.zip,videos/hN8lNMrhRYw_8_46to406.mp4,3865113,3866048,dataset_cc_by_4_0_component_partial,not_downloaded
open_sora::hN8lNMrhRYw_8_46to406,AIGVDBench,hN8lNMrhRYw_8_46to406,aigvdbench:hN8lNMrhRYw_8_46to406,validation,validation,1,Open-Sora,text_to_video,hN8lNMrhRYw_8_46to406.mp4,66dc6e8075d46b807c50164a9def50466957fef613091e155e1c8966dfc7798b,08cc95acc282d04078877568d7ad8b009e201a17cd299144c01543531264e895,AIGVDBench/OpenSource/T2V/Open-Sora.zip,videos/hN8lNMrhRYw_8_46to406.mp4,54957,55708,dataset_cc_by_4_0_component_partial,not_downloaded
real::v2ESTRH3zVI_0_0to192,AIGVDBench,v2ESTRH3zVI_0_0to192,aigvdbench:v2ESTRH3zVI_0_0to192,validation,validation,0,,real_video,v2ESTRH3zVI_0_0to192.mp4,ffc94f6b93543c57f7f466891e89ab9d8904b3f691efafdc9e143a52babd58a3,08d372597530e8c109a4bf73fb8774ce0e0bdaeba9533753d7bb5fc0ad175dec,AIGVDBench/Real/Real.zip,videos/v2ESTRH3zVI_0_0to192.mp4,4577366,4577758,dataset_cc_by_4_0_component_partial,not_downloaded
open_sora::v2ESTRH3zVI_0_0to192,AIGVDBench,v2ESTRH3zVI_0_0to192,aigvdbench:v2ESTRH3zVI_0_0to192,validation,validation,1,Open-Sora,text_to_video,v2ESTRH3zVI_0_0to192.mp4,ffc94f6b93543c57f7f466891e89ab9d8904b3f691efafdc9e143a52babd58a3,08d372597530e8c109a4bf73fb8774ce0e0bdaeba9533753d7bb5fc0ad175dec,AIGVDBench/OpenSource/T2V/Open-Sora.zip,videos/v2ESTRH3zVI_0_0to192.mp4,38253,39103,dataset_cc_by_4_0_component_partial,not_downloaded
real::BVqRAAajSNk_11_0to136,AIGVDBench,BVqRAAajSNk_11_0to136,aigvdbench:BVqRAAajSNk_11_0to136,validation,validation,0,,real_video,BVqRAAajSNk_11_0to136.mp4,cde5550a9320e24eadd4874b9a54aa395481d5fd8bff6079e360e4c49e648c80,08e0a65fcce74eb450da105cd754dd10fa04cd2ab7f09104163fecc763d13bb5,AIGVDBench/Real/Real.zip,videos/BVqRAAajSNk_11_0to136.mp4,3575212,3575886,dataset_cc_by_4_0_component_partial,not_downloaded
open_sora::BVqRAAajSNk_11_0to136,AIGVDBench,BVqRAAajSNk_11_0to136,aigvdbench:BVqRAAajSNk_11_0to136,validation,validation,1,Open-Sora,text_to_video,BVqRAAajSNk_11_0to136.mp4,cde5550a9320e24eadd4874b9a54aa395481d5fd8bff6079e360e4c49e648c80,08e0a65fcce74eb450da105cd754dd10fa04cd2ab7f09104163fecc763d13bb5,AIGVDBench/OpenSource/T2V/Open-Sora.zip,videos/BVqRAAajSNk_11_0to136.mp4,97574,98272,dataset_cc_by_4_0_component_partial,not_downloaded
real::EjYGOBHnee0_7_0to225,AIGVDBench,EjYGOBHnee0_7_0to225,aigvdbench:EjYGOBHnee0_7_0to225,validation,validation,0,,real_video,EjYGOBHnee0_7_0to225.mp4,f57890c043a14d8eac3d51b41f07f8e1c16b6bdb6548a291a5eb74984423bf60,0921918c3746a88463a8a424cabdaecf168b46ba1e756d49a18a45ea9b0de43d,AIGVDBench/Real/Real.zip,videos/EjYGOBHnee0_7_0to225.mp4,2416836,2418656,dataset_cc_by_4_0_component_partial,not_downloaded
open_sora::EjYGOBHnee0_7_0to225,AIGVDBench,EjYGOBHnee0_7_0to225,aigvdbench:EjYGOBHnee0_7_0to225,validation,validation,1,Open-Sora,text_to_video,EjYGOBHnee0_7_0to225.mp4,f57890c043a14d8eac3d51b41f07f8e1c16b6bdb6548a291a5eb74984423bf60,0921918c3746a88463a8a424cabdaecf168b46ba1e756d49a18a45ea9b0de43d,AIGVDBench/OpenSource/T2V/Open-Sora.zip,videos/EjYGOBHnee0_7_0to225.mp4,56567,57293,dataset_cc_by_4_0_component_partial,not_downloaded
real::ajoqbaL-NV8_28_0to107,AIGVDBench,ajoqbaL-NV8_28_0to107,aigvdbench:ajoqbaL-NV8_28_0to107,validation,validation,0,,real_video,ajoqbaL-NV8_28_0to107.mp4,1ed595607be5e9f57bfb584e74587172bd7bd6acb260dddd349c9bd2af14617d,093c92d37b64434caf44bd00bb47adc375358c068cff8261091a34e18b01fe20,AIGVDBench/Real/Real.zip,videos/ajoqbaL-NV8_28_0to107.mp4,1859427,1859818,dataset_cc_by_4_0_component_partial,not_downloaded
open_sora::ajoqbaL-NV8_28_0to107,AIGVDBench,ajoqbaL-NV8_28_0to107,aigvdbench:ajoqbaL-NV8_28_0to107,validation,validation,1,Open-Sora,text_to_video,ajoqbaL-NV8_28_0to107.mp4,1ed595607be5e9f57bfb584e74587172bd7bd6acb260dddd349c9bd2af14617d,093c92d37b64434caf44bd00bb47adc375358c068cff8261091a34e18b01fe20,AIGVDBench/OpenSource/T2V/Open-Sora.zip,videos/ajoqbaL-NV8_28_0to107.mp4,45582,46443,dataset_cc_by_4_0_component_partial,not_downloaded
real::_JB_HTZPSDU_7_0to215,AIGVDBench,_JB_HTZPSDU_7_0to215,aigvdbench:_JB_HTZPSDU_7_0to215,validation,validation,0,,real_video,_JB_HTZPSDU_7_0to215.mp4,5b85ec38bed6fb3270a84fde2ec386c2e7b0a0eb9c31e779d66a44288ef96c07,09436142a35279b7ae83e3543cd8b85785d6e222a3039c10b094bba23be043f9,AIGVDBench/Real/Real.zip,videos/_JB_HTZPSDU_7_0to215.mp4,1984385,1986318,dataset_cc_by_4_0_component_partial,not_downloaded
open_sora::_JB_HTZPSDU_7_0to215,AIGVDBench,_JB_HTZPSDU_7_0to215,aigvdbench:_JB_HTZPSDU_7_0to215,validation,validation,1,Open-Sora,text_to_video,_JB_HTZPSDU_7_0to215.mp4,5b85ec38bed6fb3270a84fde2ec386c2e7b0a0eb9c31e779d66a44288ef96c07,09436142a35279b7ae83e3543cd8b85785d6e222a3039c10b094bba23be043f9,AIGVDBench/OpenSource/T2V/Open-Sora.zip,videos/_JB_HTZPSDU_7_0to215.mp4,47546,48352,dataset_cc_by_4_0_component_partial,not_downloaded
real::ADCEcGzs450_2_0to274,AIGVDBench,ADCEcGzs450_2_0to274,aigvdbench:ADCEcGzs450_2_0to274,validation,validation,0,,real_video,ADCEcGzs450_2_0to274.mp4,4306d9031cf1a57366063d2617a0b639f4c7f06fd88fa713db02212f7e8eadac,097177622f09de3ea1251cf84e39c6d61cab37d4f4057b071211e4015ac945a6,AIGVDBench/Real/Real.zip,videos/ADCEcGzs450_2_0to274.mp4,3786247,3788178,dataset_cc_by_4_0_component_partial,not_downloaded
open_sora::ADCEcGzs450_2_0to274,AIGVDBench,ADCEcGzs450_2_0to274,aigvdbench:ADCEcGzs450_2_0to274,validation,validation,1,Open-Sora,text_to_video,ADCEcGzs450_2_0to274.mp4,4306d9031cf1a57366063d2617a0b639f4c7f06fd88fa713db02212f7e8eadac,097177622f09de3ea1251cf84e39c6d61cab37d4f4057b071211e4015ac945a6,AIGVDBench/OpenSource/T2V/Open-Sora.zip,videos/ADCEcGzs450_2_0to274.mp4,45489,46325,dataset_cc_by_4_0_component_partial,not_downloaded
real::ndWV6RBY7r8_17_67to249,AIGVDBench,ndWV6RBY7r8_17_67to249,aigvdbench:ndWV6RBY7r8_17_67to249,validation,validation,0,,real_video,ndWV6RBY7r8_17_67to249.mp4,a92e5d3a5d841ce9d3b328811b80fe9e4ec8e0b7447784e97254f32b7bd492be,0986c4ea4f8f268b158f5474a584cdd649266fbfd42b865c990ad53e8b33a349,AIGVDBench/Real/Real.zip,videos/ndWV6RBY7r8_17_67to249.mp4,2887506,2888780,dataset_cc_by_4_0_component_partial,not_downloaded
open_sora::ndWV6RBY7r8_17_67to249,AIGVDBench,ndWV6RBY7r8_17_67to249,aigvdbench:ndWV6RBY7r8_17_67to249,validation,validation,1,Open-Sora,text_to_video,ndWV6RBY7r8_17_67to249.mp4,a92e5d3a5d841ce9d3b328811b80fe9e4ec8e0b7447784e97254f32b7bd492be,0986c4ea4f8f268b158f5474a584cdd649266fbfd42b865c990ad53e8b33a349,AIGVDBench/OpenSource/T2V/Open-Sora.zip,videos/ndWV6RBY7r8_17_67to249.mp4,49335,50124,dataset_cc_by_4_0_component_partial,not_downloaded
real::WnvjePkJMG4_9_0to147,AIGVDBench,WnvjePkJMG4_9_0to147,aigvdbench:WnvjePkJMG4_9_0to147,validation,validation,0,,real_video,WnvjePkJMG4_9_0to147.mp4,d3f2a9c9db88fea116a3ab34b764ff96e057f41d3d172aab9c0742b5a2b8dd0b,09dd0d59b9a870c8bb2e4abf42f8429add3481b042fc7b87ec14cd24dd56166e,AIGVDBench/Real/Real.zip,videos/WnvjePkJMG4_9_0to147.mp4,3638848,3639451,dataset_cc_by_4_0_component_partial,not_downloaded
open_sora::WnvjePkJMG4_9_0to147,AIGVDBench,WnvjePkJMG4_9_0to147,aigvdbench:WnvjePkJMG4_9_0to147,validation,validation,1,Open-Sora,text_to_video,WnvjePkJMG4_9_0to147.mp4,d3f2a9c9db88fea116a3ab34b764ff96e057f41d3d172aab9c0742b5a2b8dd0b,09dd0d59b9a870c8bb2e4abf42f8429add3481b042fc7b87ec14cd24dd56166e,AIGVDBench/OpenSource/T2V/Open-Sora.zip,videos/WnvjePkJMG4_9_0to147.mp4,64391,65142,dataset_cc_by_4_0_component_partial,not_downloaded
real::opoNCFLTtjY_53_0to109,AIGVDBench,opoNCFLTtjY_53_0to109,aigvdbench:opoNCFLTtjY_53_0to109,validation,validation,0,,real_video,opoNCFLTtjY_53_0to109.mp4,8e1e1a8d38ffd284563192d0a636d3111d6a86e09bac280a95f739f3514084ca,09e55e3105b2989bc046e7a2be3116ca21c1e8c86e1f82d1b9d4d70b292e963f,AIGVDBench/Real/Real.zip,videos/opoNCFLTtjY_53_0to109.mp4,1861903,1862316,dataset_cc_by_4_0_component_partial,not_downloaded
open_sora::opoNCFLTtjY_53_0to109,AIGVDBench,opoNCFLTtjY_53_0to109,aigvdbench:opoNCFLTtjY_53_0to109,validation,validation,1,Open-Sora,text_to_video,opoNCFLTtjY_53_0to109.mp4,8e1e1a8d38ffd284563192d0a636d3111d6a86e09bac280a95f739f3514084ca,09e55e3105b2989bc046e7a2be3116ca21c1e8c86e1f82d1b9d4d70b292e963f,AIGVDBench/OpenSource/T2V/Open-Sora.zip,videos/opoNCFLTtjY_53_0to109.mp4,36987,37821,dataset_cc_by_4_0_component_partial,not_downloaded
real::Bb4Si7ZVFSQ_31_0to171,AIGVDBench,Bb4Si7ZVFSQ_31_0to171,aigvdbench:Bb4Si7ZVFSQ_31_0to171,validation,validation,0,,real_video,Bb4Si7ZVFSQ_31_0to171.mp4,12f669d7ab61076e20b8ed75c35260dd3f1df819c7f4fe8296b982279999ae71,0a2f7e752635cb8fc309a1fb91d4b4f007795e71fee053069064b1dc7d4e6c74,AIGVDBench/Real/Real.zip,videos/Bb4Si7ZVFSQ_31_0to171.mp4,5786078,5786227,dataset_cc_by_4_0_component_partial,not_downloaded
open_sora::Bb4Si7ZVFSQ_31_0to171,AIGVDBench,Bb4Si7ZVFSQ_31_0to171,aigvdbench:Bb4Si7ZVFSQ_31_0to171,validation,validation,1,Open-Sora,text_to_video,Bb4Si7ZVFSQ_31_0to171.mp4,12f669d7ab61076e20b8ed75c35260dd3f1df819c7f4fe8296b982279999ae71,0a2f7e752635cb8fc309a1fb91d4b4f007795e71fee053069064b1dc7d4e6c74,AIGVDBench/OpenSource/T2V/Open-Sora.zip,videos/Bb4Si7ZVFSQ_31_0to171.mp4,57332,58105,dataset_cc_by_4_0_component_partial,not_downloaded
real::6sXCk1hi8OM_250_0to118,AIGVDBench,6sXCk1hi8OM_250_0to118,aigvdbench:6sXCk1hi8OM_250_0to118,validation,validation,0,,real_video,6sXCk1hi8OM_250_0to118.mp4,fa7479ecfee842688349e0818c1e221e9a575255dbb731e4b404c96487d43c93,0a44ef5720abb8ff6f9a0de2b752534c043c256ac75d2f9bf2005c7ca2f20485,AIGVDBench/Real/Real.zip,videos/6sXCk1hi8OM_250_0to118.mp4,2138693,2139339,dataset_cc_by_4_0_component_partial,not_downloaded
open_sora::6sXCk1hi8OM_250_0to118,AIGVDBench,6sXCk1hi8OM_250_0to118,aigvdbench:6sXCk1hi8OM_250_0to118,validation,validation,1,Open-Sora,text_to_video,6sXCk1hi8OM_250_0to118.mp4,fa7479ecfee842688349e0818c1e221e9a575255dbb731e4b404c96487d43c93,0a44ef5720abb8ff6f9a0de2b752534c043c256ac75d2f9bf2005c7ca2f20485,AIGVDBench/OpenSource/T2V/Open-Sora.zip,videos/6sXCk1hi8OM_250_0to118.mp4,55532,56334,dataset_cc_by_4_0_component_partial,not_downloaded
real::cCNMBWfbVAE_9_0to198,AIGVDBench,cCNMBWfbVAE_9_0to198,aigvdbench:cCNMBWfbVAE_9_0to198,validation,validation,0,,real_video,cCNMBWfbVAE_9_0to198.mp4,6b936535ba378619c8b6a9246b6e1f83044152c936d5d9d658c53d2d7df722e0,0a50801a458b44255f1fc7ea167b36b0c9ca18a371fe22156299b9d361a13621,AIGVDBench/Real/Real.zip,videos/cCNMBWfbVAE_9_0to198.mp4,3323369,3323987,dataset_cc_by_4_0_component_partial,not_downloaded
open_sora::cCNMBWfbVAE_9_0to198,AIGVDBench,cCNMBWfbVAE_9_0to198,aigvdbench:cCNMBWfbVAE_9_0to198,validation,validation,1,Open-Sora,text_to_video,cCNMBWfbVAE_9_0to198.mp4,6b936535ba378619c8b6a9246b6e1f83044152c936d5d9d658c53d2d7df722e0,0a50801a458b44255f1fc7ea167b36b0c9ca18a371fe22156299b9d361a13621,AIGVDBench/OpenSource/T2V/Open-Sora.zip,videos/cCNMBWfbVAE_9_0to198.mp4,58272,59095,dataset_cc_by_4_0_component_partial,not_downloaded
real::si8-S3bXOis_177_0to103,AIGVDBench,si8-S3bXOis_177_0to103,aigvdbench:si8-S3bXOis_177_0to103,validation,validation,0,,real_video,si8-S3bXOis_177_0to103.mp4,b25b1accbdcc11d621e8796f7a399d7e42d8f6596044d5cee45fa86009884273,0a5e0ffeeced25bd3792a263a95d3eeb82a42ac6a4ce43de5b582d8398a8c0ea,AIGVDBench/Real/Real.zip,videos/si8-S3bXOis_177_0to103.mp4,4643616,4643571,dataset_cc_by_4_0_component_partial,not_downloaded
open_sora::si8-S3bXOis_177_0to103,AIGVDBench,si8-S3bXOis_177_0to103,aigvdbench:si8-S3bXOis_177_0to103,validation,validation,1,Open-Sora,text_to_video,si8-S3bXOis_177_0to103.mp4,b25b1accbdcc11d621e8796f7a399d7e42d8f6596044d5cee45fa86009884273,0a5e0ffeeced25bd3792a263a95d3eeb82a42ac6a4ce43de5b582d8398a8c0ea,AIGVDBench/OpenSource/T2V/Open-Sora.zip,videos/si8-S3bXOis_177_0to103.mp4,71435,72142,dataset_cc_by_4_0_component_partial,not_downloaded
real::kOSZ0fpTJeg_8_0to116,AIGVDBench,kOSZ0fpTJeg_8_0to116,aigvdbench:kOSZ0fpTJeg_8_0to116,validation,validation,0,,real_video,kOSZ0fpTJeg_8_0to116.mp4,73b9d5cb320eb2a84cd156f77b232d9ab0c9a62002b68bfc3fd27bfd301343de,0a6419d9658d860f8edbe2cccabb678d40b001f0629eb574f3364091471ca554,AIGVDBench/Real/Real.zip,videos/kOSZ0fpTJeg_8_0to116.mp4,1338334,1338942,dataset_cc_by_4_0_component_partial,not_downloaded
open_sora::kOSZ0fpTJeg_8_0to116,AIGVDBench,kOSZ0fpTJeg_8_0to116,aigvdbench:kOSZ0fpTJeg_8_0to116,validation,validation,1,Open-Sora,text_to_video,kOSZ0fpTJeg_8_0to116.mp4,73b9d5cb320eb2a84cd156f77b232d9ab0c9a62002b68bfc3fd27bfd301343de,0a6419d9658d860f8edbe2cccabb678d40b001f0629eb574f3364091471ca554,AIGVDBench/OpenSource/T2V/Open-Sora.zip,videos/kOSZ0fpTJeg_8_0to116.mp4,31917,32891,dataset_cc_by_4_0_component_partial,not_downloaded
real::3Ay4Sk7NRCY_3_0to109,AIGVDBench,3Ay4Sk7NRCY_3_0to109,aigvdbench:3Ay4Sk7NRCY_3_0to109,validation,validation,0,,real_video,3Ay4Sk7NRCY_3_0to109.mp4,f602c11c7b9aaa8f82e7577becc7d7cf45c6494de2fda35ddb5390aae9637c8e,0a7880dc1d609f75c2624025f1e2a8964618d7770ec95f81ad29616e2d15d80b,AIGVDBench/Real/Real.zip,videos/3Ay4Sk7NRCY_3_0to109.mp4,1704003,1704688,dataset_cc_by_4_0_component_partial,not_downloaded
open_sora::3Ay4Sk7NRCY_3_0to109,AIGVDBench,3Ay4Sk7NRCY_3_0to109,aigvdbench:3Ay4Sk7NRCY_3_0to109,validation,validation,1,Open-Sora,text_to_video,3Ay4Sk7NRCY_3_0to109.mp4,f602c11c7b9aaa8f82e7577becc7d7cf45c6494de2fda35ddb5390aae9637c8e,0a7880dc1d609f75c2624025f1e2a8964618d7770ec95f81ad29616e2d15d80b,AIGVDBench/OpenSource/T2V/Open-Sora.zip,videos/3Ay4Sk7NRCY_3_0to109.mp4,50474,51357,dataset_cc_by_4_0_component_partial,not_downloaded
real::g3ZUB_Jn49M_16_18to130,AIGVDBench,g3ZUB_Jn49M_16_18to130,aigvdbench:g3ZUB_Jn49M_16_18to130,validation,validation,0,,real_video,g3ZUB_Jn49M_16_18to130.mp4,5f990eb6ce6479b686ea5ae27a9b7fc2421b49386c7ecfe876d6de76566331fc,0a82a858dc4198a2b21c6ec03b1136d3755ad1be5d41b8718a7155664c845116,AIGVDBench/Real/Real.zip,videos/g3ZUB_Jn49M_16_18to130.mp4,804156,804973,dataset_cc_by_4_0_component_partial,not_downloaded
open_sora::g3ZUB_Jn49M_16_18to130,AIGVDBench,g3ZUB_Jn49M_16_18to130,aigvdbench:g3ZUB_Jn49M_16_18to130,validation,validation,1,Open-Sora,text_to_video,g3ZUB_Jn49M_16_18to130.mp4,5f990eb6ce6479b686ea5ae27a9b7fc2421b49386c7ecfe876d6de76566331fc,0a82a858dc4198a2b21c6ec03b1136d3755ad1be5d41b8718a7155664c845116,AIGVDBench/OpenSource/T2V/Open-Sora.zip,videos/g3ZUB_Jn49M_16_18to130.mp4,42797,43633,dataset_cc_by_4_0_component_partial,not_downloaded
real::lyoIryqJ08A_215_23to139,AIGVDBench,lyoIryqJ08A_215_23to139,aigvdbench:lyoIryqJ08A_215_23to139,validation,validation,0,,real_video,lyoIryqJ08A_215_23to139.mp4,6646730cfda181cb5139b0a09898af601d1de61c21200d48f254533c3f4f8a15,0a9cd41099ab5d292cacba403b2aaed596a0686873a56a91f8ed97718a1ae746,AIGVDBench/Real/Real.zip,videos/lyoIryqJ08A_215_23to139.mp4,916832,917657,dataset_cc_by_4_0_component_partial,not_downloaded
open_sora::lyoIryqJ08A_215_23to139,AIGVDBench,lyoIryqJ08A_215_23to139,aigvdbench:lyoIryqJ08A_215_23to139,validation,validation,1,Open-Sora,text_to_video,lyoIryqJ08A_215_23to139.mp4,6646730cfda181cb5139b0a09898af601d1de61c21200d48f254533c3f4f8a15,0a9cd41099ab5d292cacba403b2aaed596a0686873a56a91f8ed97718a1ae746,AIGVDBench/OpenSource/T2V/Open-Sora.zip,videos/lyoIryqJ08A_215_23to139.mp4,53851,54595,dataset_cc_by_4_0_component_partial,not_downloaded
real::489wXyjtMOs_26_68to171,AIGVDBench,489wXyjtMOs_26_68to171,aigvdbench:489wXyjtMOs_26_68to171,validation,validation,0,,real_video,489wXyjtMOs_26_68to171.mp4,361e374e8821b182ece1f013159b88a1ce05a6d8b5df628534b6741933a389d2,0aa9e0d5ea6d3552f4d0775ea0f100ac7af99ca2bba5bf9c3bbd7a285c6ca723,AIGVDBench/Real/Real.zip,videos/489wXyjtMOs_26_68to171.mp4,1557045,1557420,dataset_cc_by_4_0_component_partial,not_downloaded
open_sora::489wXyjtMOs_26_68to171,AIGVDBench,489wXyjtMOs_26_68to171,aigvdbench:489wXyjtMOs_26_68to171,validation,validation,1,Open-Sora,text_to_video,489wXyjtMOs_26_68to171.mp4,361e374e8821b182ece1f013159b88a1ce05a6d8b5df628534b6741933a389d2,0aa9e0d5ea6d3552f4d0775ea0f100ac7af99ca2bba5bf9c3bbd7a285c6ca723,AIGVDBench/OpenSource/T2V/Open-Sora.zip,videos/489wXyjtMOs_26_68to171.mp4,39566,40421,dataset_cc_by_4_0_component_partial,not_downloaded
real::6khVFi91-p8_8_0to379,AIGVDBench,6khVFi91-p8_8_0to379,aigvdbench:6khVFi91-p8_8_0to379,validation,validation,0,,real_video,6khVFi91-p8_8_0to379.mp4,26e5b7bb57d4615d5ef7e46ab02c2dde2ab8280eebd34447f9f4418676bcf430,0ac0ef703c23193ec7537d861dfa3ebdb515021b4a269671bf8002f45b89846c,AIGVDBench/Real/Real.zip,videos/6khVFi91-p8_8_0to379.mp4,9647741,9648502,dataset_cc_by_4_0_component_partial,not_downloaded
open_sora::6khVFi91-p8_8_0to379,AIGVDBench,6khVFi91-p8_8_0to379,aigvdbench:6khVFi91-p8_8_0to379,validation,validation,1,Open-Sora,text_to_video,6khVFi91-p8_8_0to379.mp4,26e5b7bb57d4615d5ef7e46ab02c2dde2ab8280eebd34447f9f4418676bcf430,0ac0ef703c23193ec7537d861dfa3ebdb515021b4a269671bf8002f45b89846c,AIGVDBench/OpenSource/T2V/Open-Sora.zip,videos/6khVFi91-p8_8_0to379.mp4,64017,64751,dataset_cc_by_4_0_component_partial,not_downloaded
real::sGdL5CVxClg_202_0to167,AIGVDBench,sGdL5CVxClg_202_0to167,aigvdbench:sGdL5CVxClg_202_0to167,validation,validation,0,,real_video,sGdL5CVxClg_202_0to167.mp4,3ad5828cf4676bbd0f808bebd2e517a5cd537ac3986faf1a0c37d0a1228c217c,0ac1fa49eb5317da54b09989b5e058b284de6972600ebb111ebdd6403fe40153,AIGVDBench/Real/Real.zip,videos/sGdL5CVxClg_202_0to167.mp4,3414030,3414680,dataset_cc_by_4_0_component_partial,not_downloaded
open_sora::sGdL5CVxClg_202_0to167,AIGVDBench,sGdL5CVxClg_202_0to167,aigvdbench:sGdL5CVxClg_202_0to167,validation,validation,1,Open-Sora,text_to_video,sGdL5CVxClg_202_0to167.mp4,3ad5828cf4676bbd0f808bebd2e517a5cd537ac3986faf1a0c37d0a1228c217c,0ac1fa49eb5317da54b09989b5e058b284de6972600ebb111ebdd6403fe40153,AIGVDBench/OpenSource/T2V/Open-Sora.zip,videos/sGdL5CVxClg_202_0to167.mp4,62028,62737,dataset_cc_by_4_0_component_partial,not_downloaded
real::mrIv--k0dVk_180_87to295,AIGVDBench,mrIv--k0dVk_180_87to295,aigvdbench:mrIv--k0dVk_180_87to295,validation,validation,0,,real_video,mrIv--k0dVk_180_87to295.mp4,b92b8ce72f110c6492351a37db5504f481c2692dd00234d09125db2b8bff366a,0ac2754ccc48c09e86fda8408395fc13b24ee2fae8b34b3da8f2f9c1d7532e1d,AIGVDBench/Real/Real.zip,videos/mrIv--k0dVk_180_87to295.mp4,4528596,4529423,dataset_cc_by_4_0_component_partial,not_downloaded
open_sora::mrIv--k0dVk_180_87to295,AIGVDBench,mrIv--k0dVk_180_87to295,aigvdbench:mrIv--k0dVk_180_87to295,validation,validation,1,Open-Sora,text_to_video,mrIv--k0dVk_180_87to295.mp4,b92b8ce72f110c6492351a37db5504f481c2692dd00234d09125db2b8bff366a,0ac2754ccc48c09e86fda8408395fc13b24ee2fae8b34b3da8f2f9c1d7532e1d,AIGVDBench/OpenSource/T2V/Open-Sora.zip,videos/mrIv--k0dVk_180_87to295.mp4,62922,63710,dataset_cc_by_4_0_component_partial,not_downloaded
real::t9rr15LVkYs_25_30to227,AIGVDBench,t9rr15LVkYs_25_30to227,aigvdbench:t9rr15LVkYs_25_30to227,validation,validation,0,,real_video,t9rr15LVkYs_25_30to227.mp4,cbbbcc97e439848724f07562f20adc44087443d8fbbbc7be20b7f5bdc16e60f8,0ad2d4c12f73abf3cbcd81470f32df5ce939bb37fbded52f425ace9e3b78fe55,AIGVDBench/Real/Real.zip,videos/t9rr15LVkYs_25_30to227.mp4,4183254,4183476,dataset_cc_by_4_0_component_partial,not_downloaded
open_sora::t9rr15LVkYs_25_30to227,AIGVDBench,t9rr15LVkYs_25_30to227,aigvdbench:t9rr15LVkYs_25_30to227,validation,validation,1,Open-Sora,text_to_video,t9rr15LVkYs_25_30to227.mp4,cbbbcc97e439848724f07562f20adc44087443d8fbbbc7be20b7f5bdc16e60f8,0ad2d4c12f73abf3cbcd81470f32df5ce939bb37fbded52f425ace9e3b78fe55,AIGVDBench/OpenSource/T2V/Open-Sora.zip,videos/t9rr15LVkYs_25_30to227.mp4,44550,45404,dataset_cc_by_4_0_component_partial,not_downloaded
real::neb-7epKdPM_0_0to363,AIGVDBench,neb-7epKdPM_0_0to363,aigvdbench:neb-7epKdPM_0_0to363,validation,validation,0,,real_video,neb-7epKdPM_0_0to363.mp4,8ecacd08f1a79253e4ac2d41f6cd3cb1df68486c9ee399728fd410a75b9c7fa3,0ad4cb29c4657294e603fc9f0e1c6395e3e37768b9f3983a095ca58ee4448880,AIGVDBench/Real/Real.zip,videos/neb-7epKdPM_0_0to363.mp4,4133508,4135477,dataset_cc_by_4_0_component_partial,not_downloaded
open_sora::neb-7epKdPM_0_0to363,AIGVDBench,neb-7epKdPM_0_0to363,aigvdbench:neb-7epKdPM_0_0to363,validation,validation,1,Open-Sora,text_to_video,neb-7epKdPM_0_0to363.mp4,8ecacd08f1a79253e4ac2d41f6cd3cb1df68486c9ee399728fd410a75b9c7fa3,0ad4cb29c4657294e603fc9f0e1c6395e3e37768b9f3983a095ca58ee4448880,AIGVDBench/OpenSource/T2V/Open-Sora.zip,videos/neb-7epKdPM_0_0to363.mp4,39324,40229,dataset_cc_by_4_0_component_partial,not_downloaded
real::czqlybgnjPs_8_102to649,AIGVDBench,czqlybgnjPs_8_102to649,aigvdbench:czqlybgnjPs_8_102to649,validation,validation,0,,real_video,czqlybgnjPs_8_102to649.mp4,dc2f2485e0215ea0b6e744837405815672cbacfdb5abfc6168cf5db8e6c4fcb2,0b09606068557b9569ea3bc3bff4353e5734900d7ce97e3b55732e8dd3a90c08,AIGVDBench/Real/Real.zip,videos/czqlybgnjPs_8_102to649.mp4,7731086,7733540,dataset_cc_by_4_0_component_partial,not_downloaded
open_sora::czqlybgnjPs_8_102to649,AIGVDBench,czqlybgnjPs_8_102to649,aigvdbench:czqlybgnjPs_8_102to649,validation,validation,1,Open-Sora,text_to_video,czqlybgnjPs_8_102to649.mp4,dc2f2485e0215ea0b6e744837405815672cbacfdb5abfc6168cf5db8e6c4fcb2,0b09606068557b9569ea3bc3bff4353e5734900d7ce97e3b55732e8dd3a90c08,AIGVDBench/OpenSource/T2V/Open-Sora.zip,videos/czqlybgnjPs_8_102to649.mp4,44938,45712,dataset_cc_by_4_0_component_partial,not_downloaded
real::A_JVdp-5TwY_5_55to200,AIGVDBench,A_JVdp-5TwY_5_55to200,aigvdbench:A_JVdp-5TwY_5_55to200,validation,validation,0,,real_video,A_JVdp-5TwY_5_55to200.mp4,18dbaafd5ee71da6c2b49bcf568b0ba9ed2fb51a378f78d7ac16c9c5cf80a8bb,0b11e35602850f078ec5ed51aba0fbcab8ef1c22b862ad93fb3a6eead72b131a,AIGVDBench/Real/Real.zip,videos/A_JVdp-5TwY_5_55to200.mp4,1985875,1986780,dataset_cc_by_4_0_component_partial,not_downloaded
open_sora::A_JVdp-5TwY_5_55to200,AIGVDBench,A_JVdp-5TwY_5_55to200,aigvdbench:A_JVdp-5TwY_5_55to200,validation,validation,1,Open-Sora,text_to_video,A_JVdp-5TwY_5_55to200.mp4,18dbaafd5ee71da6c2b49bcf568b0ba9ed2fb51a378f78d7ac16c9c5cf80a8bb,0b11e35602850f078ec5ed51aba0fbcab8ef1c22b862ad93fb3a6eead72b131a,AIGVDBench/OpenSource/T2V/Open-Sora.zip,videos/A_JVdp-5TwY_5_55to200.mp4,56157,56956,dataset_cc_by_4_0_component_partial,not_downloaded
real::epOygXWjrvE_0_0to280,AIGVDBench,epOygXWjrvE_0_0to280,aigvdbench:epOygXWjrvE_0_0to280,validation,validation,0,,real_video,epOygXWjrvE_0_0to280.mp4,29fd3b184d5276852a388bbeeda00373f34907494b5357c03dda012b01a0bdb2,0b15523793b80b116562c93701b62d5973e21c445d871ccd888082456989c83c,AIGVDBench/Real/Real.zip,videos/epOygXWjrvE_0_0to280.mp4,6327105,6327590,dataset_cc_by_4_0_component_partial,not_downloaded
open_sora::epOygXWjrvE_0_0to280,AIGVDBench,epOygXWjrvE_0_0to280,aigvdbench:epOygXWjrvE_0_0to280,validation,validation,1,Open-Sora,text_to_video,epOygXWjrvE_0_0to280.mp4,29fd3b184d5276852a388bbeeda00373f34907494b5357c03dda012b01a0bdb2,0b15523793b80b116562c93701b62d5973e21c445d871ccd888082456989c83c,AIGVDBench/OpenSource/T2V/Open-Sora.zip,videos/epOygXWjrvE_0_0to280.mp4,44129,45015,dataset_cc_by_4_0_component_partial,not_downloaded
real::mK6wTebqo6c_99_0to361,AIGVDBench,mK6wTebqo6c_99_0to361,aigvdbench:mK6wTebqo6c_99_0to361,validation,validation,0,,real_video,mK6wTebqo6c_99_0to361.mp4,c99bd6039ce4dff20d1a675154df6f6b15a309701c975141d46ee84ffbf932da,0b19fc8783c4d8a50ebdb17e177c60049bb92d0e6398e3e513927e30524d068f,AIGVDBench/Real/Real.zip,videos/mK6wTebqo6c_99_0to361.mp4,8901178,8901158,dataset_cc_by_4_0_component_partial,not_downloaded
open_sora::mK6wTebqo6c_99_0to361,AIGVDBench,mK6wTebqo6c_99_0to361,aigvdbench:mK6wTebqo6c_99_0to361,validation,validation,1,Open-Sora,text_to_video,mK6wTebqo6c_99_0to361.mp4,c99bd6039ce4dff20d1a675154df6f6b15a309701c975141d46ee84ffbf932da,0b19fc8783c4d8a50ebdb17e177c60049bb92d0e6398e3e513927e30524d068f,AIGVDBench/OpenSource/T2V/Open-Sora.zip,videos/mK6wTebqo6c_99_0to361.mp4,73115,73898,dataset_cc_by_4_0_component_partial,not_downloaded
real::I0l12Yzp5z4_3_105to359,AIGVDBench,I0l12Yzp5z4_3_105to359,aigvdbench:I0l12Yzp5z4_3_105to359,validation,validation,0,,real_video,I0l12Yzp5z4_3_105to359.mp4,66451661f319227003b5f128cfc724fa39337e2606374d3c4bc25cc2f12770e2,0b5d739615c38ee07ec61d78624733b038e2d02376e18d07b542503a4c1aad96,AIGVDBench/Real/Real.zip,videos/I0l12Yzp5z4_3_105to359.mp4,6191724,6191742,dataset_cc_by_4_0_component_partial,not_downloaded
open_sora::I0l12Yzp5z4_3_105to359,AIGVDBench,I0l12Yzp5z4_3_105to359,aigvdbench:I0l12Yzp5z4_3_105to359,validation,validation,1,Open-Sora,text_to_video,I0l12Yzp5z4_3_105to359.mp4,66451661f319227003b5f128cfc724fa39337e2606374d3c4bc25cc2f12770e2,0b5d739615c38ee07ec61d78624733b038e2d02376e18d07b542503a4c1aad96,AIGVDBench/OpenSource/T2V/Open-Sora.zip,videos/I0l12Yzp5z4_3_105to359.mp4,66874,67683,dataset_cc_by_4_0_component_partial,not_downloaded
real::Uw9mCVBYLXE_9_562to1039,AIGVDBench,Uw9mCVBYLXE_9_562to1039,aigvdbench:Uw9mCVBYLXE_9_562to1039,validation,validation,0,,real_video,Uw9mCVBYLXE_9_562to1039.mp4,4a42f55a8078f34a00c391bd17b3347c3592af0503de3133b344eebee56699b3,0b91cd5af5a0ce09f2527cbf1af2ee62b6e0b3e8f830304d1cb879e62a165674,AIGVDBench/Real/Real.zip,videos/Uw9mCVBYLXE_9_562to1039.mp4,8034983,8035872,dataset_cc_by_4_0_component_partial,not_downloaded
open_sora::Uw9mCVBYLXE_9_562to1039,AIGVDBench,Uw9mCVBYLXE_9_562to1039,aigvdbench:Uw9mCVBYLXE_9_562to1039,validation,validation,1,Open-Sora,text_to_video,Uw9mCVBYLXE_9_562to1039.mp4,4a42f55a8078f34a00c391bd17b3347c3592af0503de3133b344eebee56699b3,0b91cd5af5a0ce09f2527cbf1af2ee62b6e0b3e8f830304d1cb879e62a165674,AIGVDBench/OpenSource/T2V/Open-Sora.zip,videos/Uw9mCVBYLXE_9_562to1039.mp4,38590,39465,dataset_cc_by_4_0_component_partial,not_downloaded
real::0hsMBHk0Eok_80_0to118,AIGVDBench,0hsMBHk0Eok_80_0to118,aigvdbench:0hsMBHk0Eok_80_0to118,validation,validation,0,,real_video,0hsMBHk0Eok_80_0to118.mp4,8fc2669d3789663f09da215fb759740a6d0bdbc14e859a6364cbae27276afee1,0b944e0ae780d8c5c66b81f43769081773d3510236c123606df539eea98eb93c,AIGVDBench/Real/Real.zip,videos/0hsMBHk0Eok_80_0to118.mp4,1654415,1655242,dataset_cc_by_4_0_component_partial,not_downloaded
open_sora::0hsMBHk0Eok_80_0to118,AIGVDBench,0hsMBHk0Eok_80_0to118,aigvdbench:0hsMBHk0Eok_80_0to118,validation,validation,1,Open-Sora,text_to_video,0hsMBHk0Eok_80_0to118.mp4,8fc2669d3789663f09da215fb759740a6d0bdbc14e859a6364cbae27276afee1,0b944e0ae780d8c5c66b81f43769081773d3510236c123606df539eea98eb93c,AIGVDBench/OpenSource/T2V/Open-Sora.zip,videos/0hsMBHk0Eok_80_0to118.mp4,43824,44684,dataset_cc_by_4_0_component_partial,not_downloaded
real::YqHbFJeyy6s_665_113to263,AIGVDBench,YqHbFJeyy6s_665_113to263,aigvdbench:YqHbFJeyy6s_665_113to263,validation,validation,0,,real_video,YqHbFJeyy6s_665_113to263.mp4,949ada73df0cc25b5e6337e30eea8e6350b1c3c90c58b35c7375bf14b2e8cb50,0ba6a3905294cd48acf8f4fecb0a50418a404178c527cec938c6161670c55472,AIGVDBench/Real/Real.zip,videos/YqHbFJeyy6s_665_113to263.mp4,2141365,2141820,dataset_cc_by_4_0_component_partial,not_downloaded
open_sora::YqHbFJeyy6s_665_113to263,AIGVDBench,YqHbFJeyy6s_665_113to263,aigvdbench:YqHbFJeyy6s_665_113to263,validation,validation,1,Open-Sora,text_to_video,YqHbFJeyy6s_665_113to263.mp4,949ada73df0cc25b5e6337e30eea8e6350b1c3c90c58b35c7375bf14b2e8cb50,0ba6a3905294cd48acf8f4fecb0a50418a404178c527cec938c6161670c55472,AIGVDBench/OpenSource/T2V/Open-Sora.zip,videos/YqHbFJeyy6s_665_113to263.mp4,64772,65571,dataset_cc_by_4_0_component_partial,not_downloaded
real::Qrv2el6rqVk_32_0to194,AIGVDBench,Qrv2el6rqVk_32_0to194,aigvdbench:Qrv2el6rqVk_32_0to194,validation,validation,0,,real_video,Qrv2el6rqVk_32_0to194.mp4,5beaf6fac2cfb6bc97c0a7d1b389790ae8e85c7852284940f5b67bffef46e0d0,0ba80aec587dac0db91f10cc59d0c0712eef5e91a54cc131e85aa5e949edb825,AIGVDBench/Real/Real.zip,videos/Qrv2el6rqVk_32_0to194.mp4,3422827,3423225,dataset_cc_by_4_0_component_partial,not_downloaded
open_sora::Qrv2el6rqVk_32_0to194,AIGVDBench,Qrv2el6rqVk_32_0to194,aigvdbench:Qrv2el6rqVk_32_0to194,validation,validation,1,Open-Sora,text_to_video,Qrv2el6rqVk_32_0to194.mp4,5beaf6fac2cfb6bc97c0a7d1b389790ae8e85c7852284940f5b67bffef46e0d0,0ba80aec587dac0db91f10cc59d0c0712eef5e91a54cc131e85aa5e949edb825,AIGVDBench/OpenSource/T2V/Open-Sora.zip,videos/Qrv2el6rqVk_32_0to194.mp4,48514,49368,dataset_cc_by_4_0_component_partial,not_downloaded
real::P1HVKm2-s60_102_0to132,AIGVDBench,P1HVKm2-s60_102_0to132,aigvdbench:P1HVKm2-s60_102_0to132,validation,validation,0,,real_video,P1HVKm2-s60_102_0to132.mp4,56e4e8815acd20f0b44e87728ba72c072816cbe350ab80b944ed97e4cccca0c6,0ba9946a1167158b3e835e6e6c9b0bc2b4ad61586886fe9e61be2e95c0010f05,AIGVDBench/Real/Real.zip,videos/P1HVKm2-s60_102_0to132.mp4,4129099,4129463,dataset_cc_by_4_0_component_partial,not_downloaded
open_sora::P1HVKm2-s60_102_0to132,AIGVDBench,P1HVKm2-s60_102_0to132,aigvdbench:P1HVKm2-s60_102_0to132,validation,validation,1,Open-Sora,text_to_video,P1HVKm2-s60_102_0to132.mp4,56e4e8815acd20f0b44e87728ba72c072816cbe350ab80b944ed97e4cccca0c6,0ba9946a1167158b3e835e6e6c9b0bc2b4ad61586886fe9e61be2e95c0010f05,AIGVDBench/OpenSource/T2V/Open-Sora.zip,videos/P1HVKm2-s60_102_0to132.mp4,68593,69354,dataset_cc_by_4_0_component_partial,not_downloaded
real::1ujIX_2tILU_39_0to230,AIGVDBench,1ujIX_2tILU_39_0to230,aigvdbench:1ujIX_2tILU_39_0to230,validation,validation,0,,real_video,1ujIX_2tILU_39_0to230.mp4,9830c6e1ebb77be762797511016155627d9f53823ac6e1b6ace715dfb24da53f,0bb7364d3f021289b9b3a3c3f6f2b40e2e05272cf3c314c9d43a6e6c1afce560,AIGVDBench/Real/Real.zip,videos/1ujIX_2tILU_39_0to230.mp4,7132117,7132042,dataset_cc_by_4_0_component_partial,not_downloaded
open_sora::1ujIX_2tILU_39_0to230,AIGVDBench,1ujIX_2tILU_39_0to230,aigvdbench:1ujIX_2tILU_39_0to230,validation,validation,1,Open-Sora,text_to_video,1ujIX_2tILU_39_0to230.mp4,9830c6e1ebb77be762797511016155627d9f53823ac6e1b6ace715dfb24da53f,0bb7364d3f021289b9b3a3c3f6f2b40e2e05272cf3c314c9d43a6e6c1afce560,AIGVDBench/OpenSource/T2V/Open-Sora.zip,videos/1ujIX_2tILU_39_0to230.mp4,62690,63506,dataset_cc_by_4_0_component_partial,not_downloaded
real::ETYQa5bydRA_50_0to280,AIGVDBench,ETYQa5bydRA_50_0to280,aigvdbench:ETYQa5bydRA_50_0to280,validation,validation,0,,real_video,ETYQa5bydRA_50_0to280.mp4,22266a415c3e858c1cfee545db35c75477c2a7e546c3ee68c7830e512d36586b,0bb8bd276dc580263c61ff41d78b6fec0e49ab4f772bee7ed35d42e167720f45,AIGVDBench/Real/Real.zip,videos/ETYQa5bydRA_50_0to280.mp4,6979948,6980107,dataset_cc_by_4_0_component_partial,not_downloaded
open_sora::ETYQa5bydRA_50_0to280,AIGVDBench,ETYQa5bydRA_50_0to280,aigvdbench:ETYQa5bydRA_50_0to280,validation,validation,1,Open-Sora,text_to_video,ETYQa5bydRA_50_0to280.mp4,22266a415c3e858c1cfee545db35c75477c2a7e546c3ee68c7830e512d36586b,0bb8bd276dc580263c61ff41d78b6fec0e49ab4f772bee7ed35d42e167720f45,AIGVDBench/OpenSource/T2V/Open-Sora.zip,videos/ETYQa5bydRA_50_0to280.mp4,73433,74117,dataset_cc_by_4_0_component_partial,not_downloaded
real::eut6gKqRWIg_37_39to234,AIGVDBench,eut6gKqRWIg_37_39to234,aigvdbench:eut6gKqRWIg_37_39to234,validation,validation,0,,real_video,eut6gKqRWIg_37_39to234.mp4,3f1dcacee63b08123b44aa673de5893f4119e25cd21bf74ebd72eadc6908894e,0bfd20a96c3b6e4c003a11ca9435a11b214ed9e53ae75fcb3531fc41d7d85066,AIGVDBench/Real/Real.zip,videos/eut6gKqRWIg_37_39to234.mp4,3378952,3380066,dataset_cc_by_4_0_component_partial,not_downloaded
open_sora::eut6gKqRWIg_37_39to234,AIGVDBench,eut6gKqRWIg_37_39to234,aigvdbench:eut6gKqRWIg_37_39to234,validation,validation,1,Open-Sora,text_to_video,eut6gKqRWIg_37_39to234.mp4,3f1dcacee63b08123b44aa673de5893f4119e25cd21bf74ebd72eadc6908894e,0bfd20a96c3b6e4c003a11ca9435a11b214ed9e53ae75fcb3531fc41d7d85066,AIGVDBench/OpenSource/T2V/Open-Sora.zip,videos/eut6gKqRWIg_37_39to234.mp4,61068,61828,dataset_cc_by_4_0_component_partial,not_downloaded
real::hSB1AsJzZGw_34_65to200,AIGVDBench,hSB1AsJzZGw_34_65to200,aigvdbench:hSB1AsJzZGw_34_65to200,validation,validation,0,,real_video,hSB1AsJzZGw_34_65to200.mp4,551707b0cd223b374d0e26e2a577d453698326fe656c89fd532c24913dc65aa6,0c01b31813ca22a1ae4bc88c2a6b677568835c722af686321f5181636ee986ed,AIGVDBench/Real/Real.zip,videos/hSB1AsJzZGw_34_65to200.mp4,2249865,2250301,dataset_cc_by_4_0_component_partial,not_downloaded
open_sora::hSB1AsJzZGw_34_65to200,AIGVDBench,hSB1AsJzZGw_34_65to200,aigvdbench:hSB1AsJzZGw_34_65to200,validation,validation,1,Open-Sora,text_to_video,hSB1AsJzZGw_34_65to200.mp4,551707b0cd223b374d0e26e2a577d453698326fe656c89fd532c24913dc65aa6,0c01b31813ca22a1ae4bc88c2a6b677568835c722af686321f5181636ee986ed,AIGVDBench/OpenSource/T2V/Open-Sora.zip,videos/hSB1AsJzZGw_34_65to200.mp4,79052,79731,dataset_cc_by_4_0_component_partial,not_downloaded
real::eRohOlGchY0_13_175to401,AIGVDBench,eRohOlGchY0_13_175to401,aigvdbench:eRohOlGchY0_13_175to401,validation,validation,0,,real_video,eRohOlGchY0_13_175to401.mp4,36cf5a76ee2b1e6da96d0d209e1b8c85bfb12ee9c5c098ae0b4c362e4e29e3a8,0c592d88693df32d5769274e0cfbf98c4924443d948b4e80e78119c2f4970160,AIGVDBench/Real/Real.zip,videos/eRohOlGchY0_13_175to401.mp4,2571268,2572897,dataset_cc_by_4_0_component_partial,not_downloaded
open_sora::eRohOlGchY0_13_175to401,AIGVDBench,eRohOlGchY0_13_175to401,aigvdbench:eRohOlGchY0_13_175to401,validation,validation,1,Open-Sora,text_to_video,eRohOlGchY0_13_175to401.mp4,36cf5a76ee2b1e6da96d0d209e1b8c85bfb12ee9c5c098ae0b4c362e4e29e3a8,0c592d88693df32d5769274e0cfbf98c4924443d948b4e80e78119c2f4970160,AIGVDBench/OpenSource/T2V/Open-Sora.zip,videos/eRohOlGchY0_13_175to401.mp4,62487,63221,dataset_cc_by_4_0_component_partial,not_downloaded
real::PVTLjm6eL3A_1_0to191,AIGVDBench,PVTLjm6eL3A_1_0to191,aigvdbench:PVTLjm6eL3A_1_0to191,validation,validation,0,,real_video,PVTLjm6eL3A_1_0to191.mp4,1912174250d3173a965a9d5ce85908bb98f899926b5bec780bd11fac55727850,0c61e76de1e9e60e61e596294b8f68eeceba117f5cfd423f316d8947e91c8931,AIGVDBench/Real/Real.zip,videos/PVTLjm6eL3A_1_0to191.mp4,4749586,4749753,dataset_cc_by_4_0_component_partial,not_downloaded
open_sora::PVTLjm6eL3A_1_0to191,AIGVDBench,PVTLjm6eL3A_1_0to191,aigvdbench:PVTLjm6eL3A_1_0to191,validation,validation,1,Open-Sora,text_to_video,PVTLjm6eL3A_1_0to191.mp4,1912174250d3173a965a9d5ce85908bb98f899926b5bec780bd11fac55727850,0c61e76de1e9e60e61e596294b8f68eeceba117f5cfd423f316d8947e91c8931,AIGVDBench/OpenSource/T2V/Open-Sora.zip,videos/PVTLjm6eL3A_1_0to191.mp4,48824,49589,dataset_cc_by_4_0_component_partial,not_downloaded
real::3ijMwscqYYs_68_0to325,AIGVDBench,3ijMwscqYYs_68_0to325,aigvdbench:3ijMwscqYYs_68_0to325,validation,validation,0,,real_video,3ijMwscqYYs_68_0to325.mp4,6db54c829a88e6bc14418bf3fc3bbebb677430e9dd01040c4030ed1033e823c0,0c64666208c308860d8276676ca53c6efa32cdd2c89e22b0197d239b3988fc9e,AIGVDBench/Real/Real.zip,videos/3ijMwscqYYs_68_0to325.mp4,7249395,7249633,dataset_cc_by_4_0_component_partial,not_downloaded
open_sora::3ijMwscqYYs_68_0to325,AIGVDBench,3ijMwscqYYs_68_0to325,aigvdbench:3ijMwscqYYs_68_0to325,validation,validation,1,Open-Sora,text_to_video,3ijMwscqYYs_68_0to325.mp4,6db54c829a88e6bc14418bf3fc3bbebb677430e9dd01040c4030ed1033e823c0,0c64666208c308860d8276676ca53c6efa32cdd2c89e22b0197d239b3988fc9e,AIGVDBench/OpenSource/T2V/Open-Sora.zip,videos/3ijMwscqYYs_68_0to325.mp4,63312,64036,dataset_cc_by_4_0_component_partial,not_downloaded
real::k31cyxNrYhY_10_0to146,AIGVDBench,k31cyxNrYhY_10_0to146,aigvdbench:k31cyxNrYhY_10_0to146,test,test,0,,real_video,k31cyxNrYhY_10_0to146.mp4,c49e6ed90001bf7dfe52392c7b2e944a0eef58314f241eab466a6cd9e3f57fe6,00119cbff957655b75e6a98a9b7d2bcb36713b593ce272c4d2275fdf2f501612,AIGVDBench/Real/Real.zip,videos/k31cyxNrYhY_10_0to146.mp4,1846232,1847579,dataset_cc_by_4_0_component_partial,not_downloaded
open_sora::k31cyxNrYhY_10_0to146,AIGVDBench,k31cyxNrYhY_10_0to146,aigvdbench:k31cyxNrYhY_10_0to146,test,test,1,Open-Sora,text_to_video,k31cyxNrYhY_10_0to146.mp4,c49e6ed90001bf7dfe52392c7b2e944a0eef58314f241eab466a6cd9e3f57fe6,00119cbff957655b75e6a98a9b7d2bcb36713b593ce272c4d2275fdf2f501612,AIGVDBench/OpenSource/T2V/Open-Sora.zip,videos/k31cyxNrYhY_10_0to146.mp4,47603,48360,dataset_cc_by_4_0_component_partial,not_downloaded
real::mt4iHG4N9Yk_28_0to175,AIGVDBench,mt4iHG4N9Yk_28_0to175,aigvdbench:mt4iHG4N9Yk_28_0to175,test,test,0,,real_video,mt4iHG4N9Yk_28_0to175.mp4,7ae24e2223d9df2c71dce0b6d69aaa756e2d9e8a1a5c1948782b849fe6d7b717,0013ea9ed23294434372de5a4c9066b8c292a37872385f41fc162f07270444c8,AIGVDBench/Real/Real.zip,videos/mt4iHG4N9Yk_28_0to175.mp4,3139979,3140688,dataset_cc_by_4_0_component_partial,not_downloaded
open_sora::mt4iHG4N9Yk_28_0to175,AIGVDBench,mt4iHG4N9Yk_28_0to175,aigvdbench:mt4iHG4N9Yk_28_0to175,test,test,1,Open-Sora,text_to_video,mt4iHG4N9Yk_28_0to175.mp4,7ae24e2223d9df2c71dce0b6d69aaa756e2d9e8a1a5c1948782b849fe6d7b717,0013ea9ed23294434372de5a4c9066b8c292a37872385f41fc162f07270444c8,AIGVDBench/OpenSource/T2V/Open-Sora.zip,videos/mt4iHG4N9Yk_28_0to175.mp4,95298,96051,dataset_cc_by_4_0_component_partial,not_downloaded
real::RRXZGS60mqk_58_38to210,AIGVDBench,RRXZGS60mqk_58_38to210,aigvdbench:RRXZGS60mqk_58_38to210,test,test,0,,real_video,RRXZGS60mqk_58_38to210.mp4,3aa15469a660652de38ac5d7c881d13b341d802395adb0d2416aa063dca98d43,00153e07f9e38e2f8d7216d6211d303ee3742574272d890ee071e6251f02ab0e,AIGVDBench/Real/Real.zip,videos/RRXZGS60mqk_58_38to210.mp4,2863005,2863554,dataset_cc_by_4_0_component_partial,not_downloaded
open_sora::RRXZGS60mqk_58_38to210,AIGVDBench,RRXZGS60mqk_58_38to210,aigvdbench:RRXZGS60mqk_58_38to210,test,test,1,Open-Sora,text_to_video,RRXZGS60mqk_58_38to210.mp4,3aa15469a660652de38ac5d7c881d13b341d802395adb0d2416aa063dca98d43,00153e07f9e38e2f8d7216d6211d303ee3742574272d890ee071e6251f02ab0e,AIGVDBench/OpenSource/T2V/Open-Sora.zip,videos/RRXZGS60mqk_58_38to210.mp4,59311,60106,dataset_cc_by_4_0_component_partial,not_downloaded
real::U4yIRFyEwHs_71_527to875,AIGVDBench,U4yIRFyEwHs_71_527to875,aigvdbench:U4yIRFyEwHs_71_527to875,test,test,0,,real_video,U4yIRFyEwHs_71_527to875.mp4,5870a7619b4550aa4a94a92a55ba4c2e619b25885160b9625dff83791f26e7b1,0068c698734efa04349e8972a302b6155f7d188d59cb6de083fdc8e9ebaec016,AIGVDBench/Real/Real.zip,videos/U4yIRFyEwHs_71_527to875.mp4,3650546,3652046,dataset_cc_by_4_0_component_partial,not_downloaded
open_sora::U4yIRFyEwHs_71_527to875,AIGVDBench,U4yIRFyEwHs_71_527to875,aigvdbench:U4yIRFyEwHs_71_527to875,test,test,1,Open-Sora,text_to_video,U4yIRFyEwHs_71_527to875.mp4,5870a7619b4550aa4a94a92a55ba4c2e619b25885160b9625dff83791f26e7b1,0068c698734efa04349e8972a302b6155f7d188d59cb6de083fdc8e9ebaec016,AIGVDBench/OpenSource/T2V/Open-Sora.zip,videos/U4yIRFyEwHs_71_527to875.mp4,44722,45563,dataset_cc_by_4_0_component_partial,not_downloaded
real::RlVWvCyyiL4_4_0to171,AIGVDBench,RlVWvCyyiL4_4_0to171,aigvdbench:RlVWvCyyiL4_4_0to171,test,test,0,,real_video,RlVWvCyyiL4_4_0to171.mp4,a84ab663c7a568f1876d817c4497f306ccc73a63f14a88466127c3d0fc7115a6,0073b7e036a8dd85c7c0393538b40792160e6e799a28d570297757735ab1ef3a,AIGVDBench/Real/Real.zip,videos/RlVWvCyyiL4_4_0to171.mp4,1242723,1244469,dataset_cc_by_4_0_component_partial,not_downloaded
open_sora::RlVWvCyyiL4_4_0to171,AIGVDBench,RlVWvCyyiL4_4_0to171,aigvdbench:RlVWvCyyiL4_4_0to171,test,test,1,Open-Sora,text_to_video,RlVWvCyyiL4_4_0to171.mp4,a84ab663c7a568f1876d817c4497f306ccc73a63f14a88466127c3d0fc7115a6,0073b7e036a8dd85c7c0393538b40792160e6e799a28d570297757735ab1ef3a,AIGVDBench/OpenSource/T2V/Open-Sora.zip,videos/RlVWvCyyiL4_4_0to171.mp4,43554,44345,dataset_cc_by_4_0_component_partial,not_downloaded
real::y_iGGKqHB2g_4_0to104,AIGVDBench,y_iGGKqHB2g_4_0to104,aigvdbench:y_iGGKqHB2g_4_0to104,test,test,0,,real_video,y_iGGKqHB2g_4_0to104.mp4,5081136cf17aa81ed5058878e23ed2d912ef382961a78ee7e0d56bf8bea14e95,008915ed0189d22175f023b8c4ee98274105befcc818b94e6dfeefd2eeead498,AIGVDBench/Real/Real.zip,videos/y_iGGKqHB2g_4_0to104.mp4,1660127,1660591,dataset_cc_by_4_0_component_partial,not_downloaded
open_sora::y_iGGKqHB2g_4_0to104,AIGVDBench,y_iGGKqHB2g_4_0to104,aigvdbench:y_iGGKqHB2g_4_0to104,test,test,1,Open-Sora,text_to_video,y_iGGKqHB2g_4_0to104.mp4,5081136cf17aa81ed5058878e23ed2d912ef382961a78ee7e0d56bf8bea14e95,008915ed0189d22175f023b8c4ee98274105befcc818b94e6dfeefd2eeead498,AIGVDBench/OpenSource/T2V/Open-Sora.zip,videos/y_iGGKqHB2g_4_0to104.mp4,56596,57345,dataset_cc_by_4_0_component_partial,not_downloaded
real::bHaVJ08aJqU_9_0to391,AIGVDBench,bHaVJ08aJqU_9_0to391,aigvdbench:bHaVJ08aJqU_9_0to391,test,test,0,,real_video,bHaVJ08aJqU_9_0to391.mp4,33c52069d9cb963bb1bd3ecab2ab32ff490b8d19a00fb6a282e3350a57d43d53,009f6c50d3c8d2841d08e1d7618fd632ff5a6b84a5c6cb8b2e572d7316534b84,AIGVDBench/Real/Real.zip,videos/bHaVJ08aJqU_9_0to391.mp4,7030079,7030706,dataset_cc_by_4_0_component_partial,not_downloaded
open_sora::bHaVJ08aJqU_9_0to391,AIGVDBench,bHaVJ08aJqU_9_0to391,aigvdbench:bHaVJ08aJqU_9_0to391,test,test,1,Open-Sora,text_to_video,bHaVJ08aJqU_9_0to391.mp4,33c52069d9cb963bb1bd3ecab2ab32ff490b8d19a00fb6a282e3350a57d43d53,009f6c50d3c8d2841d08e1d7618fd632ff5a6b84a5c6cb8b2e572d7316534b84,AIGVDBench/OpenSource/T2V/Open-Sora.zip,videos/bHaVJ08aJqU_9_0to391.mp4,55167,55961,dataset_cc_by_4_0_component_partial,not_downloaded
real::JHPzKY4aNzo_33_113to223,AIGVDBench,JHPzKY4aNzo_33_113to223,aigvdbench:JHPzKY4aNzo_33_113to223,test,test,0,,real_video,JHPzKY4aNzo_33_113to223.mp4,58c64548b31e890860534cf5f81a8dd0b092291b296490b45c06b2176a64487d,00ae16c40a5aa50c6d62d61c8e55a34dbc4dad84d4685d59d423e6927bdc4ba7,AIGVDBench/Real/Real.zip,videos/JHPzKY4aNzo_33_113to223.mp4,852086,852953,dataset_cc_by_4_0_component_partial,not_downloaded
open_sora::JHPzKY4aNzo_33_113to223,AIGVDBench,JHPzKY4aNzo_33_113to223,aigvdbench:JHPzKY4aNzo_33_113to223,test,test,1,Open-Sora,text_to_video,JHPzKY4aNzo_33_113to223.mp4,58c64548b31e890860534cf5f81a8dd0b092291b296490b45c06b2176a64487d,00ae16c40a5aa50c6d62d61c8e55a34dbc4dad84d4685d59d423e6927bdc4ba7,AIGVDBench/OpenSource/T2V/Open-Sora.zip,videos/JHPzKY4aNzo_33_113to223.mp4,44165,45038,dataset_cc_by_4_0_component_partial,not_downloaded
real::2B9BLASX3YQ_27_0to157,AIGVDBench,2B9BLASX3YQ_27_0to157,aigvdbench:2B9BLASX3YQ_27_0to157,test,test,0,,real_video,2B9BLASX3YQ_27_0to157.mp4,e2cdaf087d3066bc681492f08a4b5ea85e110bf17c5f365f207abb30b0d6eb8e,00b3faaefaded86c3de94da4fb0f1ce7a9a703781631b0595423886c2cfe0a6e,AIGVDBench/Real/Real.zip,videos/2B9BLASX3YQ_27_0to157.mp4,1831650,1832210,dataset_cc_by_4_0_component_partial,not_downloaded
open_sora::2B9BLASX3YQ_27_0to157,AIGVDBench,2B9BLASX3YQ_27_0to157,aigvdbench:2B9BLASX3YQ_27_0to157,test,test,1,Open-Sora,text_to_video,2B9BLASX3YQ_27_0to157.mp4,e2cdaf087d3066bc681492f08a4b5ea85e110bf17c5f365f207abb30b0d6eb8e,00b3faaefaded86c3de94da4fb0f1ce7a9a703781631b0595423886c2cfe0a6e,AIGVDBench/OpenSource/T2V/Open-Sora.zip,videos/2B9BLASX3YQ_27_0to157.mp4,62329,63137,dataset_cc_by_4_0_component_partial,not_downloaded
real::QkBIXaRBaWQ_19_0to302,AIGVDBench,QkBIXaRBaWQ_19_0to302,aigvdbench:QkBIXaRBaWQ_19_0to302,test,test,0,,real_video,QkBIXaRBaWQ_19_0to302.mp4,1794441528f32542970c7ecb3ad587f1693a2e1d73fc1283b0dd04caed557404,00dbea8bbca83e90e57eb1d4677df17dc410b8bb4555d1811536adf0c15d5b4d,AIGVDBench/Real/Real.zip,videos/QkBIXaRBaWQ_19_0to302.mp4,8658068,8658871,dataset_cc_by_4_0_component_partial,not_downloaded
open_sora::QkBIXaRBaWQ_19_0to302,AIGVDBench,QkBIXaRBaWQ_19_0to302,aigvdbench:QkBIXaRBaWQ_19_0to302,test,test,1,Open-Sora,text_to_video,QkBIXaRBaWQ_19_0to302.mp4,1794441528f32542970c7ecb3ad587f1693a2e1d73fc1283b0dd04caed557404,00dbea8bbca83e90e57eb1d4677df17dc410b8bb4555d1811536adf0c15d5b4d,AIGVDBench/OpenSource/T2V/Open-Sora.zip,videos/QkBIXaRBaWQ_19_0to302.mp4,57599,58424,dataset_cc_by_4_0_component_partial,not_downloaded
real::z2j45k0DrhQ_22_153to280,AIGVDBench,z2j45k0DrhQ_22_153to280,aigvdbench:z2j45k0DrhQ_22_153to280,test,test,0,,real_video,z2j45k0DrhQ_22_153to280.mp4,a54496ad584a2edf3bb0bdc50dd4a5e4b0aa56f038c59d6d7e42b94bb1928b02,00dc0d975b4375ae7c860562faa49cf3411ac5c86dfc72ab03ce2529a10f9eb6,AIGVDBench/Real/Real.zip,videos/z2j45k0DrhQ_22_153to280.mp4,2518857,2519284,dataset_cc_by_4_0_component_partial,not_downloaded
open_sora::z2j45k0DrhQ_22_153to280,AIGVDBench,z2j45k0DrhQ_22_153to280,aigvdbench:z2j45k0DrhQ_22_153to280,test,test,1,Open-Sora,text_to_video,z2j45k0DrhQ_22_153to280.mp4,a54496ad584a2edf3bb0bdc50dd4a5e4b0aa56f038c59d6d7e42b94bb1928b02,00dc0d975b4375ae7c860562faa49cf3411ac5c86dfc72ab03ce2529a10f9eb6,AIGVDBench/OpenSource/T2V/Open-Sora.zip,videos/z2j45k0DrhQ_22_153to280.mp4,56531,57259,dataset_cc_by_4_0_component_partial,not_downloaded
real::F_CTlGjh1oQ_11_0to133,AIGVDBench,F_CTlGjh1oQ_11_0to133,aigvdbench:F_CTlGjh1oQ_11_0to133,test,test,0,,real_video,F_CTlGjh1oQ_11_0to133.mp4,8f36e61da2d25bc4d25d21c29cc702934d183ddaf0ea023df4e6bd8dc3467ee1,00e4e379fe36fd077c2a25ac5454f598f22979bc2c6d0f498ec17538edc07437,AIGVDBench/Real/Real.zip,videos/F_CTlGjh1oQ_11_0to133.mp4,1872120,1872943,dataset_cc_by_4_0_component_partial,not_downloaded
open_sora::F_CTlGjh1oQ_11_0to133,AIGVDBench,F_CTlGjh1oQ_11_0to133,aigvdbench:F_CTlGjh1oQ_11_0to133,test,test,1,Open-Sora,text_to_video,F_CTlGjh1oQ_11_0to133.mp4,8f36e61da2d25bc4d25d21c29cc702934d183ddaf0ea023df4e6bd8dc3467ee1,00e4e379fe36fd077c2a25ac5454f598f22979bc2c6d0f498ec17538edc07437,AIGVDBench/OpenSource/T2V/Open-Sora.zip,videos/F_CTlGjh1oQ_11_0to133.mp4,56515,57337,dataset_cc_by_4_0_component_partial,not_downloaded
real::jAyS963ExTY_17_20to237,AIGVDBench,jAyS963ExTY_17_20to237,aigvdbench:jAyS963ExTY_17_20to237,test,test,0,,real_video,jAyS963ExTY_17_20to237.mp4,1d636f76daf53f93bec66f185a011cd7f85b090c0f2422aa54b1dd91b73d4f6b,00e81862a8860cc7f45d3c1aea84d2513fc9af35d45cb7bb70ae03d36e69f320,AIGVDBench/Real/Real.zip,videos/jAyS963ExTY_17_20to237.mp4,678852,681958,dataset_cc_by_4_0_component_partial,not_downloaded
open_sora::jAyS963ExTY_17_20to237,AIGVDBench,jAyS963ExTY_17_20to237,aigvdbench:jAyS963ExTY_17_20to237,test,test,1,Open-Sora,text_to_video,jAyS963ExTY_17_20to237.mp4,1d636f76daf53f93bec66f185a011cd7f85b090c0f2422aa54b1dd91b73d4f6b,00e81862a8860cc7f45d3c1aea84d2513fc9af35d45cb7bb70ae03d36e69f320,AIGVDBench/OpenSource/T2V/Open-Sora.zip,videos/jAyS963ExTY_17_20to237.mp4,27089,28008,dataset_cc_by_4_0_component_partial,not_downloaded
real::HZtvLF6WZvg_37_0to175,AIGVDBench,HZtvLF6WZvg_37_0to175,aigvdbench:HZtvLF6WZvg_37_0to175,test,test,0,,real_video,HZtvLF6WZvg_37_0to175.mp4,4730c71303ddf4b5960b52a7bd9420f9dfb38a85f90b9d5907308da182c2c991,00f9b2279f4ee2586b8f417c820fe27a294b48dd8412571e8c98c943aaa999a2,AIGVDBench/Real/Real.zip,videos/HZtvLF6WZvg_37_0to175.mp4,5685435,5685960,dataset_cc_by_4_0_component_partial,not_downloaded
open_sora::HZtvLF6WZvg_37_0to175,AIGVDBench,HZtvLF6WZvg_37_0to175,aigvdbench:HZtvLF6WZvg_37_0to175,test,test,1,Open-Sora,text_to_video,HZtvLF6WZvg_37_0to175.mp4,4730c71303ddf4b5960b52a7bd9420f9dfb38a85f90b9d5907308da182c2c991,00f9b2279f4ee2586b8f417c820fe27a294b48dd8412571e8c98c943aaa999a2,AIGVDBench/OpenSource/T2V/Open-Sora.zip,videos/HZtvLF6WZvg_37_0to175.mp4,54111,54935,dataset_cc_by_4_0_component_partial,not_downloaded
real::aLzUOfnaiKM_28_0to162,AIGVDBench,aLzUOfnaiKM_28_0to162,aigvdbench:aLzUOfnaiKM_28_0to162,test,test,0,,real_video,aLzUOfnaiKM_28_0to162.mp4,d1abceabed30f0919dba1a75a3111f1df25799edcf43849a1b5314ea311a3e37,0105941e9566ab7eeb1dfa3e89d4a2fe26b72298587cd83aef7dae4267abcdbd,AIGVDBench/Real/Real.zip,videos/aLzUOfnaiKM_28_0to162.mp4,2254775,2255279,dataset_cc_by_4_0_component_partial,not_downloaded
open_sora::aLzUOfnaiKM_28_0to162,AIGVDBench,aLzUOfnaiKM_28_0to162,aigvdbench:aLzUOfnaiKM_28_0to162,test,test,1,Open-Sora,text_to_video,aLzUOfnaiKM_28_0to162.mp4,d1abceabed30f0919dba1a75a3111f1df25799edcf43849a1b5314ea311a3e37,0105941e9566ab7eeb1dfa3e89d4a2fe26b72298587cd83aef7dae4267abcdbd,AIGVDBench/OpenSource/T2V/Open-Sora.zip,videos/aLzUOfnaiKM_28_0to162.mp4,36012,36962,dataset_cc_by_4_0_component_partial,not_downloaded
real::Z954x4q8unM_11_311to521,AIGVDBench,Z954x4q8unM_11_311to521,aigvdbench:Z954x4q8unM_11_311to521,test,test,0,,real_video,Z954x4q8unM_11_311to521.mp4,db846268a999ef7e4b291faa4270f9471d6e71dd2a10d48f8daa528068d243d1,010c297d7e87035b86d4a9901e3fcca7e1c254fdb9cc5b3b9b18066d6ea06b27,AIGVDBench/Real/Real.zip,videos/Z954x4q8unM_11_311to521.mp4,2941101,2942184,dataset_cc_by_4_0_component_partial,not_downloaded
open_sora::Z954x4q8unM_11_311to521,AIGVDBench,Z954x4q8unM_11_311to521,aigvdbench:Z954x4q8unM_11_311to521,test,test,1,Open-Sora,text_to_video,Z954x4q8unM_11_311to521.mp4,db846268a999ef7e4b291faa4270f9471d6e71dd2a10d48f8daa528068d243d1,010c297d7e87035b86d4a9901e3fcca7e1c254fdb9cc5b3b9b18066d6ea06b27,AIGVDBench/OpenSource/T2V/Open-Sora.zip,videos/Z954x4q8unM_11_311to521.mp4,48562,49404,dataset_cc_by_4_0_component_partial,not_downloaded
real::vk3gAunH0mU_8_841to1036,AIGVDBench,vk3gAunH0mU_8_841to1036,aigvdbench:vk3gAunH0mU_8_841to1036,test,test,0,,real_video,vk3gAunH0mU_8_841to1036.mp4,a5013c22f148f79e3f606caad8f85ba890c89b455bc2344bedc195d040091578,010cff71502fffd517cf2773e1b0764c9f7d338ce6e628cd53133d30883e1bd7,AIGVDBench/Real/Real.zip,videos/vk3gAunH0mU_8_841to1036.mp4,4059607,4059742,dataset_cc_by_4_0_component_partial,not_downloaded
open_sora::vk3gAunH0mU_8_841to1036,AIGVDBench,vk3gAunH0mU_8_841to1036,aigvdbench:vk3gAunH0mU_8_841to1036,test,test,1,Open-Sora,text_to_video,vk3gAunH0mU_8_841to1036.mp4,a5013c22f148f79e3f606caad8f85ba890c89b455bc2344bedc195d040091578,010cff71502fffd517cf2773e1b0764c9f7d338ce6e628cd53133d30883e1bd7,AIGVDBench/OpenSource/T2V/Open-Sora.zip,videos/vk3gAunH0mU_8_841to1036.mp4,59308,60145,dataset_cc_by_4_0_component_partial,not_downloaded
real::xPcAfdYCj5k_136_0to424,AIGVDBench,xPcAfdYCj5k_136_0to424,aigvdbench:xPcAfdYCj5k_136_0to424,test,test,0,,real_video,xPcAfdYCj5k_136_0to424.mp4,78a9fd9079d5ef34055fa1c56a96bdfa1b3d30ded39ac880266883d5f088d0c0,012446f6174189f07f8acdf6ac6d61d936b20a19afea3d0ef799ffb108efcfa5,AIGVDBench/Real/Real.zip,videos/xPcAfdYCj5k_136_0to424.mp4,6971344,6972530,dataset_cc_by_4_0_component_partial,not_downloaded
open_sora::xPcAfdYCj5k_136_0to424,AIGVDBench,xPcAfdYCj5k_136_0to424,aigvdbench:xPcAfdYCj5k_136_0to424,test,test,1,Open-Sora,text_to_video,xPcAfdYCj5k_136_0to424.mp4,78a9fd9079d5ef34055fa1c56a96bdfa1b3d30ded39ac880266883d5f088d0c0,012446f6174189f07f8acdf6ac6d61d936b20a19afea3d0ef799ffb108efcfa5,AIGVDBench/OpenSource/T2V/Open-Sora.zip,videos/xPcAfdYCj5k_136_0to424.mp4,55620,56417,dataset_cc_by_4_0_component_partial,not_downloaded
real::4Y94Hm05JbY_15_75to285,AIGVDBench,4Y94Hm05JbY_15_75to285,aigvdbench:4Y94Hm05JbY_15_75to285,test,test,0,,real_video,4Y94Hm05JbY_15_75to285.mp4,ca1965f7c2da18b04daa9951fe3d48f566207badecf7718b512af4b91c1c91bf,012a02f891a4f7a293a77d9854dd2b60b0a60744973d828e02086eae56cd1235,AIGVDBench/Real/Real.zip,videos/4Y94Hm05JbY_15_75to285.mp4,3193649,3194271,dataset_cc_by_4_0_component_partial,not_downloaded
open_sora::4Y94Hm05JbY_15_75to285,AIGVDBench,4Y94Hm05JbY_15_75to285,aigvdbench:4Y94Hm05JbY_15_75to285,test,test,1,Open-Sora,text_to_video,4Y94Hm05JbY_15_75to285.mp4,ca1965f7c2da18b04daa9951fe3d48f566207badecf7718b512af4b91c1c91bf,012a02f891a4f7a293a77d9854dd2b60b0a60744973d828e02086eae56cd1235,AIGVDBench/OpenSource/T2V/Open-Sora.zip,videos/4Y94Hm05JbY_15_75to285.mp4,50512,51355,dataset_cc_by_4_0_component_partial,not_downloaded
real::1_6snv6uJOI_163_24to156,AIGVDBench,1_6snv6uJOI_163_24to156,aigvdbench:1_6snv6uJOI_163_24to156,test,test,0,,real_video,1_6snv6uJOI_163_24to156.mp4,8a2a8a3929341f823a3ebed3460004840ef8425ae6f98d0ac1fe1876eeef6cc8,012c04d85684c4f897bcfc815d1b9e9e517245d3f76a8488c635ba9d3be9c66c,AIGVDBench/Real/Real.zip,videos/1_6snv6uJOI_163_24to156.mp4,1533914,1534690,dataset_cc_by_4_0_component_partial,not_downloaded
open_sora::1_6snv6uJOI_163_24to156,AIGVDBench,1_6snv6uJOI_163_24to156,aigvdbench:1_6snv6uJOI_163_24to156,test,test,1,Open-Sora,text_to_video,1_6snv6uJOI_163_24to156.mp4,8a2a8a3929341f823a3ebed3460004840ef8425ae6f98d0ac1fe1876eeef6cc8,012c04d85684c4f897bcfc815d1b9e9e517245d3f76a8488c635ba9d3be9c66c,AIGVDBench/OpenSource/T2V/Open-Sora.zip,videos/1_6snv6uJOI_163_24to156.mp4,54035,54809,dataset_cc_by_4_0_component_partial,not_downloaded
real::luqB18f19rA_34_0to287,AIGVDBench,luqB18f19rA_34_0to287,aigvdbench:luqB18f19rA_34_0to287,test,test,0,,real_video,luqB18f19rA_34_0to287.mp4,4de8b765a92dab12a3a333dbb9fa9ff23dd01901a544f75eb27caa84913ce99e,014d2098e621a16f62b346f35ac78042d31b7c95f7bf15d8ba0c05124133594b,AIGVDBench/Real/Real.zip,videos/luqB18f19rA_34_0to287.mp4,2401625,2403040,dataset_cc_by_4_0_component_partial,not_downloaded
open_sora::luqB18f19rA_34_0to287,AIGVDBench,luqB18f19rA_34_0to287,aigvdbench:luqB18f19rA_34_0to287,test,test,1,Open-Sora,text_to_video,luqB18f19rA_34_0to287.mp4,4de8b765a92dab12a3a333dbb9fa9ff23dd01901a544f75eb27caa84913ce99e,014d2098e621a16f62b346f35ac78042d31b7c95f7bf15d8ba0c05124133594b,AIGVDBench/OpenSource/T2V/Open-Sora.zip,videos/luqB18f19rA_34_0to287.mp4,20680,21719,dataset_cc_by_4_0_component_partial,not_downloaded
real::ZF44B91CSwU_10_20to167,AIGVDBench,ZF44B91CSwU_10_20to167,aigvdbench:ZF44B91CSwU_10_20to167,test,test,0,,real_video,ZF44B91CSwU_10_20to167.mp4,f7cf871f57c4b6c4817edd1a83fe4d187546a9eda678e8ae52ce32a2e7c9eff7,015f72e00d4c574c0282b36b9e9e9525cd90527a78b169d7f43c3004b531a483,AIGVDBench/Real/Real.zip,videos/ZF44B91CSwU_10_20to167.mp4,2105600,2106015,dataset_cc_by_4_0_component_partial,not_downloaded
open_sora::ZF44B91CSwU_10_20to167,AIGVDBench,ZF44B91CSwU_10_20to167,aigvdbench:ZF44B91CSwU_10_20to167,test,test,1,Open-Sora,text_to_video,ZF44B91CSwU_10_20to167.mp4,f7cf871f57c4b6c4817edd1a83fe4d187546a9eda678e8ae52ce32a2e7c9eff7,015f72e00d4c574c0282b36b9e9e9525cd90527a78b169d7f43c3004b531a483,AIGVDBench/OpenSource/T2V/Open-Sora.zip,videos/ZF44B91CSwU_10_20to167.mp4,56991,57759,dataset_cc_by_4_0_component_partial,not_downloaded
real::aqkfGPNsdlA_8_0to147,AIGVDBench,aqkfGPNsdlA_8_0to147,aigvdbench:aqkfGPNsdlA_8_0to147,test,test,0,,real_video,aqkfGPNsdlA_8_0to147.mp4,f5719c3493fb8a850a1f403357b311e79f6125ab0d476d3329a065a602bcfa70,0162744b06aa57318c453f1c539756a34a7156c4f1c71a5918ac27659ac6c4eb,AIGVDBench/Real/Real.zip,videos/aqkfGPNsdlA_8_0to147.mp4,1607255,1608331,dataset_cc_by_4_0_component_partial,not_downloaded
open_sora::aqkfGPNsdlA_8_0to147,AIGVDBench,aqkfGPNsdlA_8_0to147,aigvdbench:aqkfGPNsdlA_8_0to147,test,test,1,Open-Sora,text_to_video,aqkfGPNsdlA_8_0to147.mp4,f5719c3493fb8a850a1f403357b311e79f6125ab0d476d3329a065a602bcfa70,0162744b06aa57318c453f1c539756a34a7156c4f1c71a5918ac27659ac6c4eb,AIGVDBench/OpenSource/T2V/Open-Sora.zip,videos/aqkfGPNsdlA_8_0to147.mp4,43015,43851,dataset_cc_by_4_0_component_partial,not_downloaded
real::0iTGoFJyyNk_0_0to162,AIGVDBench,0iTGoFJyyNk_0_0to162,aigvdbench:0iTGoFJyyNk_0_0to162,test,test,0,,real_video,0iTGoFJyyNk_0_0to162.mp4,bb7e99e9e721e042422081c0291c3c5509987e3f6c33a0032eeb29b2f5fe8e60,0166d20ec457d7e39185dfbb137fd3c413cf451f4b2fe9237307bd384a528129,AIGVDBench/Real/Real.zip,videos/0iTGoFJyyNk_0_0to162.mp4,2355994,2357255,dataset_cc_by_4_0_component_partial,not_downloaded
open_sora::0iTGoFJyyNk_0_0to162,AIGVDBench,0iTGoFJyyNk_0_0to162,aigvdbench:0iTGoFJyyNk_0_0to162,test,test,1,Open-Sora,text_to_video,0iTGoFJyyNk_0_0to162.mp4,bb7e99e9e721e042422081c0291c3c5509987e3f6c33a0032eeb29b2f5fe8e60,0166d20ec457d7e39185dfbb137fd3c413cf451f4b2fe9237307bd384a528129,AIGVDBench/OpenSource/T2V/Open-Sora.zip,videos/0iTGoFJyyNk_0_0to162.mp4,38391,39298,dataset_cc_by_4_0_component_partial,not_downloaded
real::6m5r64VRI8c_80_149to251,AIGVDBench,6m5r64VRI8c_80_149to251,aigvdbench:6m5r64VRI8c_80_149to251,test,test,0,,real_video,6m5r64VRI8c_80_149to251.mp4,567d6757245752a3fa6192ae2146dfdbe959debf49ccbb4413abdc28153cdcf0,017739fdccc61bd1b09da09a64ba51f59c4c8a59dd32911e4005d823f2f471cd,AIGVDBench/Real/Real.zip,videos/6m5r64VRI8c_80_149to251.mp4,2271688,2271959,dataset_cc_by_4_0_component_partial,not_downloaded
open_sora::6m5r64VRI8c_80_149to251,AIGVDBench,6m5r64VRI8c_80_149to251,aigvdbench:6m5r64VRI8c_80_149to251,test,test,1,Open-Sora,text_to_video,6m5r64VRI8c_80_149to251.mp4,567d6757245752a3fa6192ae2146dfdbe959debf49ccbb4413abdc28153cdcf0,017739fdccc61bd1b09da09a64ba51f59c4c8a59dd32911e4005d823f2f471cd,AIGVDBench/OpenSource/T2V/Open-Sora.zip,videos/6m5r64VRI8c_80_149to251.mp4,93167,93894,dataset_cc_by_4_0_component_partial,not_downloaded
real::wgqoVUUmqNI_12_0to108,AIGVDBench,wgqoVUUmqNI_12_0to108,aigvdbench:wgqoVUUmqNI_12_0to108,test,test,0,,real_video,wgqoVUUmqNI_12_0to108.mp4,db17f17469aab172d6f66d0713bc1dee3a5ea23acc0b21894e2adc7d312d7eb4,01a7a23cf21c3bc82fb94c73c9725263996bad36844fe79a783d2389b05516b4,AIGVDBench/Real/Real.zip,videos/wgqoVUUmqNI_12_0to108.mp4,1189034,1189944,dataset_cc_by_4_0_component_partial,not_downloaded
open_sora::wgqoVUUmqNI_12_0to108,AIGVDBench,wgqoVUUmqNI_12_0to108,aigvdbench:wgqoVUUmqNI_12_0to108,test,test,1,Open-Sora,text_to_video,wgqoVUUmqNI_12_0to108.mp4,db17f17469aab172d6f66d0713bc1dee3a5ea23acc0b21894e2adc7d312d7eb4,01a7a23cf21c3bc82fb94c73c9725263996bad36844fe79a783d2389b05516b4,AIGVDBench/OpenSource/T2V/Open-Sora.zip,videos/wgqoVUUmqNI_12_0to108.mp4,33038,33930,dataset_cc_by_4_0_component_partial,not_downloaded
real::QB7HkS8fmIQ_0_736to1199,AIGVDBench,QB7HkS8fmIQ_0_736to1199,aigvdbench:QB7HkS8fmIQ_0_736to1199,test,test,0,,real_video,QB7HkS8fmIQ_0_736to1199.mp4,0d9762a1b0019d74a639177119efbdc1aa4a9fd32a1420a00a383f119f213887,01a853bfe5ff7ee9c0b10bc2b8a6737b121ecbda5e278db12ee9f4c5a743120a,AIGVDBench/Real/Real.zip,videos/QB7HkS8fmIQ_0_736to1199.mp4,8140943,8141594,dataset_cc_by_4_0_component_partial,not_downloaded
open_sora::QB7HkS8fmIQ_0_736to1199,AIGVDBench,QB7HkS8fmIQ_0_736to1199,aigvdbench:QB7HkS8fmIQ_0_736to1199,test,test,1,Open-Sora,text_to_video,QB7HkS8fmIQ_0_736to1199.mp4,0d9762a1b0019d74a639177119efbdc1aa4a9fd32a1420a00a383f119f213887,01a853bfe5ff7ee9c0b10bc2b8a6737b121ecbda5e278db12ee9f4c5a743120a,AIGVDBench/OpenSource/T2V/Open-Sora.zip,videos/QB7HkS8fmIQ_0_736to1199.mp4,55932,56733,dataset_cc_by_4_0_component_partial,not_downloaded
real::Ok5VZuGyozI_83_62to277,AIGVDBench,Ok5VZuGyozI_83_62to277,aigvdbench:Ok5VZuGyozI_83_62to277,test,test,0,,real_video,Ok5VZuGyozI_83_62to277.mp4,fa1160e206b229ad45b6908a84e1b21a7229bed0ef249310a91f61fdbc0240a0,01baa242d8ebb903a126e3aac2da38eb1a91f5065e13c29224bbb341908d399f,AIGVDBench/Real/Real.zip,videos/Ok5VZuGyozI_83_62to277.mp4,4589391,4589859,dataset_cc_by_4_0_component_partial,not_downloaded
open_sora::Ok5VZuGyozI_83_62to277,AIGVDBench,Ok5VZuGyozI_83_62to277,aigvdbench:Ok5VZuGyozI_83_62to277,test,test,1,Open-Sora,text_to_video,Ok5VZuGyozI_83_62to277.mp4,fa1160e206b229ad45b6908a84e1b21a7229bed0ef249310a91f61fdbc0240a0,01baa242d8ebb903a126e3aac2da38eb1a91f5065e13c29224bbb341908d399f,AIGVDBench/OpenSource/T2V/Open-Sora.zip,videos/Ok5VZuGyozI_83_62to277.mp4,51072,51853,dataset_cc_by_4_0_component_partial,not_downloaded
real::SCxn-lNP3KQ_24_17to216,AIGVDBench,SCxn-lNP3KQ_24_17to216,aigvdbench:SCxn-lNP3KQ_24_17to216,test,test,0,,real_video,SCxn-lNP3KQ_24_17to216.mp4,ba077392c19020cabed3df1152ca20d4951218a65d9d6421a5ae107c1b979a26,01e3b4574afed13f5e7cc1ef073bbdc035901ba99d1ccb97688aa73a3cb1fe61,AIGVDBench/Real/Real.zip,videos/SCxn-lNP3KQ_24_17to216.mp4,6739439,6739822,dataset_cc_by_4_0_component_partial,not_downloaded
open_sora::SCxn-lNP3KQ_24_17to216,AIGVDBench,SCxn-lNP3KQ_24_17to216,aigvdbench:SCxn-lNP3KQ_24_17to216,test,test,1,Open-Sora,text_to_video,SCxn-lNP3KQ_24_17to216.mp4,ba077392c19020cabed3df1152ca20d4951218a65d9d6421a5ae107c1b979a26,01e3b4574afed13f5e7cc1ef073bbdc035901ba99d1ccb97688aa73a3cb1fe61,AIGVDBench/OpenSource/T2V/Open-Sora.zip,videos/SCxn-lNP3KQ_24_17to216.mp4,76190,76985,dataset_cc_by_4_0_component_partial,not_downloaded
real::Z7L5Qjwa2dg_10_96to225,AIGVDBench,Z7L5Qjwa2dg_10_96to225,aigvdbench:Z7L5Qjwa2dg_10_96to225,test,test,0,,real_video,Z7L5Qjwa2dg_10_96to225.mp4,90a38b5195746f6d389401dde076afb7dd423ac10e99543e405c38daa9ce9b78,020b29e34f3d37bc6e5e2a02f482086bd808983ba52a9ae982f908a196c47f0f,AIGVDBench/Real/Real.zip,videos/Z7L5Qjwa2dg_10_96to225.mp4,1365677,1366757,dataset_cc_by_4_0_component_partial,not_downloaded
open_sora::Z7L5Qjwa2dg_10_96to225,AIGVDBench,Z7L5Qjwa2dg_10_96to225,aigvdbench:Z7L5Qjwa2dg_10_96to225,test,test,1,Open-Sora,text_to_video,Z7L5Qjwa2dg_10_96to225.mp4,90a38b5195746f6d389401dde076afb7dd423ac10e99543e405c38daa9ce9b78,020b29e34f3d37bc6e5e2a02f482086bd808983ba52a9ae982f908a196c47f0f,AIGVDBench/OpenSource/T2V/Open-Sora.zip,videos/Z7L5Qjwa2dg_10_96to225.mp4,48563,49426,dataset_cc_by_4_0_component_partial,not_downloaded
real::riD-fcitHW4_54_18to280,AIGVDBench,riD-fcitHW4_54_18to280,aigvdbench:riD-fcitHW4_54_18to280,test,test,0,,real_video,riD-fcitHW4_54_18to280.mp4,eeabf420283c022aee2aea11b1e1c7a7ade07ea18bafcd41a73ba23523fda8ca,0217feb07fb920ad5330551a1b1b0a6a8be7c736f4a5b11b9853dcdeae4722fe,AIGVDBench/Real/Real.zip,videos/riD-fcitHW4_54_18to280.mp4,2575668,2578518,dataset_cc_by_4_0_component_partial,not_downloaded
open_sora::riD-fcitHW4_54_18to280,AIGVDBench,riD-fcitHW4_54_18to280,aigvdbench:riD-fcitHW4_54_18to280,test,test,1,Open-Sora,text_to_video,riD-fcitHW4_54_18to280.mp4,eeabf420283c022aee2aea11b1e1c7a7ade07ea18bafcd41a73ba23523fda8ca,0217feb07fb920ad5330551a1b1b0a6a8be7c736f4a5b11b9853dcdeae4722fe,AIGVDBench/OpenSource/T2V/Open-Sora.zip,videos/riD-fcitHW4_54_18to280.mp4,58785,59570,dataset_cc_by_4_0_component_partial,not_downloaded
real::Roi1-3V2frQ_4_0to406,AIGVDBench,Roi1-3V2frQ_4_0to406,aigvdbench:Roi1-3V2frQ_4_0to406,test,test,0,,real_video,Roi1-3V2frQ_4_0to406.mp4,4407a632a8f57fb2f350c9f47d1324d6e2d0281d76941b3ce9becfa5e31df757,022305d9aa910c5b11e1d075ec8241bc27dabbf67c8e4b1489c856d1c59e6f51,AIGVDBench/Real/Real.zip,videos/Roi1-3V2frQ_4_0to406.mp4,4414689,4415924,dataset_cc_by_4_0_component_partial,not_downloaded
open_sora::Roi1-3V2frQ_4_0to406,AIGVDBench,Roi1-3V2frQ_4_0to406,aigvdbench:Roi1-3V2frQ_4_0to406,test,test,1,Open-Sora,text_to_video,Roi1-3V2frQ_4_0to406.mp4,4407a632a8f57fb2f350c9f47d1324d6e2d0281d76941b3ce9becfa5e31df757,022305d9aa910c5b11e1d075ec8241bc27dabbf67c8e4b1489c856d1c59e6f51,AIGVDBench/OpenSource/T2V/Open-Sora.zip,videos/Roi1-3V2frQ_4_0to406.mp4,30518,31361,dataset_cc_by_4_0_component_partial,not_downloaded
real::Mkioc1jHbfE_0_0to242,AIGVDBench,Mkioc1jHbfE_0_0to242,aigvdbench:Mkioc1jHbfE_0_0to242,test,test,0,,real_video,Mkioc1jHbfE_0_0to242.mp4,be2970b56ed5f4cd0d4022949a02f9a7aca1ef2792c9f40a50bcbed455ac49b5,024987aaf34ac4364adf665717fe706f395e84e1b0d2b774c74269f3d4249d4a,AIGVDBench/Real/Real.zip,videos/Mkioc1jHbfE_0_0to242.mp4,5809840,5809969,dataset_cc_by_4_0_component_partial,not_downloaded
open_sora::Mkioc1jHbfE_0_0to242,AIGVDBench,Mkioc1jHbfE_0_0to242,aigvdbench:Mkioc1jHbfE_0_0to242,test,test,1,Open-Sora,text_to_video,Mkioc1jHbfE_0_0to242.mp4,be2970b56ed5f4cd0d4022949a02f9a7aca1ef2792c9f40a50bcbed455ac49b5,024987aaf34ac4364adf665717fe706f395e84e1b0d2b774c74269f3d4249d4a,AIGVDBench/OpenSource/T2V/Open-Sora.zip,videos/Mkioc1jHbfE_0_0to242.mp4,36302,37203,dataset_cc_by_4_0_component_partial,not_downloaded
real::4znUmXghUCk_17_0to145,AIGVDBench,4znUmXghUCk_17_0to145,aigvdbench:4znUmXghUCk_17_0to145,test,test,0,,real_video,4znUmXghUCk_17_0to145.mp4,03125e98bfd48d3813b222cc827387e6ed4b9d0034cbd943b01a435cb212325d,025956270c76d5a706d53dc2bdfc41ce7a9eb366f245a926fc39c19fe4e28aef,AIGVDBench/Real/Real.zip,videos/4znUmXghUCk_17_0to145.mp4,1147649,1148717,dataset_cc_by_4_0_component_partial,not_downloaded
open_sora::4znUmXghUCk_17_0to145,AIGVDBench,4znUmXghUCk_17_0to145,aigvdbench:4znUmXghUCk_17_0to145,test,test,1,Open-Sora,text_to_video,4znUmXghUCk_17_0to145.mp4,03125e98bfd48d3813b222cc827387e6ed4b9d0034cbd943b01a435cb212325d,025956270c76d5a706d53dc2bdfc41ce7a9eb366f245a926fc39c19fe4e28aef,AIGVDBench/OpenSource/T2V/Open-Sora.zip,videos/4znUmXghUCk_17_0to145.mp4,47835,48667,dataset_cc_by_4_0_component_partial,not_downloaded
real::DyufiUiWk9E_1_29to141,AIGVDBench,DyufiUiWk9E_1_29to141,aigvdbench:DyufiUiWk9E_1_29to141,test,test,0,,real_video,DyufiUiWk9E_1_29to141.mp4,3f0c726635f0a42bcf66e30aa4d75cd66d43955dc1b5e40118e9c31093222168,025eb1af2e5d80ac1964a45862f0f61e07f0ffe1ef6eac8440c336634b13e49a,AIGVDBench/Real/Real.zip,videos/DyufiUiWk9E_1_29to141.mp4,1004781,1005464,dataset_cc_by_4_0_component_partial,not_downloaded
open_sora::DyufiUiWk9E_1_29to141,AIGVDBench,DyufiUiWk9E_1_29to141,aigvdbench:DyufiUiWk9E_1_29to141,test,test,1,Open-Sora,text_to_video,DyufiUiWk9E_1_29to141.mp4,3f0c726635f0a42bcf66e30aa4d75cd66d43955dc1b5e40118e9c31093222168,025eb1af2e5d80ac1964a45862f0f61e07f0ffe1ef6eac8440c336634b13e49a,AIGVDBench/OpenSource/T2V/Open-Sora.zip,videos/DyufiUiWk9E_1_29to141.mp4,53027,53833,dataset_cc_by_4_0_component_partial,not_downloaded
real::SH2nbMwWRN0_51_0to244,AIGVDBench,SH2nbMwWRN0_51_0to244,aigvdbench:SH2nbMwWRN0_51_0to244,test,test,0,,real_video,SH2nbMwWRN0_51_0to244.mp4,00df5a310a642ef1cebeda777478859f1283f07c5abf49996f08631cb0a910f3,02c1078bf39b2f1253ed77b068695c52d6b99397de98f0be4202048495aceb4e,AIGVDBench/Real/Real.zip,videos/SH2nbMwWRN0_51_0to244.mp4,8525818,8525516,dataset_cc_by_4_0_component_partial,not_downloaded
open_sora::SH2nbMwWRN0_51_0to244,AIGVDBench,SH2nbMwWRN0_51_0to244,aigvdbench:SH2nbMwWRN0_51_0to244,test,test,1,Open-Sora,text_to_video,SH2nbMwWRN0_51_0to244.mp4,00df5a310a642ef1cebeda777478859f1283f07c5abf49996f08631cb0a910f3,02c1078bf39b2f1253ed77b068695c52d6b99397de98f0be4202048495aceb4e,AIGVDBench/OpenSource/T2V/Open-Sora.zip,videos/SH2nbMwWRN0_51_0to244.mp4,83549,84313,dataset_cc_by_4_0_component_partial,not_downloaded
real::0W9CVrk66AI_54_0to180,AIGVDBench,0W9CVrk66AI_54_0to180,aigvdbench:0W9CVrk66AI_54_0to180,test,test,0,,real_video,0W9CVrk66AI_54_0to180.mp4,65253eab4832a38d56bd19afa5e5d85c984b05708d7dbba385c314c3b998c876,02cc7d776de4c3d3d1606426e82f369515ff989639ae2e8cc3caddf32b78d9c1,AIGVDBench/Real/Real.zip,videos/0W9CVrk66AI_54_0to180.mp4,5130756,5130803,dataset_cc_by_4_0_component_partial,not_downloaded
open_sora::0W9CVrk66AI_54_0to180,AIGVDBench,0W9CVrk66AI_54_0to180,aigvdbench:0W9CVrk66AI_54_0to180,test,test,1,Open-Sora,text_to_video,0W9CVrk66AI_54_0to180.mp4,65253eab4832a38d56bd19afa5e5d85c984b05708d7dbba385c314c3b998c876,02cc7d776de4c3d3d1606426e82f369515ff989639ae2e8cc3caddf32b78d9c1,AIGVDBench/OpenSource/T2V/Open-Sora.zip,videos/0W9CVrk66AI_54_0to180.mp4,45851,46659,dataset_cc_by_4_0_component_partial,not_downloaded
real::yIpgCt21qxo_6_152to297,AIGVDBench,yIpgCt21qxo_6_152to297,aigvdbench:yIpgCt21qxo_6_152to297,test,test,0,,real_video,yIpgCt21qxo_6_152to297.mp4,adedf2b4c631636194521099913296c455da071d1a41278ac2f88c62a0ad173a,02d9f42ce7a8a4b085bf82a562f1d8f2acfe1b5916056f1b4ac882825e776307,AIGVDBench/Real/Real.zip,videos/yIpgCt21qxo_6_152to297.mp4,1986623,1987448,dataset_cc_by_4_0_component_partial,not_downloaded
open_sora::yIpgCt21qxo_6_152to297,AIGVDBench,yIpgCt21qxo_6_152to297,aigvdbench:yIpgCt21qxo_6_152to297,test,test,1,Open-Sora,text_to_video,yIpgCt21qxo_6_152to297.mp4,adedf2b4c631636194521099913296c455da071d1a41278ac2f88c62a0ad173a,02d9f42ce7a8a4b085bf82a562f1d8f2acfe1b5916056f1b4ac882825e776307,AIGVDBench/OpenSource/T2V/Open-Sora.zip,videos/yIpgCt21qxo_6_152to297.mp4,59884,60709,dataset_cc_by_4_0_component_partial,not_downloaded
real::FsywAgJ42Ug_27_20to502,AIGVDBench,FsywAgJ42Ug_27_20to502,aigvdbench:FsywAgJ42Ug_27_20to502,test,test,0,,real_video,FsywAgJ42Ug_27_20to502.mp4,9956a633e3a0bf4c6cb66b207aaf1d2f1fc6f7d9f3cc67c63a76c4592f89efdf,02dc73963ce1d0ebf9ce905e6063da8ba04bd1fc6cced84e307ab4a4ec381bd3,AIGVDBench/Real/Real.zip,videos/FsywAgJ42Ug_27_20to502.mp4,7219779,7221704,dataset_cc_by_4_0_component_partial,not_downloaded
open_sora::FsywAgJ42Ug_27_20to502,AIGVDBench,FsywAgJ42Ug_27_20to502,aigvdbench:FsywAgJ42Ug_27_20to502,test,test,1,Open-Sora,text_to_video,FsywAgJ42Ug_27_20to502.mp4,9956a633e3a0bf4c6cb66b207aaf1d2f1fc6f7d9f3cc67c63a76c4592f89efdf,02dc73963ce1d0ebf9ce905e6063da8ba04bd1fc6cced84e307ab4a4ec381bd3,AIGVDBench/OpenSource/T2V/Open-Sora.zip,videos/FsywAgJ42Ug_27_20to502.mp4,55268,56073,dataset_cc_by_4_0_component_partial,not_downloaded
real::2TGjkUMUiZQ_1_0to1106,AIGVDBench,2TGjkUMUiZQ_1_0to1106,aigvdbench:2TGjkUMUiZQ_1_0to1106,test,test,0,,real_video,2TGjkUMUiZQ_1_0to1106.mp4,ab1b55f8f4dfe67e76dbabefb3e02c80521e5547ecee9a224db48855e3269fab,02ddb61200485cda692ca7e31f796b618b9dd356fc5b7cb150edb15952a64cc8,AIGVDBench/Real/Real.zip,videos/2TGjkUMUiZQ_1_0to1106.mp4,26896200,26898968,dataset_cc_by_4_0_component_partial,not_downloaded
open_sora::2TGjkUMUiZQ_1_0to1106,AIGVDBench,2TGjkUMUiZQ_1_0to1106,aigvdbench:2TGjkUMUiZQ_1_0to1106,test,test,1,Open-Sora,text_to_video,2TGjkUMUiZQ_1_0to1106.mp4,ab1b55f8f4dfe67e76dbabefb3e02c80521e5547ecee9a224db48855e3269fab,02ddb61200485cda692ca7e31f796b618b9dd356fc5b7cb150edb15952a64cc8,AIGVDBench/OpenSource/T2V/Open-Sora.zip,videos/2TGjkUMUiZQ_1_0to1106.mp4,49344,50160,dataset_cc_by_4_0_component_partial,not_downloaded
real::iJKRXXP7uMk_5_0to154,AIGVDBench,iJKRXXP7uMk_5_0to154,aigvdbench:iJKRXXP7uMk_5_0to154,test,test,0,,real_video,iJKRXXP7uMk_5_0to154.mp4,67909cfd3165699fbb871350efe69f841574ea42f2f5ffd08ad7da45bfc34558,02ec2ceec3326f29f103ec65b903ffa9867cca97ee65d86b1518a83d46ef5f45,AIGVDBench/Real/Real.zip,videos/iJKRXXP7uMk_5_0to154.mp4,2986577,2987728,dataset_cc_by_4_0_component_partial,not_downloaded
open_sora::iJKRXXP7uMk_5_0to154,AIGVDBench,iJKRXXP7uMk_5_0to154,aigvdbench:iJKRXXP7uMk_5_0to154,test,test,1,Open-Sora,text_to_video,iJKRXXP7uMk_5_0to154.mp4,67909cfd3165699fbb871350efe69f841574ea42f2f5ffd08ad7da45bfc34558,02ec2ceec3326f29f103ec65b903ffa9867cca97ee65d86b1518a83d46ef5f45,AIGVDBench/OpenSource/T2V/Open-Sora.zip,videos/iJKRXXP7uMk_5_0to154.mp4,53409,54151,dataset_cc_by_4_0_component_partial,not_downloaded
real::cS-hFKC_RKI_46_60to168,AIGVDBench,cS-hFKC_RKI_46_60to168,aigvdbench:cS-hFKC_RKI_46_60to168,test,test,0,,real_video,cS-hFKC_RKI_46_60to168.mp4,4567d258ff6e3cac03277c34ec6394a82462a6da4a5340e38f80792d740f5ce2,02f999b824a4ebfc38c3ff81c479c52d0d148c26cf1637fe4f9e9be796eac8e5,AIGVDBench/Real/Real.zip,videos/cS-hFKC_RKI_46_60to168.mp4,1804361,1804714,dataset_cc_by_4_0_component_partial,not_downloaded
open_sora::cS-hFKC_RKI_46_60to168,AIGVDBench,cS-hFKC_RKI_46_60to168,aigvdbench:cS-hFKC_RKI_46_60to168,test,test,1,Open-Sora,text_to_video,cS-hFKC_RKI_46_60to168.mp4,4567d258ff6e3cac03277c34ec6394a82462a6da4a5340e38f80792d740f5ce2,02f999b824a4ebfc38c3ff81c479c52d0d148c26cf1637fe4f9e9be796eac8e5,AIGVDBench/OpenSource/T2V/Open-Sora.zip,videos/cS-hFKC_RKI_46_60to168.mp4,57049,57854,dataset_cc_by_4_0_component_partial,not_downloaded
real::SUGTwS-yy24_10_0to288,AIGVDBench,SUGTwS-yy24_10_0to288,aigvdbench:SUGTwS-yy24_10_0to288,test,test,0,,real_video,SUGTwS-yy24_10_0to288.mp4,7f9a9b9f1596d4298879c853963ccb6144252bc4db9f483c9b4e3b59ca46c358,0303c072461660cede1121f6448b5ff704b13bd8d00933eeaefca1879a931d9d,AIGVDBench/Real/Real.zip,videos/SUGTwS-yy24_10_0to288.mp4,10488675,10488718,dataset_cc_by_4_0_component_partial,not_downloaded
open_sora::SUGTwS-yy24_10_0to288,AIGVDBench,SUGTwS-yy24_10_0to288,aigvdbench:SUGTwS-yy24_10_0to288,test,test,1,Open-Sora,text_to_video,SUGTwS-yy24_10_0to288.mp4,7f9a9b9f1596d4298879c853963ccb6144252bc4db9f483c9b4e3b59ca46c358,0303c072461660cede1121f6448b5ff704b13bd8d00933eeaefca1879a931d9d,AIGVDBench/OpenSource/T2V/Open-Sora.zip,videos/SUGTwS-yy24_10_0to288.mp4,58343,59121,dataset_cc_by_4_0_component_partial,not_downloaded
real::I16_TEnx5Zg_91_0to646,AIGVDBench,I16_TEnx5Zg_91_0to646,aigvdbench:I16_TEnx5Zg_91_0to646,test,test,0,,real_video,I16_TEnx5Zg_91_0to646.mp4,259168940c939b2c95b991f5841056669fface3d84a171167a4d1091a9f0b95b,0309aee752aacda23c9b8a1a1ff1f93777ff893011fb8c9f0e8e75535c4a5a3f,AIGVDBench/Real/Real.zip,videos/I16_TEnx5Zg_91_0to646.mp4,7723009,7725219,dataset_cc_by_4_0_component_partial,not_downloaded
open_sora::I16_TEnx5Zg_91_0to646,AIGVDBench,I16_TEnx5Zg_91_0to646,aigvdbench:I16_TEnx5Zg_91_0to646,test,test,1,Open-Sora,text_to_video,I16_TEnx5Zg_91_0to646.mp4,259168940c939b2c95b991f5841056669fface3d84a171167a4d1091a9f0b95b,0309aee752aacda23c9b8a1a1ff1f93777ff893011fb8c9f0e8e75535c4a5a3f,AIGVDBench/OpenSource/T2V/Open-Sora.zip,videos/I16_TEnx5Zg_91_0to646.mp4,48720,49543,dataset_cc_by_4_0_component_partial,not_downloaded
real::hNcEHE8Y18c_37_53to173,AIGVDBench,hNcEHE8Y18c_37_53to173,aigvdbench:hNcEHE8Y18c_37_53to173,test,test,0,,real_video,hNcEHE8Y18c_37_53to173.mp4,d482bca55ba8409bde229dcfab0183fa79adc1193f415a5b6bc611d966726f3c,0341ce0b7c9c2cd50bcb73fdfb229bc8b2d0a6ca2f29d0c528261f6ebf681f40,AIGVDBench/Real/Real.zip,videos/hNcEHE8Y18c_37_53to173.mp4,1134987,1135895,dataset_cc_by_4_0_component_partial,not_downloaded
open_sora::hNcEHE8Y18c_37_53to173,AIGVDBench,hNcEHE8Y18c_37_53to173,aigvdbench:hNcEHE8Y18c_37_53to173,test,test,1,Open-Sora,text_to_video,hNcEHE8Y18c_37_53to173.mp4,d482bca55ba8409bde229dcfab0183fa79adc1193f415a5b6bc611d966726f3c,0341ce0b7c9c2cd50bcb73fdfb229bc8b2d0a6ca2f29d0c528261f6ebf681f40,AIGVDBench/OpenSource/T2V/Open-Sora.zip,videos/hNcEHE8Y18c_37_53to173.mp4,36061,36998,dataset_cc_by_4_0_component_partial,not_downloaded
real::oapr-nV7JxI_41_0to120,AIGVDBench,oapr-nV7JxI_41_0to120,aigvdbench:oapr-nV7JxI_41_0to120,test,test,0,,real_video,oapr-nV7JxI_41_0to120.mp4,bdb4208c37a47b1d9b4f0bf9da8f38f84003639b49803d46389f9584d5888851,0362ae563cf920f966a2704287d76391b235cecff6809ea7802ad7023cb4f89b,AIGVDBench/Real/Real.zip,videos/oapr-nV7JxI_41_0to120.mp4,2752104,2752471,dataset_cc_by_4_0_component_partial,not_downloaded
open_sora::oapr-nV7JxI_41_0to120,AIGVDBench,oapr-nV7JxI_41_0to120,aigvdbench:oapr-nV7JxI_41_0to120,test,test,1,Open-Sora,text_to_video,oapr-nV7JxI_41_0to120.mp4,bdb4208c37a47b1d9b4f0bf9da8f38f84003639b49803d46389f9584d5888851,0362ae563cf920f966a2704287d76391b235cecff6809ea7802ad7023cb4f89b,AIGVDBench/OpenSource/T2V/Open-Sora.zip,videos/oapr-nV7JxI_41_0to120.mp4,35903,36777,dataset_cc_by_4_0_component_partial,not_downloaded
real::MRnSnmwhgI0_19_0to134,AIGVDBench,MRnSnmwhgI0_19_0to134,aigvdbench:MRnSnmwhgI0_19_0to134,test,test,0,,real_video,MRnSnmwhgI0_19_0to134.mp4,f39541b34c4b2b03d599473d478b65cec2b7b7536d2d59cd64868deb5cbb1e8b,03780cdcaa48873a951a38abfd7a32f5a706d6b1478fc02e264df6f868a7a613,AIGVDBench/Real/Real.zip,videos/MRnSnmwhgI0_19_0to134.mp4,1529849,1530979,dataset_cc_by_4_0_component_partial,not_downloaded
open_sora::MRnSnmwhgI0_19_0to134,AIGVDBench,MRnSnmwhgI0_19_0to134,aigvdbench:MRnSnmwhgI0_19_0to134,test,test,1,Open-Sora,text_to_video,MRnSnmwhgI0_19_0to134.mp4,f39541b34c4b2b03d599473d478b65cec2b7b7536d2d59cd64868deb5cbb1e8b,03780cdcaa48873a951a38abfd7a32f5a706d6b1478fc02e264df6f868a7a613,AIGVDBench/OpenSource/T2V/Open-Sora.zip,videos/MRnSnmwhgI0_19_0to134.mp4,45549,46295,dataset_cc_by_4_0_component_partial,not_downloaded
real::jgYz1Lo5LuM_33_104to222,AIGVDBench,jgYz1Lo5LuM_33_104to222,aigvdbench:jgYz1Lo5LuM_33_104to222,test,test,0,,real_video,jgYz1Lo5LuM_33_104to222.mp4,997f0cdfb908025bca021dca0a5a9596f99f124105ae58cfc7a73fbf42344da0,038f349578d7b841c2524f24c6eb291e44f763a82fee3a2caabf41d45fd780c6,AIGVDBench/Real/Real.zip,videos/jgYz1Lo5LuM_33_104to222.mp4,780857,781845,dataset_cc_by_4_0_component_partial,not_downloaded
open_sora::jgYz1Lo5LuM_33_104to222,AIGVDBench,jgYz1Lo5LuM_33_104to222,aigvdbench:jgYz1Lo5LuM_33_104to222,test,test,1,Open-Sora,text_to_video,jgYz1Lo5LuM_33_104to222.mp4,997f0cdfb908025bca021dca0a5a9596f99f124105ae58cfc7a73fbf42344da0,038f349578d7b841c2524f24c6eb291e44f763a82fee3a2caabf41d45fd780c6,AIGVDBench/OpenSource/T2V/Open-Sora.zip,videos/jgYz1Lo5LuM_33_104to222.mp4,57545,58273,dataset_cc_by_4_0_component_partial,not_downloaded
real::J0QqJAAu6FU_1_67to185,AIGVDBench,J0QqJAAu6FU_1_67to185,aigvdbench:J0QqJAAu6FU_1_67to185,test,test,0,,real_video,J0QqJAAu6FU_1_67to185.mp4,5871eca4db552055a9c5a925fce80f6dc4ed48eeb824683a65d0de5d1f28b8c5,03917332989c05e76fbeb2b647f0468f5fc6ee6605c9be9f048a37353ef36faa,AIGVDBench/Real/Real.zip,videos/J0QqJAAu6FU_1_67to185.mp4,1269109,1269909,dataset_cc_by_4_0_component_partial,not_downloaded
open_sora::J0QqJAAu6FU_1_67to185,AIGVDBench,J0QqJAAu6FU_1_67to185,aigvdbench:J0QqJAAu6FU_1_67to185,test,test,1,Open-Sora,text_to_video,J0QqJAAu6FU_1_67to185.mp4,5871eca4db552055a9c5a925fce80f6dc4ed48eeb824683a65d0de5d1f28b8c5,03917332989c05e76fbeb2b647f0468f5fc6ee6605c9be9f048a37353ef36faa,AIGVDBench/OpenSource/T2V/Open-Sora.zip,videos/J0QqJAAu6FU_1_67to185.mp4,44939,45786,dataset_cc_by_4_0_component_partial,not_downloaded
real::ZJkb3p8cvnU_4_0to1485,AIGVDBench,ZJkb3p8cvnU_4_0to1485,aigvdbench:ZJkb3p8cvnU_4_0to1485,test,test,0,,real_video,ZJkb3p8cvnU_4_0to1485.mp4,5f50da1f19a27cf80bc71c1710a34875d4204253171f9dbb9f2df97e625922e0,039a2d73bf8f768ff101bde22ede2adf1ad15dbf50345f4211ef435e785aa425,AIGVDBench/Real/Real.zip,videos/ZJkb3p8cvnU_4_0to1485.mp4,34369323,34372899,dataset_cc_by_4_0_component_partial,not_downloaded
open_sora::ZJkb3p8cvnU_4_0to1485,AIGVDBench,ZJkb3p8cvnU_4_0to1485,aigvdbench:ZJkb3p8cvnU_4_0to1485,test,test,1,Open-Sora,text_to_video,ZJkb3p8cvnU_4_0to1485.mp4,5f50da1f19a27cf80bc71c1710a34875d4204253171f9dbb9f2df97e625922e0,039a2d73bf8f768ff101bde22ede2adf1ad15dbf50345f4211ef435e785aa425,AIGVDBench/OpenSource/T2V/Open-Sora.zip,videos/ZJkb3p8cvnU_4_0to1485.mp4,47048,47896,dataset_cc_by_4_0_component_partial,not_downloaded
real::AumaWl0TNBo_11_637to862,AIGVDBench,AumaWl0TNBo_11_637to862,aigvdbench:AumaWl0TNBo_11_637to862,test,test,0,,real_video,AumaWl0TNBo_11_637to862.mp4,a0b0e6b9f4288f755053f7eb2176b422ad5c4650d6f4718c0893de1f07bff574,03a32e211b99af3023d1fc48a20cb9e9d49e0ffae1d20fda42fdb0ee39663b7f,AIGVDBench/Real/Real.zip,videos/AumaWl0TNBo_11_637to862.mp4,4452802,4453117,dataset_cc_by_4_0_component_partial,not_downloaded
open_sora::AumaWl0TNBo_11_637to862,AIGVDBench,AumaWl0TNBo_11_637to862,aigvdbench:AumaWl0TNBo_11_637to862,test,test,1,Open-Sora,text_to_video,AumaWl0TNBo_11_637to862.mp4,a0b0e6b9f4288f755053f7eb2176b422ad5c4650d6f4718c0893de1f07bff574,03a32e211b99af3023d1fc48a20cb9e9d49e0ffae1d20fda42fdb0ee39663b7f,AIGVDBench/OpenSource/T2V/Open-Sora.zip,videos/AumaWl0TNBo_11_637to862.mp4,66179,66944,dataset_cc_by_4_0_component_partial,not_downloaded
real::Zj32NiEyI2k_32_0to101,AIGVDBench,Zj32NiEyI2k_32_0to101,aigvdbench:Zj32NiEyI2k_32_0to101,test,test,0,,real_video,Zj32NiEyI2k_32_0to101.mp4,d75ae809dc844f4cef127a60a7b68a922b5a62a30706626526dc089da08886eb,03cf4b372555884844652114a0b84e209f2072e4323cbb0b2e6245e2eb9e4ff6,AIGVDBench/Real/Real.zip,videos/Zj32NiEyI2k_32_0to101.mp4,2998213,2998411,dataset_cc_by_4_0_component_partial,not_downloaded
open_sora::Zj32NiEyI2k_32_0to101,AIGVDBench,Zj32NiEyI2k_32_0to101,aigvdbench:Zj32NiEyI2k_32_0to101,test,test,1,Open-Sora,text_to_video,Zj32NiEyI2k_32_0to101.mp4,d75ae809dc844f4cef127a60a7b68a922b5a62a30706626526dc089da08886eb,03cf4b372555884844652114a0b84e209f2072e4323cbb0b2e6245e2eb9e4ff6,AIGVDBench/OpenSource/T2V/Open-Sora.zip,videos/Zj32NiEyI2k_32_0to101.mp4,39349,40203,dataset_cc_by_4_0_component_partial,not_downloaded
real::QqxFPGpdzY8_88_0to107,AIGVDBench,QqxFPGpdzY8_88_0to107,aigvdbench:QqxFPGpdzY8_88_0to107,test,test,0,,real_video,QqxFPGpdzY8_88_0to107.mp4,534c79808a8cf0288c31e9fd7ad35d181be1b4e422041b401d07711745a2306f,03e7c64ffd0b497a75169891722792309734f949f66596a5d17c8c329ad692cb,AIGVDBench/Real/Real.zip,videos/QqxFPGpdzY8_88_0to107.mp4,1851337,1851759,dataset_cc_by_4_0_component_partial,not_downloaded
open_sora::QqxFPGpdzY8_88_0to107,AIGVDBench,QqxFPGpdzY8_88_0to107,aigvdbench:QqxFPGpdzY8_88_0to107,test,test,1,Open-Sora,text_to_video,QqxFPGpdzY8_88_0to107.mp4,534c79808a8cf0288c31e9fd7ad35d181be1b4e422041b401d07711745a2306f,03e7c64ffd0b497a75169891722792309734f949f66596a5d17c8c329ad692cb,AIGVDBench/OpenSource/T2V/Open-Sora.zip,videos/QqxFPGpdzY8_88_0to107.mp4,44589,45401,dataset_cc_by_4_0_component_partial,not_downloaded
real::9DtKXbiWwtE_81_0to130,AIGVDBench,9DtKXbiWwtE_81_0to130,aigvdbench:9DtKXbiWwtE_81_0to130,test,test,0,,real_video,9DtKXbiWwtE_81_0to130.mp4,846bfdc232480a9b1eb108cb70f93366ae4ea7192307021712e6630540d3e790,03eb9d137a052253b790bdaa43580ed6aaf0b9b9ff31a480a83b795711bf5e45,AIGVDBench/Real/Real.zip,videos/9DtKXbiWwtE_81_0to130.mp4,2789631,2789946,dataset_cc_by_4_0_component_partial,not_downloaded
open_sora::9DtKXbiWwtE_81_0to130,AIGVDBench,9DtKXbiWwtE_81_0to130,aigvdbench:9DtKXbiWwtE_81_0to130,test,test,1,Open-Sora,text_to_video,9DtKXbiWwtE_81_0to130.mp4,846bfdc232480a9b1eb108cb70f93366ae4ea7192307021712e6630540d3e790,03eb9d137a052253b790bdaa43580ed6aaf0b9b9ff31a480a83b795711bf5e45,AIGVDBench/OpenSource/T2V/Open-Sora.zip,videos/9DtKXbiWwtE_81_0to130.mp4,64252,65058,dataset_cc_by_4_0_component_partial,not_downloaded
real::YHMru_6P_3c_0_0to185,AIGVDBench,YHMru_6P_3c_0_0to185,aigvdbench:YHMru_6P_3c_0_0to185,test,test,0,,real_video,YHMru_6P_3c_0_0to185.mp4,1c8313da524bfdf32241adb12501995dc45cd4438410a6853255d67a810d036b,041f1297ae17bdf9cc7b77438dfaf8d76f9edc1ae6222d097cf23707fa892241,AIGVDBench/Real/Real.zip,videos/YHMru_6P_3c_0_0to185.mp4,2295712,2296775,dataset_cc_by_4_0_component_partial,not_downloaded
open_sora::YHMru_6P_3c_0_0to185,AIGVDBench,YHMru_6P_3c_0_0to185,aigvdbench:YHMru_6P_3c_0_0to185,test,test,1,Open-Sora,text_to_video,YHMru_6P_3c_0_0to185.mp4,1c8313da524bfdf32241adb12501995dc45cd4438410a6853255d67a810d036b,041f1297ae17bdf9cc7b77438dfaf8d76f9edc1ae6222d097cf23707fa892241,AIGVDBench/OpenSource/T2V/Open-Sora.zip,videos/YHMru_6P_3c_0_0to185.mp4,41559,42441,dataset_cc_by_4_0_component_partial,not_downloaded
real::HCuvqdW_htc_3_0to918,AIGVDBench,HCuvqdW_htc_3_0to918,aigvdbench:HCuvqdW_htc_3_0to918,test,test,0,,real_video,HCuvqdW_htc_3_0to918.mp4,a22360348cc51b47e4b4d1aa5ae5c1b84ab6297a58740597db5ef8e9358fe5c8,0443d67ccdcd30a65795263fa7888f657ed900a81962592343909997d07fcea6,AIGVDBench/Real/Real.zip,videos/HCuvqdW_htc_3_0to918.mp4,18377556,18377650,dataset_cc_by_4_0_component_partial,not_downloaded
open_sora::HCuvqdW_htc_3_0to918,AIGVDBench,HCuvqdW_htc_3_0to918,aigvdbench:HCuvqdW_htc_3_0to918,test,test,1,Open-Sora,text_to_video,HCuvqdW_htc_3_0to918.mp4,a22360348cc51b47e4b4d1aa5ae5c1b84ab6297a58740597db5ef8e9358fe5c8,0443d67ccdcd30a65795263fa7888f657ed900a81962592343909997d07fcea6,AIGVDBench/OpenSource/T2V/Open-Sora.zip,videos/HCuvqdW_htc_3_0to918.mp4,44721,45537,dataset_cc_by_4_0_component_partial,not_downloaded
real::4Bqxe_6_PaE_42_0to136,AIGVDBench,4Bqxe_6_PaE_42_0to136,aigvdbench:4Bqxe_6_PaE_42_0to136,test,test,0,,real_video,4Bqxe_6_PaE_42_0to136.mp4,9969547eca3a3223fea3a32102585f1bcbc4342b9674671a1a5d136d7f4dae5d,044a211035c728760357b2bb1407227a16e6c4cc883c1feee7ecdeb0a3dae7de,AIGVDBench/Real/Real.zip,videos/4Bqxe_6_PaE_42_0to136.mp4,2044909,2045608,dataset_cc_by_4_0_component_partial,not_downloaded
open_sora::4Bqxe_6_PaE_42_0to136,AIGVDBench,4Bqxe_6_PaE_42_0to136,aigvdbench:4Bqxe_6_PaE_42_0to136,test,test,1,Open-Sora,text_to_video,4Bqxe_6_PaE_42_0to136.mp4,9969547eca3a3223fea3a32102585f1bcbc4342b9674671a1a5d136d7f4dae5d,044a211035c728760357b2bb1407227a16e6c4cc883c1feee7ecdeb0a3dae7de,AIGVDBench/OpenSource/T2V/Open-Sora.zip,videos/4Bqxe_6_PaE_42_0to136.mp4,49216,50059,dataset_cc_by_4_0_component_partial,not_downloaded
real::J7-LvIK_-Jw_5_1130to1250,AIGVDBench,J7-LvIK_-Jw_5_1130to1250,aigvdbench:J7-LvIK_-Jw_5_1130to1250,test,test,0,,real_video,J7-LvIK_-Jw_5_1130to1250.mp4,f5dd15752b239898df1db797c7815762d64cd4032d9d57b67baefa3514de22f5,046d0eabed7bb43eb58efcc562a3987e49d2e85d81642631ec1878d190473554,AIGVDBench/Real/Real.zip,videos/J7-LvIK_-Jw_5_1130to1250.mp4,2090834,2091182,dataset_cc_by_4_0_component_partial,not_downloaded
open_sora::J7-LvIK_-Jw_5_1130to1250,AIGVDBench,J7-LvIK_-Jw_5_1130to1250,aigvdbench:J7-LvIK_-Jw_5_1130to1250,test,test,1,Open-Sora,text_to_video,J7-LvIK_-Jw_5_1130to1250.mp4,f5dd15752b239898df1db797c7815762d64cd4032d9d57b67baefa3514de22f5,046d0eabed7bb43eb58efcc562a3987e49d2e85d81642631ec1878d190473554,AIGVDBench/OpenSource/T2V/Open-Sora.zip,videos/J7-LvIK_-Jw_5_1130to1250.mp4,43691,44536,dataset_cc_by_4_0_component_partial,not_downloaded
real::9YmKAzon0H8_7_0to107,AIGVDBench,9YmKAzon0H8_7_0to107,aigvdbench:9YmKAzon0H8_7_0to107,test,test,0,,real_video,9YmKAzon0H8_7_0to107.mp4,dd4d58de033395e585a4e14ddeda3e71c93cd09bcd6c89aea41d3329e35b1eff,049f44559f40d29e05204048fc80d57df242fbc85902554d0684074e432c0356,AIGVDBench/Real/Real.zip,videos/9YmKAzon0H8_7_0to107.mp4,3815284,3815375,dataset_cc_by_4_0_component_partial,not_downloaded
open_sora::9YmKAzon0H8_7_0to107,AIGVDBench,9YmKAzon0H8_7_0to107,aigvdbench:9YmKAzon0H8_7_0to107,test,test,1,Open-Sora,text_to_video,9YmKAzon0H8_7_0to107.mp4,dd4d58de033395e585a4e14ddeda3e71c93cd09bcd6c89aea41d3329e35b1eff,049f44559f40d29e05204048fc80d57df242fbc85902554d0684074e432c0356,AIGVDBench/OpenSource/T2V/Open-Sora.zip,videos/9YmKAzon0H8_7_0to107.mp4,72696,73489,dataset_cc_by_4_0_component_partial,not_downloaded
real::HpY3BTQcTvM_1_26to227,AIGVDBench,HpY3BTQcTvM_1_26to227,aigvdbench:HpY3BTQcTvM_1_26to227,test,test,0,,real_video,HpY3BTQcTvM_1_26to227.mp4,66be8ec71cc0c21663abc8a3f00e7071fc378db7155f5bed8afa6106de293c9c,04ab153bf0fe9dbfe9f161001712be8dfef8a685bcf3c04f126c7d4615889989,AIGVDBench/Real/Real.zip,videos/HpY3BTQcTvM_1_26to227.mp4,2181283,2181868,dataset_cc_by_4_0_component_partial,not_downloaded
open_sora::HpY3BTQcTvM_1_26to227,AIGVDBench,HpY3BTQcTvM_1_26to227,aigvdbench:HpY3BTQcTvM_1_26to227,test,test,1,Open-Sora,text_to_video,HpY3BTQcTvM_1_26to227.mp4,66be8ec71cc0c21663abc8a3f00e7071fc378db7155f5bed8afa6106de293c9c,04ab153bf0fe9dbfe9f161001712be8dfef8a685bcf3c04f126c7d4615889989,AIGVDBench/OpenSource/T2V/Open-Sora.zip,videos/HpY3BTQcTvM_1_26to227.mp4,49524,50358,dataset_cc_by_4_0_component_partial,not_downloaded
real::B6_Y9-zQWAg_15_66to303,AIGVDBench,B6_Y9-zQWAg_15_66to303,aigvdbench:B6_Y9-zQWAg_15_66to303,test,test,0,,real_video,B6_Y9-zQWAg_15_66to303.mp4,76ecd14805ae8056b3ba4d3a884920e5df00df926b50425a0443f8c44eede058,04bd7bc30cf5c92cad7fe113593d19109c2089fe5fdebfa6bc2d855e9ec0711d,AIGVDBench/Real/Real.zip,videos/B6_Y9-zQWAg_15_66to303.mp4,4188596,4189318,dataset_cc_by_4_0_component_partial,not_downloaded
open_sora::B6_Y9-zQWAg_15_66to303,AIGVDBench,B6_Y9-zQWAg_15_66to303,aigvdbench:B6_Y9-zQWAg_15_66to303,test,test,1,Open-Sora,text_to_video,B6_Y9-zQWAg_15_66to303.mp4,76ecd14805ae8056b3ba4d3a884920e5df00df926b50425a0443f8c44eede058,04bd7bc30cf5c92cad7fe113593d19109c2089fe5fdebfa6bc2d855e9ec0711d,AIGVDBench/OpenSource/T2V/Open-Sora.zip,videos/B6_Y9-zQWAg_15_66to303.mp4,63994,64785,dataset_cc_by_4_0_component_partial,not_downloaded
real::5Z5BRmlwpAc_88_0to121,AIGVDBench,5Z5BRmlwpAc_88_0to121,aigvdbench:5Z5BRmlwpAc_88_0to121,test,test,0,,real_video,5Z5BRmlwpAc_88_0to121.mp4,3d6b687b202af06dcb58c8621a5b939576c1be552a1e3233637a363c78be8e65,04cb8bf800bec3c5a71c4a61b84e828acabe3cbb4a207f69add7800f459c5259,AIGVDBench/Real/Real.zip,videos/5Z5BRmlwpAc_88_0to121.mp4,1817913,1818758,dataset_cc_by_4_0_component_partial,not_downloaded
open_sora::5Z5BRmlwpAc_88_0to121,AIGVDBench,5Z5BRmlwpAc_88_0to121,aigvdbench:5Z5BRmlwpAc_88_0to121,test,test,1,Open-Sora,text_to_video,5Z5BRmlwpAc_88_0to121.mp4,3d6b687b202af06dcb58c8621a5b939576c1be552a1e3233637a363c78be8e65,04cb8bf800bec3c5a71c4a61b84e828acabe3cbb4a207f69add7800f459c5259,AIGVDBench/OpenSource/T2V/Open-Sora.zip,videos/5Z5BRmlwpAc_88_0to121.mp4,52619,53431,dataset_cc_by_4_0_component_partial,not_downloaded
real::wylDl_NBMMk_3_0to262,AIGVDBench,wylDl_NBMMk_3_0to262,aigvdbench:wylDl_NBMMk_3_0to262,test,test,0,,real_video,wylDl_NBMMk_3_0to262.mp4,27eaa51465d1f6bc6b56f2e87922f5a8ce7dfbf5e7cc71ab77973133536c226f,04d3f42dbabf5d6c151d637c19f28b84bc08c253a96f3fa9758e35a1ca606375,AIGVDBench/Real/Real.zip,videos/wylDl_NBMMk_3_0to262.mp4,8100767,8101285,dataset_cc_by_4_0_component_partial,not_downloaded
open_sora::wylDl_NBMMk_3_0to262,AIGVDBench,wylDl_NBMMk_3_0to262,aigvdbench:wylDl_NBMMk_3_0to262,test,test,1,Open-Sora,text_to_video,wylDl_NBMMk_3_0to262.mp4,27eaa51465d1f6bc6b56f2e87922f5a8ce7dfbf5e7cc71ab77973133536c226f,04d3f42dbabf5d6c151d637c19f28b84bc08c253a96f3fa9758e35a1ca606375,AIGVDBench/OpenSource/T2V/Open-Sora.zip,videos/wylDl_NBMMk_3_0to262.mp4,53399,54155,dataset_cc_by_4_0_component_partial,not_downloaded
real::b4k_9PlD2Ds_17_0to114,AIGVDBench,b4k_9PlD2Ds_17_0to114,aigvdbench:b4k_9PlD2Ds_17_0to114,test,test,0,,real_video,b4k_9PlD2Ds_17_0to114.mp4,28b820b20c991e1b50111ea42b2969e0586e7c8e292bf31790893ac4231243dc,04e031bf5b50599d9fc461d8006b8bc1fc2e0d057f85989d9ec14f399fafe829,AIGVDBench/Real/Real.zip,videos/b4k_9PlD2Ds_17_0to114.mp4,2777861,2778229,dataset_cc_by_4_0_component_partial,not_downloaded
open_sora::b4k_9PlD2Ds_17_0to114,AIGVDBench,b4k_9PlD2Ds_17_0to114,aigvdbench:b4k_9PlD2Ds_17_0to114,test,test,1,Open-Sora,text_to_video,b4k_9PlD2Ds_17_0to114.mp4,28b820b20c991e1b50111ea42b2969e0586e7c8e292bf31790893ac4231243dc,04e031bf5b50599d9fc461d8006b8bc1fc2e0d057f85989d9ec14f399fafe829,AIGVDBench/OpenSource/T2V/Open-Sora.zip,videos/b4k_9PlD2Ds_17_0to114.mp4,43444,44329,dataset_cc_by_4_0_component_partial,not_downloaded
real::k54O2ZoXi3Q_2_0to211,AIGVDBench,k54O2ZoXi3Q_2_0to211,aigvdbench:k54O2ZoXi3Q_2_0to211,test,test,0,,real_video,k54O2ZoXi3Q_2_0to211.mp4,1ad84cd9653ecf36d843f5ff79eb016be2e72a4f297f601fda3496d440534332,04e090a12519b1d841a07c3b97e28476a456f753e31d4626515e54ad1889ea7d,AIGVDBench/Real/Real.zip,videos/k54O2ZoXi3Q_2_0to211.mp4,5312752,5313122,dataset_cc_by_4_0_component_partial,not_downloaded
open_sora::k54O2ZoXi3Q_2_0to211,AIGVDBench,k54O2ZoXi3Q_2_0to211,aigvdbench:k54O2ZoXi3Q_2_0to211,test,test,1,Open-Sora,text_to_video,k54O2ZoXi3Q_2_0to211.mp4,1ad84cd9653ecf36d843f5ff79eb016be2e72a4f297f601fda3496d440534332,04e090a12519b1d841a07c3b97e28476a456f753e31d4626515e54ad1889ea7d,AIGVDBench/OpenSource/T2V/Open-Sora.zip,videos/k54O2ZoXi3Q_2_0to211.mp4,49815,50655,dataset_cc_by_4_0_component_partial,not_downloaded
real::M3sjD1C4XGY_114_0to111,AIGVDBench,M3sjD1C4XGY_114_0to111,aigvdbench:M3sjD1C4XGY_114_0to111,test,test,0,,real_video,M3sjD1C4XGY_114_0to111.mp4,bae46acd054aca54578fe34d9a99b2e21fffb498d6852669b0852e40bfab562a,04e2f8445070ce8bad4475c5e9f946d5ce4e71cba65cb996aae8dbd83f38f0e5,AIGVDBench/Real/Real.zip,videos/M3sjD1C4XGY_114_0to111.mp4,2738220,2738490,dataset_cc_by_4_0_component_partial,not_downloaded
open_sora::M3sjD1C4XGY_114_0to111,AIGVDBench,M3sjD1C4XGY_114_0to111,aigvdbench:M3sjD1C4XGY_114_0to111,test,test,1,Open-Sora,text_to_video,M3sjD1C4XGY_114_0to111.mp4,bae46acd054aca54578fe34d9a99b2e21fffb498d6852669b0852e40bfab562a,04e2f8445070ce8bad4475c5e9f946d5ce4e71cba65cb996aae8dbd83f38f0e5,AIGVDBench/OpenSource/T2V/Open-Sora.zip,videos/M3sjD1C4XGY_114_0to111.mp4,57378,58149,dataset_cc_by_4_0_component_partial,not_downloaded
real::J0htRZc7Vew_4_24to147,AIGVDBench,J0htRZc7Vew_4_24to147,aigvdbench:J0htRZc7Vew_4_24to147,test,test,0,,real_video,J0htRZc7Vew_4_24to147.mp4,2a82883cfbd42501f57fa80207514f56d2e4435bc528f824d54da6d2c1b4380b,04e7b9462f60e8996dda558e94192a1270981ac293354415d20aca53269c9549,AIGVDBench/Real/Real.zip,videos/J0htRZc7Vew_4_24to147.mp4,1711452,1712155,dataset_cc_by_4_0_component_partial,not_downloaded
open_sora::J0htRZc7Vew_4_24to147,AIGVDBench,J0htRZc7Vew_4_24to147,aigvdbench:J0htRZc7Vew_4_24to147,test,test,1,Open-Sora,text_to_video,J0htRZc7Vew_4_24to147.mp4,2a82883cfbd42501f57fa80207514f56d2e4435bc528f824d54da6d2c1b4380b,04e7b9462f60e8996dda558e94192a1270981ac293354415d20aca53269c9549,AIGVDBench/OpenSource/T2V/Open-Sora.zip,videos/J0htRZc7Vew_4_24to147.mp4,46499,47301,dataset_cc_by_4_0_component_partial,not_downloaded
real::Os6eCSgUNto_16_0to122,AIGVDBench,Os6eCSgUNto_16_0to122,aigvdbench:Os6eCSgUNto_16_0to122,test,test,0,,real_video,Os6eCSgUNto_16_0to122.mp4,a00cc5883cab4e4b97e44914cecd0936279e8298a5f7c97c6c81e403219d8f70,050f5f7f658f47f8f36bcc88950a4a84110897cb1a3d6c8dcb0bac2bd28da35d,AIGVDBench/Real/Real.zip,videos/Os6eCSgUNto_16_0to122.mp4,1198472,1199432,dataset_cc_by_4_0_component_partial,not_downloaded
open_sora::Os6eCSgUNto_16_0to122,AIGVDBench,Os6eCSgUNto_16_0to122,aigvdbench:Os6eCSgUNto_16_0to122,test,test,1,Open-Sora,text_to_video,Os6eCSgUNto_16_0to122.mp4,a00cc5883cab4e4b97e44914cecd0936279e8298a5f7c97c6c81e403219d8f70,050f5f7f658f47f8f36bcc88950a4a84110897cb1a3d6c8dcb0bac2bd28da35d,AIGVDBench/OpenSource/T2V/Open-Sora.zip,videos/Os6eCSgUNto_16_0to122.mp4,55987,56778,dataset_cc_by_4_0_component_partial,not_downloaded
real::HQcN-SPchhI_7_31to133,AIGVDBench,HQcN-SPchhI_7_31to133,aigvdbench:HQcN-SPchhI_7_31to133,test,test,0,,real_video,HQcN-SPchhI_7_31to133.mp4,f69659a1771ffc17aa54d0d360503c70211a651c422b9fef215d3493fe71438f,052c38591d985c8ad2149504cdae0bdccfcfc19c99230fe9ea9277dd520db009,AIGVDBench/Real/Real.zip,videos/HQcN-SPchhI_7_31to133.mp4,1078873,1079601,dataset_cc_by_4_0_component_partial,not_downloaded
open_sora::HQcN-SPchhI_7_31to133,AIGVDBench,HQcN-SPchhI_7_31to133,aigvdbench:HQcN-SPchhI_7_31to133,test,test,1,Open-Sora,text_to_video,HQcN-SPchhI_7_31to133.mp4,f69659a1771ffc17aa54d0d360503c70211a651c422b9fef215d3493fe71438f,052c38591d985c8ad2149504cdae0bdccfcfc19c99230fe9ea9277dd520db009,AIGVDBench/OpenSource/T2V/Open-Sora.zip,videos/HQcN-SPchhI_7_31to133.mp4,61827,62632,dataset_cc_by_4_0_component_partial,not_downloaded
real::Tq5e0Lh117c_22_0to117,AIGVDBench,Tq5e0Lh117c_22_0to117,aigvdbench:Tq5e0Lh117c_22_0to117,test,test,0,,real_video,Tq5e0Lh117c_22_0to117.mp4,85efc982bb27e45f1dafdf7cb9e4140b707be2ada54ac2f2506f45e94cc870eb,05327aaedc3bd5e5604590d211b4724fd20bbddd7135a250fc5b0989a9e65aaf,AIGVDBench/Real/Real.zip,videos/Tq5e0Lh117c_22_0to117.mp4,2868011,2868256,dataset_cc_by_4_0_component_partial,not_downloaded
open_sora::Tq5e0Lh117c_22_0to117,AIGVDBench,Tq5e0Lh117c_22_0to117,aigvdbench:Tq5e0Lh117c_22_0to117,test,test,1,Open-Sora,text_to_video,Tq5e0Lh117c_22_0to117.mp4,85efc982bb27e45f1dafdf7cb9e4140b707be2ada54ac2f2506f45e94cc870eb,05327aaedc3bd5e5604590d211b4724fd20bbddd7135a250fc5b0989a9e65aaf,AIGVDBench/OpenSource/T2V/Open-Sora.zip,videos/Tq5e0Lh117c_22_0to117.mp4,44997,45855,dataset_cc_by_4_0_component_partial,not_downloaded
real::z4FHgwCfbNs_5_31to256,AIGVDBench,z4FHgwCfbNs_5_31to256,aigvdbench:z4FHgwCfbNs_5_31to256,test,test,0,,real_video,z4FHgwCfbNs_5_31to256.mp4,a410dccea61840f0d5ae4f4e022e399ac0b7a18db717c64477ad2508049bb086,0550f70006e3f2bdbc90b132736cbdff5a2952fb9e9fa3cb301b157b1f7d11ef,AIGVDBench/Real/Real.zip,videos/z4FHgwCfbNs_5_31to256.mp4,2603022,2603917,dataset_cc_by_4_0_component_partial,not_downloaded
open_sora::z4FHgwCfbNs_5_31to256,AIGVDBench,z4FHgwCfbNs_5_31to256,aigvdbench:z4FHgwCfbNs_5_31to256,test,test,1,Open-Sora,text_to_video,z4FHgwCfbNs_5_31to256.mp4,a410dccea61840f0d5ae4f4e022e399ac0b7a18db717c64477ad2508049bb086,0550f70006e3f2bdbc90b132736cbdff5a2952fb9e9fa3cb301b157b1f7d11ef,AIGVDBench/OpenSource/T2V/Open-Sora.zip,videos/z4FHgwCfbNs_5_31to256.mp4,69058,69795,dataset_cc_by_4_0_component_partial,not_downloaded
real::6p2KYW76Aeo_33_0to134,AIGVDBench,6p2KYW76Aeo_33_0to134,aigvdbench:6p2KYW76Aeo_33_0to134,test,test,0,,real_video,6p2KYW76Aeo_33_0to134.mp4,01d80fdf79e606399589e4ff0b4e028544345cd1fdb0d03f21ed318a42173dcb,057c8e9c770358a75c6c473aec50da85b174a4bd3aafe72a8ec0d2cbde3b6017,AIGVDBench/Real/Real.zip,videos/6p2KYW76Aeo_33_0to134.mp4,3063755,3064038,dataset_cc_by_4_0_component_partial,not_downloaded
open_sora::6p2KYW76Aeo_33_0to134,AIGVDBench,6p2KYW76Aeo_33_0to134,aigvdbench:6p2KYW76Aeo_33_0to134,test,test,1,Open-Sora,text_to_video,6p2KYW76Aeo_33_0to134.mp4,01d80fdf79e606399589e4ff0b4e028544345cd1fdb0d03f21ed318a42173dcb,057c8e9c770358a75c6c473aec50da85b174a4bd3aafe72a8ec0d2cbde3b6017,AIGVDBench/OpenSource/T2V/Open-Sora.zip,videos/6p2KYW76Aeo_33_0to134.mp4,43774,44650,dataset_cc_by_4_0_component_partial,not_downloaded
real::ofurWzQTGeI_94_342to615,AIGVDBench,ofurWzQTGeI_94_342to615,aigvdbench:ofurWzQTGeI_94_342to615,test,test,0,,real_video,ofurWzQTGeI_94_342to615.mp4,6165893d4919fb2292a2aef73876295080c049fa0089fb85f0d9f5de6a6ab55a,059130e59cce97eb61bc8218c71c4ae5c5209a2068e55ca0dbda4aa19b2259ba,AIGVDBench/Real/Real.zip,videos/ofurWzQTGeI_94_342to615.mp4,5068509,5068799,dataset_cc_by_4_0_component_partial,not_downloaded
open_sora::ofurWzQTGeI_94_342to615,AIGVDBench,ofurWzQTGeI_94_342to615,aigvdbench:ofurWzQTGeI_94_342to615,test,test,1,Open-Sora,text_to_video,ofurWzQTGeI_94_342to615.mp4,6165893d4919fb2292a2aef73876295080c049fa0089fb85f0d9f5de6a6ab55a,059130e59cce97eb61bc8218c71c4ae5c5209a2068e55ca0dbda4aa19b2259ba,AIGVDBench/OpenSource/T2V/Open-Sora.zip,videos/ofurWzQTGeI_94_342to615.mp4,54828,55512,dataset_cc_by_4_0_component_partial,not_downloaded
real::JZE2If6eT_4_27_0to807,AIGVDBench,JZE2If6eT_4_27_0to807,aigvdbench:JZE2If6eT_4_27_0to807,test,test,0,,real_video,JZE2If6eT_4_27_0to807.mp4,1b8f9be89f73011d57e8b55a6a0d48ddf6fd50ed3914bd7ac046866ffa0675dd,05a7ab1d144a5399da98d676994b6d8de1273c74820002973637e74676634f62,AIGVDBench/Real/Real.zip,videos/JZE2If6eT_4_27_0to807.mp4,13710327,13712880,dataset_cc_by_4_0_component_partial,not_downloaded
open_sora::JZE2If6eT_4_27_0to807,AIGVDBench,JZE2If6eT_4_27_0to807,aigvdbench:JZE2If6eT_4_27_0to807,test,test,1,Open-Sora,text_to_video,JZE2If6eT_4_27_0to807.mp4,1b8f9be89f73011d57e8b55a6a0d48ddf6fd50ed3914bd7ac046866ffa0675dd,05a7ab1d144a5399da98d676994b6d8de1273c74820002973637e74676634f62,AIGVDBench/OpenSource/T2V/Open-Sora.zip,videos/JZE2If6eT_4_27_0to807.mp4,42804,43694,dataset_cc_by_4_0_component_partial,not_downloaded
real::aIGHTfekBqE_169_0to103,AIGVDBench,aIGHTfekBqE_169_0to103,aigvdbench:aIGHTfekBqE_169_0to103,test,test,0,,real_video,aIGHTfekBqE_169_0to103.mp4,64bc3d1b4dfcaa655b6690e87dd796a5620a14876b585c0517b60fda9bc96bb0,05cdfa553a893c635abed89cbd5df8b538a19393d9a2c16ad61faedd81affc06,AIGVDBench/Real/Real.zip,videos/aIGHTfekBqE_169_0to103.mp4,2154888,2155381,dataset_cc_by_4_0_component_partial,not_downloaded
open_sora::aIGHTfekBqE_169_0to103,AIGVDBench,aIGHTfekBqE_169_0to103,aigvdbench:aIGHTfekBqE_169_0to103,test,test,1,Open-Sora,text_to_video,aIGHTfekBqE_169_0to103.mp4,64bc3d1b4dfcaa655b6690e87dd796a5620a14876b585c0517b60fda9bc96bb0,05cdfa553a893c635abed89cbd5df8b538a19393d9a2c16ad61faedd81affc06,AIGVDBench/OpenSource/T2V/Open-Sora.zip,videos/aIGHTfekBqE_169_0to103.mp4,43790,44598,dataset_cc_by_4_0_component_partial,not_downloaded
real::lwblHh_qHRc_8_49to161,AIGVDBench,lwblHh_qHRc_8_49to161,aigvdbench:lwblHh_qHRc_8_49to161,test,test,0,,real_video,lwblHh_qHRc_8_49to161.mp4,a570c18efc2125c8f605acf7f71c5b872ff46195b5a4199384bdf5f7af0a1d5b,05dfb28e1f08fe9b009d77bfac0cd3a9ee34a1f3b66e304ac15b28bad81c553a,AIGVDBench/Real/Real.zip,videos/lwblHh_qHRc_8_49to161.mp4,2823533,2823743,dataset_cc_by_4_0_component_partial,not_downloaded
open_sora::lwblHh_qHRc_8_49to161,AIGVDBench,lwblHh_qHRc_8_49to161,aigvdbench:lwblHh_qHRc_8_49to161,test,test,1,Open-Sora,text_to_video,lwblHh_qHRc_8_49to161.mp4,a570c18efc2125c8f605acf7f71c5b872ff46195b5a4199384bdf5f7af0a1d5b,05dfb28e1f08fe9b009d77bfac0cd3a9ee34a1f3b66e304ac15b28bad81c553a,AIGVDBench/OpenSource/T2V/Open-Sora.zip,videos/lwblHh_qHRc_8_49to161.mp4,86138,86862,dataset_cc_by_4_0_component_partial,not_downloaded
real::H4m2NadSdFY_35_0to131,AIGVDBench,H4m2NadSdFY_35_0to131,aigvdbench:H4m2NadSdFY_35_0to131,test,test,0,,real_video,H4m2NadSdFY_35_0to131.mp4,19ee2d442233e40a6684eba0b6e92fdfeb1ab30be37de06887af980c2560403a,05fb4070eed8e009422723d7fe2310c41eb0c134d1592f0d59fdd1c4c5c60534,AIGVDBench/Real/Real.zip,videos/H4m2NadSdFY_35_0to131.mp4,2024025,2024594,dataset_cc_by_4_0_component_partial,not_downloaded
open_sora::H4m2NadSdFY_35_0to131,AIGVDBench,H4m2NadSdFY_35_0to131,aigvdbench:H4m2NadSdFY_35_0to131,test,test,1,Open-Sora,text_to_video,H4m2NadSdFY_35_0to131.mp4,19ee2d442233e40a6684eba0b6e92fdfeb1ab30be37de06887af980c2560403a,05fb4070eed8e009422723d7fe2310c41eb0c134d1592f0d59fdd1c4c5c60534,AIGVDBench/OpenSource/T2V/Open-Sora.zip,videos/H4m2NadSdFY_35_0to131.mp4,49195,49983,dataset_cc_by_4_0_component_partial,not_downloaded
real::-RTWiKiqlDg_33_0to349,AIGVDBench,-RTWiKiqlDg_33_0to349,aigvdbench:-RTWiKiqlDg_33_0to349,test,test,0,,real_video,-RTWiKiqlDg_33_0to349.mp4,bc09a829d5a1c94886a1db1eb18b506974f6fb4b61b2b2405d82b16b2423a784,05ff10e00e25c53c3be53e689b1dec7dcd3ac30735a3dbb0d611056007c7c4c6,AIGVDBench/Real/Real.zip,videos/-RTWiKiqlDg_33_0to349.mp4,10539169,10538956,dataset_cc_by_4_0_component_partial,not_downloaded
open_sora::-RTWiKiqlDg_33_0to349,AIGVDBench,-RTWiKiqlDg_33_0to349,aigvdbench:-RTWiKiqlDg_33_0to349,test,test,1,Open-Sora,text_to_video,-RTWiKiqlDg_33_0to349.mp4,bc09a829d5a1c94886a1db1eb18b506974f6fb4b61b2b2405d82b16b2423a784,05ff10e00e25c53c3be53e689b1dec7dcd3ac30735a3dbb0d611056007c7c4c6,AIGVDBench/OpenSource/T2V/Open-Sora.zip,videos/-RTWiKiqlDg_33_0to349.mp4,48541,49400,dataset_cc_by_4_0_component_partial,not_downloaded
real::4elIMVO4ytk_4_0to901,AIGVDBench,4elIMVO4ytk_4_0to901,aigvdbench:4elIMVO4ytk_4_0to901,test,test,0,,real_video,4elIMVO4ytk_4_0to901.mp4,afbe59c980145b2eff0770fdfadb11689f75329e6966faea9ea6ab3866b2d135,0638efcc1ce8a7e44c0c5296ca3c92d7b381591531ed80d6d2e32e7c1443a15d,AIGVDBench/Real/Real.zip,videos/4elIMVO4ytk_4_0to901.mp4,10378108,10380963,dataset_cc_by_4_0_component_partial,not_downloaded
open_sora::4elIMVO4ytk_4_0to901,AIGVDBench,4elIMVO4ytk_4_0to901,aigvdbench:4elIMVO4ytk_4_0to901,test,test,1,Open-Sora,text_to_video,4elIMVO4ytk_4_0to901.mp4,afbe59c980145b2eff0770fdfadb11689f75329e6966faea9ea6ab3866b2d135,0638efcc1ce8a7e44c0c5296ca3c92d7b381591531ed80d6d2e32e7c1443a15d,AIGVDBench/OpenSource/T2V/Open-Sora.zip,videos/4elIMVO4ytk_4_0to901.mp4,46468,47348,dataset_cc_by_4_0_component_partial,not_downloaded
real::MdUQIfafCiQ_4_0to195,AIGVDBench,MdUQIfafCiQ_4_0to195,aigvdbench:MdUQIfafCiQ_4_0to195,test,test,0,,real_video,MdUQIfafCiQ_4_0to195.mp4,478589e6d8b72d947e78f8a701523d330121c0de4fe0c84dd02d3abc824d235c,063ebdda8423a178e358e6581f67b2df1690488258686fbcbf39a5801f227d9e,AIGVDBench/Real/Real.zip,videos/MdUQIfafCiQ_4_0to195.mp4,2790697,2791286,dataset_cc_by_4_0_component_partial,not_downloaded
open_sora::MdUQIfafCiQ_4_0to195,AIGVDBench,MdUQIfafCiQ_4_0to195,aigvdbench:MdUQIfafCiQ_4_0to195,test,test,1,Open-Sora,text_to_video,MdUQIfafCiQ_4_0to195.mp4,478589e6d8b72d947e78f8a701523d330121c0de4fe0c84dd02d3abc824d235c,063ebdda8423a178e358e6581f67b2df1690488258686fbcbf39a5801f227d9e,AIGVDBench/OpenSource/T2V/Open-Sora.zip,videos/MdUQIfafCiQ_4_0to195.mp4,29318,30296,dataset_cc_by_4_0_component_partial,not_downloaded
real::-dbdyfmrQ60_19_139to248,AIGVDBench,-dbdyfmrQ60_19_139to248,aigvdbench:-dbdyfmrQ60_19_139to248,test,test,0,,real_video,-dbdyfmrQ60_19_139to248.mp4,60f662c01facd67f7dba2d71d36f509bcb1826d438f879652fd8b3af8d6ea399,0649a6d71c31d49df14f116330b9a16f117c7359dd68c8b6ff3b23005374dbbd,AIGVDBench/Real/Real.zip,videos/-dbdyfmrQ60_19_139to248.mp4,2092775,2093068,dataset_cc_by_4_0_component_partial,not_downloaded
open_sora::-dbdyfmrQ60_19_139to248,AIGVDBench,-dbdyfmrQ60_19_139to248,aigvdbench:-dbdyfmrQ60_19_139to248,test,test,1,Open-Sora,text_to_video,-dbdyfmrQ60_19_139to248.mp4,60f662c01facd67f7dba2d71d36f509bcb1826d438f879652fd8b3af8d6ea399,0649a6d71c31d49df14f116330b9a16f117c7359dd68c8b6ff3b23005374dbbd,AIGVDBench/OpenSource/T2V/Open-Sora.zip,videos/-dbdyfmrQ60_19_139to248.mp4,44533,45413,dataset_cc_by_4_0_component_partial,not_downloaded
real::J3YiaYC7s4k_6_92to260,AIGVDBench,J3YiaYC7s4k_6_92to260,aigvdbench:J3YiaYC7s4k_6_92to260,test,test,0,,real_video,J3YiaYC7s4k_6_92to260.mp4,6592534a5568c9a73f7731cfc71bde7efaaca2dd71a099da002f6e02dadf8499,064a3457c868ddb4341d51f3d6bb3f057a48e64fa8e7171f31a8908b97022de0,AIGVDBench/Real/Real.zip,videos/J3YiaYC7s4k_6_92to260.mp4,1283191,1284401,dataset_cc_by_4_0_component_partial,not_downloaded
open_sora::J3YiaYC7s4k_6_92to260,AIGVDBench,J3YiaYC7s4k_6_92to260,aigvdbench:J3YiaYC7s4k_6_92to260,test,test,1,Open-Sora,text_to_video,J3YiaYC7s4k_6_92to260.mp4,6592534a5568c9a73f7731cfc71bde7efaaca2dd71a099da002f6e02dadf8499,064a3457c868ddb4341d51f3d6bb3f057a48e64fa8e7171f31a8908b97022de0,AIGVDBench/OpenSource/T2V/Open-Sora.zip,videos/J3YiaYC7s4k_6_92to260.mp4,38831,39723,dataset_cc_by_4_0_component_partial,not_downloaded
real::_Q9iqWQkyu0_35_30to162,AIGVDBench,_Q9iqWQkyu0_35_30to162,aigvdbench:_Q9iqWQkyu0_35_30to162,test,test,0,,real_video,_Q9iqWQkyu0_35_30to162.mp4,955fc1bad59dad27fc889f1159bd4fb9121309ba191e7cbd0b79ac002e9b4a4f,064c9250757dc86f5771ad2eb1227af7316c90b903ad57db305fd22456844dac,AIGVDBench/Real/Real.zip,videos/_Q9iqWQkyu0_35_30to162.mp4,1909276,1909762,dataset_cc_by_4_0_component_partial,not_downloaded
open_sora::_Q9iqWQkyu0_35_30to162,AIGVDBench,_Q9iqWQkyu0_35_30to162,aigvdbench:_Q9iqWQkyu0_35_30to162,test,test,1,Open-Sora,text_to_video,_Q9iqWQkyu0_35_30to162.mp4,955fc1bad59dad27fc889f1159bd4fb9121309ba191e7cbd0b79ac002e9b4a4f,064c9250757dc86f5771ad2eb1227af7316c90b903ad57db305fd22456844dac,AIGVDBench/OpenSource/T2V/Open-Sora.zip,videos/_Q9iqWQkyu0_35_30to162.mp4,71626,72418,dataset_cc_by_4_0_component_partial,not_downloaded
real::2N4Px6wS_KI_61_0to101,AIGVDBench,2N4Px6wS_KI_61_0to101,aigvdbench:2N4Px6wS_KI_61_0to101,test,test,0,,real_video,2N4Px6wS_KI_61_0to101.mp4,e617ea7ad831748134a223d009188ed5360e3ab07cea894003e280589eae15eb,064f4f1e54329f7cb1d00d4215d66a74d8bf2586b3e5d2656685d9e63beca529,AIGVDBench/Real/Real.zip,videos/2N4Px6wS_KI_61_0to101.mp4,1961385,1961736,dataset_cc_by_4_0_component_partial,not_downloaded
open_sora::2N4Px6wS_KI_61_0to101,AIGVDBench,2N4Px6wS_KI_61_0to101,aigvdbench:2N4Px6wS_KI_61_0to101,test,test,1,Open-Sora,text_to_video,2N4Px6wS_KI_61_0to101.mp4,e617ea7ad831748134a223d009188ed5360e3ab07cea894003e280589eae15eb,064f4f1e54329f7cb1d00d4215d66a74d8bf2586b3e5d2656685d9e63beca529,AIGVDBench/OpenSource/T2V/Open-Sora.zip,videos/2N4Px6wS_KI_61_0to101.mp4,53224,53987,dataset_cc_by_4_0_component_partial,not_downloaded
real::vQaInXtr6m8_31_0to492,AIGVDBench,vQaInXtr6m8_31_0to492,aigvdbench:vQaInXtr6m8_31_0to492,test,test,0,,real_video,vQaInXtr6m8_31_0to492.mp4,a1c92b63a367be3f2a8e5159d47cf7d17cd3e3ef8fee79507060877bcce907bf,065e4ff808a6aaf1e79551a6de761dd5f818a10c5deab87c708aac781ab02048,AIGVDBench/Real/Real.zip,videos/vQaInXtr6m8_31_0to492.mp4,8375573,8377424,dataset_cc_by_4_0_component_partial,not_downloaded
open_sora::vQaInXtr6m8_31_0to492,AIGVDBench,vQaInXtr6m8_31_0to492,aigvdbench:vQaInXtr6m8_31_0to492,test,test,1,Open-Sora,text_to_video,vQaInXtr6m8_31_0to492.mp4,a1c92b63a367be3f2a8e5159d47cf7d17cd3e3ef8fee79507060877bcce907bf,065e4ff808a6aaf1e79551a6de761dd5f818a10c5deab87c708aac781ab02048,AIGVDBench/OpenSource/T2V/Open-Sora.zip,videos/vQaInXtr6m8_31_0to492.mp4,48839,49673,dataset_cc_by_4_0_component_partial,not_downloaded
real::ygt6W64gatE_24_0to1187,AIGVDBench,ygt6W64gatE_24_0to1187,aigvdbench:ygt6W64gatE_24_0to1187,test,test,0,,real_video,ygt6W64gatE_24_0to1187.mp4,a22111b130db655fe1e5959cb12e8cecea580d82ef60897a2cca760269dbaff8,06716dfb13fa9a2a5bffc105d57d9b8461f0ffcfbb3103d1bcfb0b1f762f8ad8,AIGVDBench/Real/Real.zip,videos/ygt6W64gatE_24_0to1187.mp4,11104708,11108394,dataset_cc_by_4_0_component_partial,not_downloaded
open_sora::ygt6W64gatE_24_0to1187,AIGVDBench,ygt6W64gatE_24_0to1187,aigvdbench:ygt6W64gatE_24_0to1187,test,test,1,Open-Sora,text_to_video,ygt6W64gatE_24_0to1187.mp4,a22111b130db655fe1e5959cb12e8cecea580d82ef60897a2cca760269dbaff8,06716dfb13fa9a2a5bffc105d57d9b8461f0ffcfbb3103d1bcfb0b1f762f8ad8,AIGVDBench/OpenSource/T2V/Open-Sora.zip,videos/ygt6W64gatE_24_0to1187.mp4,57402,58197,dataset_cc_by_4_0_component_partial,not_downloaded
real::peZbzdef1Hs_8_0to315,AIGVDBench,peZbzdef1Hs_8_0to315,aigvdbench:peZbzdef1Hs_8_0to315,test,test,0,,real_video,peZbzdef1Hs_8_0to315.mp4,e2f3b1c631ab8e7b2aeb2c5259d837ad269efa8978e7cb97c635818bf387a4c2,067b7b980d89275b33b496d7ffc5582db14860c8c8544219d41e91a5d403f4f6,AIGVDBench/Real/Real.zip,videos/peZbzdef1Hs_8_0to315.mp4,5638525,5639430,dataset_cc_by_4_0_component_partial,not_downloaded
open_sora::peZbzdef1Hs_8_0to315,AIGVDBench,peZbzdef1Hs_8_0to315,aigvdbench:peZbzdef1Hs_8_0to315,test,test,1,Open-Sora,text_to_video,peZbzdef1Hs_8_0to315.mp4,e2f3b1c631ab8e7b2aeb2c5259d837ad269efa8978e7cb97c635818bf387a4c2,067b7b980d89275b33b496d7ffc5582db14860c8c8544219d41e91a5d403f4f6,AIGVDBench/OpenSource/T2V/Open-Sora.zip,videos/peZbzdef1Hs_8_0to315.mp4,44447,45234,dataset_cc_by_4_0_component_partial,not_downloaded
real::mLc0QQiQyTE_4_18to400,AIGVDBench,mLc0QQiQyTE_4_18to400,aigvdbench:mLc0QQiQyTE_4_18to400,test,test,0,,real_video,mLc0QQiQyTE_4_18to400.mp4,079675617cc37abef6488baf4b611679381ee5db702717e3224483661e1eecda,069640a68d5186811beb4272914c2787a54193558a442f381a740b7435309ea5,AIGVDBench/Real/Real.zip,videos/mLc0QQiQyTE_4_18to400.mp4,10421179,10420965,dataset_cc_by_4_0_component_partial,not_downloaded
open_sora::mLc0QQiQyTE_4_18to400,AIGVDBench,mLc0QQiQyTE_4_18to400,aigvdbench:mLc0QQiQyTE_4_18to400,test,test,1,Open-Sora,text_to_video,mLc0QQiQyTE_4_18to400.mp4,079675617cc37abef6488baf4b611679381ee5db702717e3224483661e1eecda,069640a68d5186811beb4272914c2787a54193558a442f381a740b7435309ea5,AIGVDBench/OpenSource/T2V/Open-Sora.zip,videos/mLc0QQiQyTE_4_18to400.mp4,57598,58365,dataset_cc_by_4_0_component_partial,not_downloaded
real::GfgMMB8IfcE_7_521to627,AIGVDBench,GfgMMB8IfcE_7_521to627,aigvdbench:GfgMMB8IfcE_7_521to627,test,test,0,,real_video,GfgMMB8IfcE_7_521to627.mp4,5c6a06d5d8030bf9c3c47876a0c1f2746af7e7def13b8874b55e4fab4e09c663,06a4efa78490a16a3ab712f8fa30e748c62eb20be9e0da81619649da56ce1e52,AIGVDBench/Real/Real.zip,videos/GfgMMB8IfcE_7_521to627.mp4,1915406,1915721,dataset_cc_by_4_0_component_partial,not_downloaded
open_sora::GfgMMB8IfcE_7_521to627,AIGVDBench,GfgMMB8IfcE_7_521to627,aigvdbench:GfgMMB8IfcE_7_521to627,test,test,1,Open-Sora,text_to_video,GfgMMB8IfcE_7_521to627.mp4,5c6a06d5d8030bf9c3c47876a0c1f2746af7e7def13b8874b55e4fab4e09c663,06a4efa78490a16a3ab712f8fa30e748c62eb20be9e0da81619649da56ce1e52,AIGVDBench/OpenSource/T2V/Open-Sora.zip,videos/GfgMMB8IfcE_7_521to627.mp4,39129,40006,dataset_cc_by_4_0_component_partial,not_downloaded
real::9tyEdGJkoKg_18_0to165,AIGVDBench,9tyEdGJkoKg_18_0to165,aigvdbench:9tyEdGJkoKg_18_0to165,test,test,0,,real_video,9tyEdGJkoKg_18_0to165.mp4,ad67a49b34b3b645fe13904209422ba3ba53125f72f7f8ee24653bb62799c85f,06aa07e3a88c1e31b49ecbe4a33a6b9c437e23967cbefbd8af64b077810a668c,AIGVDBench/Real/Real.zip,videos/9tyEdGJkoKg_18_0to165.mp4,2593887,2595269,dataset_cc_by_4_0_component_partial,not_downloaded
open_sora::9tyEdGJkoKg_18_0to165,AIGVDBench,9tyEdGJkoKg_18_0to165,aigvdbench:9tyEdGJkoKg_18_0to165,test,test,1,Open-Sora,text_to_video,9tyEdGJkoKg_18_0to165.mp4,ad67a49b34b3b645fe13904209422ba3ba53125f72f7f8ee24653bb62799c85f,06aa07e3a88c1e31b49ecbe4a33a6b9c437e23967cbefbd8af64b077810a668c,AIGVDBench/OpenSource/T2V/Open-Sora.zip,videos/9tyEdGJkoKg_18_0to165.mp4,57498,58283,dataset_cc_by_4_0_component_partial,not_downloaded
real::DyY1ckkFLAY_9_0to129,AIGVDBench,DyY1ckkFLAY_9_0to129,aigvdbench:DyY1ckkFLAY_9_0to129,test,test,0,,real_video,DyY1ckkFLAY_9_0to129.mp4,dfd084f8b40bae9a0582b231ed75be5597a9aa508fb29718819d1089c1e219ed,06ccd93557c4182598bae7fdd3024f8ca809a309937ca30d5357301e5afd94cd,AIGVDBench/Real/Real.zip,videos/DyY1ckkFLAY_9_0to129.mp4,4742110,4742076,dataset_cc_by_4_0_component_partial,not_downloaded
open_sora::DyY1ckkFLAY_9_0to129,AIGVDBench,DyY1ckkFLAY_9_0to129,aigvdbench:DyY1ckkFLAY_9_0to129,test,test,1,Open-Sora,text_to_video,DyY1ckkFLAY_9_0to129.mp4,dfd084f8b40bae9a0582b231ed75be5597a9aa508fb29718819d1089c1e219ed,06ccd93557c4182598bae7fdd3024f8ca809a309937ca30d5357301e5afd94cd,AIGVDBench/OpenSource/T2V/Open-Sora.zip,videos/DyY1ckkFLAY_9_0to129.mp4,66866,67711,dataset_cc_by_4_0_component_partial,not_downloaded
real::7-cp_xLrHzk_29_0to290,AIGVDBench,7-cp_xLrHzk_29_0to290,aigvdbench:7-cp_xLrHzk_29_0to290,test,test,0,,real_video,7-cp_xLrHzk_29_0to290.mp4,375a0ab149e30eb35a6bb7b977ada305640c64c35e599e88da2da058de8ffe58,06ec7a4b2544c80eee4ec617a1dec603d8a1e1a4b3aaab4dd8b0f2c0ba8a4942,AIGVDBench/Real/Real.zip,videos/7-cp_xLrHzk_29_0to290.mp4,4972930,4973741,dataset_cc_by_4_0_component_partial,not_downloaded
open_sora::7-cp_xLrHzk_29_0to290,AIGVDBench,7-cp_xLrHzk_29_0to290,aigvdbench:7-cp_xLrHzk_29_0to290,test,test,1,Open-Sora,text_to_video,7-cp_xLrHzk_29_0to290.mp4,375a0ab149e30eb35a6bb7b977ada305640c64c35e599e88da2da058de8ffe58,06ec7a4b2544c80eee4ec617a1dec603d8a1e1a4b3aaab4dd8b0f2c0ba8a4942,AIGVDBench/OpenSource/T2V/Open-Sora.zip,videos/7-cp_xLrHzk_29_0to290.mp4,40056,40971,dataset_cc_by_4_0_component_partial,not_downloaded
real::JZIEfgYvQio_37_106to215,AIGVDBench,JZIEfgYvQio_37_106to215,aigvdbench:JZIEfgYvQio_37_106to215,test,test,0,,real_video,JZIEfgYvQio_37_106to215.mp4,42330fb4018f0cf8f0de48827bd0ccb21652175c2378b2e96a8355d1f7a13507,070b448530b8090cae4d6feb0d1611d755eb3f4109e95e4193702969988c7147,AIGVDBench/Real/Real.zip,videos/JZIEfgYvQio_37_106to215.mp4,2034966,2035317,dataset_cc_by_4_0_component_partial,not_downloaded
open_sora::JZIEfgYvQio_37_106to215,AIGVDBench,JZIEfgYvQio_37_106to215,aigvdbench:JZIEfgYvQio_37_106to215,test,test,1,Open-Sora,text_to_video,JZIEfgYvQio_37_106to215.mp4,42330fb4018f0cf8f0de48827bd0ccb21652175c2378b2e96a8355d1f7a13507,070b448530b8090cae4d6feb0d1611d755eb3f4109e95e4193702969988c7147,AIGVDBench/OpenSource/T2V/Open-Sora.zip,videos/JZIEfgYvQio_37_106to215.mp4,39658,40500,dataset_cc_by_4_0_component_partial,not_downloaded
real::H8L6geti0I0_10_0to113,AIGVDBench,H8L6geti0I0_10_0to113,aigvdbench:H8L6geti0I0_10_0to113,test,test,0,,real_video,H8L6geti0I0_10_0to113.mp4,2eaf594395e6feec85daa8b6a1a010a53017a09c1b173aa06fe7e3217704a772,070d531df5a8cecbc67b4926037e0268e17d0dd63aeb80b16a832eb5557afc24,AIGVDBench/Real/Real.zip,videos/H8L6geti0I0_10_0to113.mp4,2603188,2603505,dataset_cc_by_4_0_component_partial,not_downloaded
open_sora::H8L6geti0I0_10_0to113,AIGVDBench,H8L6geti0I0_10_0to113,aigvdbench:H8L6geti0I0_10_0to113,test,test,1,Open-Sora,text_to_video,H8L6geti0I0_10_0to113.mp4,2eaf594395e6feec85daa8b6a1a010a53017a09c1b173aa06fe7e3217704a772,070d531df5a8cecbc67b4926037e0268e17d0dd63aeb80b16a832eb5557afc24,AIGVDBench/OpenSource/T2V/Open-Sora.zip,videos/H8L6geti0I0_10_0to113.mp4,33852,34792,dataset_cc_by_4_0_component_partial,not_downloaded
real::WeMNOGnmVcE_16_18to167,AIGVDBench,WeMNOGnmVcE_16_18to167,aigvdbench:WeMNOGnmVcE_16_18to167,test,test,0,,real_video,WeMNOGnmVcE_16_18to167.mp4,f5a8b6416eacc1df574e6f52b3d77b5c9743ca69cdab066400d9870a178fb3e2,0760ac28189e24d077b3c92f40f2d47ae137568da659766dbda3a5a5203694c6,AIGVDBench/Real/Real.zip,videos/WeMNOGnmVcE_16_18to167.mp4,1260798,1261563,dataset_cc_by_4_0_component_partial,not_downloaded
open_sora::WeMNOGnmVcE_16_18to167,AIGVDBench,WeMNOGnmVcE_16_18to167,aigvdbench:WeMNOGnmVcE_16_18to167,test,test,1,Open-Sora,text_to_video,WeMNOGnmVcE_16_18to167.mp4,f5a8b6416eacc1df574e6f52b3d77b5c9743ca69cdab066400d9870a178fb3e2,0760ac28189e24d077b3c92f40f2d47ae137568da659766dbda3a5a5203694c6,AIGVDBench/OpenSource/T2V/Open-Sora.zip,videos/WeMNOGnmVcE_16_18to167.mp4,27786,28690,dataset_cc_by_4_0_component_partial,not_downloaded
real::FGHnVc1El8Y_52_0to238,AIGVDBench,FGHnVc1El8Y_52_0to238,aigvdbench:FGHnVc1El8Y_52_0to238,test,test,0,,real_video,FGHnVc1El8Y_52_0to238.mp4,e320631cceb400662d4fcc58aec9ba00fba032bd2f46e3194f4ab611a9c7325b,076c1c874ed18605634786e36f2f3a262742c65bd2936772bf2fdf78e93a6699,AIGVDBench/Real/Real.zip,videos/FGHnVc1El8Y_52_0to238.mp4,3754540,3755573,dataset_cc_by_4_0_component_partial,not_downloaded
open_sora::FGHnVc1El8Y_52_0to238,AIGVDBench,FGHnVc1El8Y_52_0to238,aigvdbench:FGHnVc1El8Y_52_0to238,test,test,1,Open-Sora,text_to_video,FGHnVc1El8Y_52_0to238.mp4,e320631cceb400662d4fcc58aec9ba00fba032bd2f46e3194f4ab611a9c7325b,076c1c874ed18605634786e36f2f3a262742c65bd2936772bf2fdf78e93a6699,AIGVDBench/OpenSource/T2V/Open-Sora.zip,videos/FGHnVc1El8Y_52_0to238.mp4,55188,55967,dataset_cc_by_4_0_component_partial,not_downloaded
real::U0NTjd-Cx0I_2_19to216,AIGVDBench,U0NTjd-Cx0I_2_19to216,aigvdbench:U0NTjd-Cx0I_2_19to216,test,test,0,,real_video,U0NTjd-Cx0I_2_19to216.mp4,d103273345b6e360aa61ce2289bda24b195c782345217f925ceb610468d1e7c5,0773cb55ff6adc46ebc9eeae7d938447b35161cf3d0e2719eb9785758ce4168b,AIGVDBench/Real/Real.zip,videos/U0NTjd-Cx0I_2_19to216.mp4,3746259,3746663,dataset_cc_by_4_0_component_partial,not_downloaded
open_sora::U0NTjd-Cx0I_2_19to216,AIGVDBench,U0NTjd-Cx0I_2_19to216,aigvdbench:U0NTjd-Cx0I_2_19to216,test,test,1,Open-Sora,text_to_video,U0NTjd-Cx0I_2_19to216.mp4,d103273345b6e360aa61ce2289bda24b195c782345217f925ceb610468d1e7c5,0773cb55ff6adc46ebc9eeae7d938447b35161cf3d0e2719eb9785758ce4168b,AIGVDBench/OpenSource/T2V/Open-Sora.zip,videos/U0NTjd-Cx0I_2_19to216.mp4,41287,42177,dataset_cc_by_4_0_component_partial,not_downloaded
real::yxbayDhqBQc_14_0to156,AIGVDBench,yxbayDhqBQc_14_0to156,aigvdbench:yxbayDhqBQc_14_0to156,test,test,0,,real_video,yxbayDhqBQc_14_0to156.mp4,43621312d2e1d544c89cef249d7669d13f405d0f9888b59786004bb2355c85cc,07bbea5a5710055cbd0a7a02829afd9649e998de265897d5e6470e754d7ce9a8,AIGVDBench/Real/Real.zip,videos/yxbayDhqBQc_14_0to156.mp4,5027714,5027598,dataset_cc_by_4_0_component_partial,not_downloaded
open_sora::yxbayDhqBQc_14_0to156,AIGVDBench,yxbayDhqBQc_14_0to156,aigvdbench:yxbayDhqBQc_14_0to156,test,test,1,Open-Sora,text_to_video,yxbayDhqBQc_14_0to156.mp4,43621312d2e1d544c89cef249d7669d13f405d0f9888b59786004bb2355c85cc,07bbea5a5710055cbd0a7a02829afd9649e998de265897d5e6470e754d7ce9a8,AIGVDBench/OpenSource/T2V/Open-Sora.zip,videos/yxbayDhqBQc_14_0to156.mp4,55515,56290,dataset_cc_by_4_0_component_partial,not_downloaded
real::vz2lj5JFxE8_52_0to146,AIGVDBench,vz2lj5JFxE8_52_0to146,aigvdbench:vz2lj5JFxE8_52_0to146,test,test,0,,real_video,vz2lj5JFxE8_52_0to146.mp4,74a12432c27724a70241a039c22130f5431bc8d7b51f73d0a636229e4a5a4a8b,07c961310d06e43dee5ca4f277a677f6f6ded652a15378c26b0f7900f029870d,AIGVDBench/Real/Real.zip,videos/vz2lj5JFxE8_52_0to146.mp4,3525502,3526568,dataset_cc_by_4_0_component_partial,not_downloaded
open_sora::vz2lj5JFxE8_52_0to146,AIGVDBench,vz2lj5JFxE8_52_0to146,aigvdbench:vz2lj5JFxE8_52_0to146,test,test,1,Open-Sora,text_to_video,vz2lj5JFxE8_52_0to146.mp4,74a12432c27724a70241a039c22130f5431bc8d7b51f73d0a636229e4a5a4a8b,07c961310d06e43dee5ca4f277a677f6f6ded652a15378c26b0f7900f029870d,AIGVDBench/OpenSource/T2V/Open-Sora.zip,videos/vz2lj5JFxE8_52_0to146.mp4,63216,64055,dataset_cc_by_4_0_component_partial,not_downloaded
real::MdRiHvx2oz0_22_0to136,AIGVDBench,MdRiHvx2oz0_22_0to136,aigvdbench:MdRiHvx2oz0_22_0to136,test,test,0,,real_video,MdRiHvx2oz0_22_0to136.mp4,9887b3c6b027b5168df370c11469ddc1c941bf360529b598e4e065b6a040b51b,07e1c3d716f4be1802ace1dddd2bacffb67ac90710360e4ef38eb0c6b874f750,AIGVDBench/Real/Real.zip,videos/MdRiHvx2oz0_22_0to136.mp4,1327327,1328330,dataset_cc_by_4_0_component_partial,not_downloaded
open_sora::MdRiHvx2oz0_22_0to136,AIGVDBench,MdRiHvx2oz0_22_0to136,aigvdbench:MdRiHvx2oz0_22_0to136,test,test,1,Open-Sora,text_to_video,MdRiHvx2oz0_22_0to136.mp4,9887b3c6b027b5168df370c11469ddc1c941bf360529b598e4e065b6a040b51b,07e1c3d716f4be1802ace1dddd2bacffb67ac90710360e4ef38eb0c6b874f750,AIGVDBench/OpenSource/T2V/Open-Sora.zip,videos/MdRiHvx2oz0_22_0to136.mp4,45027,45858,dataset_cc_by_4_0_component_partial,not_downloaded
real::qi4zfI56x2M_16_0to104,AIGVDBench,qi4zfI56x2M_16_0to104,aigvdbench:qi4zfI56x2M_16_0to104,test,test,0,,real_video,qi4zfI56x2M_16_0to104.mp4,cd418e259dbabb7b2858983d0b9c32856e3863448f8dc3132d9cd6e84d03535c,07e3d116e8072ed202323ad6ed33e85ef6a6cac4c214948f97e9b661e916712d,AIGVDBench/Real/Real.zip,videos/qi4zfI56x2M_16_0to104.mp4,1814525,1815138,dataset_cc_by_4_0_component_partial,not_downloaded
open_sora::qi4zfI56x2M_16_0to104,AIGVDBench,qi4zfI56x2M_16_0to104,aigvdbench:qi4zfI56x2M_16_0to104,test,test,1,Open-Sora,text_to_video,qi4zfI56x2M_16_0to104.mp4,cd418e259dbabb7b2858983d0b9c32856e3863448f8dc3132d9cd6e84d03535c,07e3d116e8072ed202323ad6ed33e85ef6a6cac4c214948f97e9b661e916712d,AIGVDBench/OpenSource/T2V/Open-Sora.zip,videos/qi4zfI56x2M_16_0to104.mp4,41386,42271,dataset_cc_by_4_0_component_partial,not_downloaded
real::JzqqEDANwps_2_0to1338,AIGVDBench,JzqqEDANwps_2_0to1338,aigvdbench:JzqqEDANwps_2_0to1338,test,test,0,,real_video,JzqqEDANwps_2_0to1338.mp4,1ac66442d03b7be81b05d44c606b047f84ac980039e7f79b8e6d92fa72571d3a,07e471b7abd0450fdcf58a00eec5a469520eb17e05a75c08cd82712b8956f53b,AIGVDBench/Real/Real.zip,videos/JzqqEDANwps_2_0to1338.mp4,39495115,39493913,dataset_cc_by_4_0_component_partial,not_downloaded
open_sora::JzqqEDANwps_2_0to1338,AIGVDBench,JzqqEDANwps_2_0to1338,aigvdbench:JzqqEDANwps_2_0to1338,test,test,1,Open-Sora,text_to_video,JzqqEDANwps_2_0to1338.mp4,1ac66442d03b7be81b05d44c606b047f84ac980039e7f79b8e6d92fa72571d3a,07e471b7abd0450fdcf58a00eec5a469520eb17e05a75c08cd82712b8956f53b,AIGVDBench/OpenSource/T2V/Open-Sora.zip,videos/JzqqEDANwps_2_0to1338.mp4,56015,56827,dataset_cc_by_4_0_component_partial,not_downloaded
real::yfrq7y1PqBo_83_0to136,AIGVDBench,yfrq7y1PqBo_83_0to136,aigvdbench:yfrq7y1PqBo_83_0to136,test,test,0,,real_video,yfrq7y1PqBo_83_0to136.mp4,8247fddb3b8863c2644be228f1f87562fcecc33af967925c43f69674126e2849,07f0a35059951e126ed9634b807f3f43d2631826f5af3657383d6fd8c629378e,AIGVDBench/Real/Real.zip,videos/yfrq7y1PqBo_83_0to136.mp4,1800393,1800939,dataset_cc_by_4_0_component_partial,not_downloaded
open_sora::yfrq7y1PqBo_83_0to136,AIGVDBench,yfrq7y1PqBo_83_0to136,aigvdbench:yfrq7y1PqBo_83_0to136,test,test,1,Open-Sora,text_to_video,yfrq7y1PqBo_83_0to136.mp4,8247fddb3b8863c2644be228f1f87562fcecc33af967925c43f69674126e2849,07f0a35059951e126ed9634b807f3f43d2631826f5af3657383d6fd8c629378e,AIGVDBench/OpenSource/T2V/Open-Sora.zip,videos/yfrq7y1PqBo_83_0to136.mp4,31610,32543,dataset_cc_by_4_0_component_partial,not_downloaded
real::zxUsGZedLSQ_0_0to404,AIGVDBench,zxUsGZedLSQ_0_0to404,aigvdbench:zxUsGZedLSQ_0_0to404,test,test,0,,real_video,zxUsGZedLSQ_0_0to404.mp4,f2e0b38b1f03ce20206f1a14a6f6bb115b6df1bc8fdc547737aa36f225003483,07f58fd91a750b821f6b08c142c4d264dbf829eb746a752d6d3a7edf4ad5f0c2,AIGVDBench/Real/Real.zip,videos/zxUsGZedLSQ_0_0to404.mp4,3835011,3836406,dataset_cc_by_4_0_component_partial,not_downloaded
open_sora::zxUsGZedLSQ_0_0to404,AIGVDBench,zxUsGZedLSQ_0_0to404,aigvdbench:zxUsGZedLSQ_0_0to404,test,test,1,Open-Sora,text_to_video,zxUsGZedLSQ_0_0to404.mp4,f2e0b38b1f03ce20206f1a14a6f6bb115b6df1bc8fdc547737aa36f225003483,07f58fd91a750b821f6b08c142c4d264dbf829eb746a752d6d3a7edf4ad5f0c2,AIGVDBench/OpenSource/T2V/Open-Sora.zip,videos/zxUsGZedLSQ_0_0to404.mp4,33236,34164,dataset_cc_by_4_0_component_partial,not_downloaded
real::SheHMI0Cowo_22_0to519,AIGVDBench,SheHMI0Cowo_22_0to519,aigvdbench:SheHMI0Cowo_22_0to519,test,test,0,,real_video,SheHMI0Cowo_22_0to519.mp4,15c17e349675522e212ce2a0d73533582a2b1350817743e76ddbba79682a5789,080ba886361d6e1d88004fc4d02210206ccacd861bc026733e9ff1472702a0e6,AIGVDBench/Real/Real.zip,videos/SheHMI0Cowo_22_0to519.mp4,17091626,17090187,dataset_cc_by_4_0_component_partial,not_downloaded
open_sora::SheHMI0Cowo_22_0to519,AIGVDBench,SheHMI0Cowo_22_0to519,aigvdbench:SheHMI0Cowo_22_0to519,test,test,1,Open-Sora,text_to_video,SheHMI0Cowo_22_0to519.mp4,15c17e349675522e212ce2a0d73533582a2b1350817743e76ddbba79682a5789,080ba886361d6e1d88004fc4d02210206ccacd861bc026733e9ff1472702a0e6,AIGVDBench/OpenSource/T2V/Open-Sora.zip,videos/SheHMI0Cowo_22_0to519.mp4,56687,57423,dataset_cc_by_4_0_component_partial,not_downloaded
real::GyhPEjXw1yA_5_0to107,AIGVDBench,GyhPEjXw1yA_5_0to107,aigvdbench:GyhPEjXw1yA_5_0to107,test,test,0,,real_video,GyhPEjXw1yA_5_0to107.mp4,a5b1251663bbe8800127a7314491b9f4ecf4366dbbdc65f7b26586dc5303cecc,08151c30760903e7b1ccf0ff4a12f3e574a6108e384e00ade13faacb68ef8f60,AIGVDBench/Real/Real.zip,videos/GyhPEjXw1yA_5_0to107.mp4,2906997,2907249,dataset_cc_by_4_0_component_partial,not_downloaded
open_sora::GyhPEjXw1yA_5_0to107,AIGVDBench,GyhPEjXw1yA_5_0to107,aigvdbench:GyhPEjXw1yA_5_0to107,test,test,1,Open-Sora,text_to_video,GyhPEjXw1yA_5_0to107.mp4,a5b1251663bbe8800127a7314491b9f4ecf4366dbbdc65f7b26586dc5303cecc,08151c30760903e7b1ccf0ff4a12f3e574a6108e384e00ade13faacb68ef8f60,AIGVDBench/OpenSource/T2V/Open-Sora.zip,videos/GyhPEjXw1yA_5_0to107.mp4,62763,63535,dataset_cc_by_4_0_component_partial,not_downloaded
real::Z04M-o26qcg_82_41to159,AIGVDBench,Z04M-o26qcg_82_41to159,aigvdbench:Z04M-o26qcg_82_41to159,test,test,0,,real_video,Z04M-o26qcg_82_41to159.mp4,eaca91a3e338f4c9d76bf2759368e40a98cd3c6d961a4892a353678596d67cdd,081c41db96040dd86db0ac55b2fd9b640af8c21a3e35c9d0164da672eff6a606,AIGVDBench/Real/Real.zip,videos/Z04M-o26qcg_82_41to159.mp4,1801534,1802372,dataset_cc_by_4_0_component_partial,not_downloaded
open_sora::Z04M-o26qcg_82_41to159,AIGVDBench,Z04M-o26qcg_82_41to159,aigvdbench:Z04M-o26qcg_82_41to159,test,test,1,Open-Sora,text_to_video,Z04M-o26qcg_82_41to159.mp4,eaca91a3e338f4c9d76bf2759368e40a98cd3c6d961a4892a353678596d67cdd,081c41db96040dd86db0ac55b2fd9b640af8c21a3e35c9d0164da672eff6a606,AIGVDBench/OpenSource/T2V/Open-Sora.zip,videos/Z04M-o26qcg_82_41to159.mp4,49090,49927,dataset_cc_by_4_0_component_partial,not_downloaded
real::9kXAHch00SM_1_0to107,AIGVDBench,9kXAHch00SM_1_0to107,aigvdbench:9kXAHch00SM_1_0to107,test,test,0,,real_video,9kXAHch00SM_1_0to107.mp4,a8ec472280c3962d374e611da180d7e42ded4147f0ece5c45a4cf9611bcc7e50,081f15d587b2861dec94e25492d3b2f04b8448d045af1f870df3078f7ffef136,AIGVDBench/Real/Real.zip,videos/9kXAHch00SM_1_0to107.mp4,2352204,2352500,dataset_cc_by_4_0_component_partial,not_downloaded
open_sora::9kXAHch00SM_1_0to107,AIGVDBench,9kXAHch00SM_1_0to107,aigvdbench:9kXAHch00SM_1_0to107,test,test,1,Open-Sora,text_to_video,9kXAHch00SM_1_0to107.mp4,a8ec472280c3962d374e611da180d7e42ded4147f0ece5c45a4cf9611bcc7e50,081f15d587b2861dec94e25492d3b2f04b8448d045af1f870df3078f7ffef136,AIGVDBench/OpenSource/T2V/Open-Sora.zip,videos/9kXAHch00SM_1_0to107.mp4,70978,71775,dataset_cc_by_4_0_component_partial,not_downloaded
real::hU-KE7VvDfM_21_67to381,AIGVDBench,hU-KE7VvDfM_21_67to381,aigvdbench:hU-KE7VvDfM_21_67to381,test,test,0,,real_video,hU-KE7VvDfM_21_67to381.mp4,0ade1b1b2c834fefd903365cbbc370f58e161fc32656b5baa7b5cad7b6dde901,08203337e14af3b16056931356916cbaee0c43f704bf51b840456d45d453008e,AIGVDBench/Real/Real.zip,videos/hU-KE7VvDfM_21_67to381.mp4,6349401,6349716,dataset_cc_by_4_0_component_partial,not_downloaded
open_sora::hU-KE7VvDfM_21_67to381,AIGVDBench,hU-KE7VvDfM_21_67to381,aigvdbench:hU-KE7VvDfM_21_67to381,test,test,1,Open-Sora,text_to_video,hU-KE7VvDfM_21_67to381.mp4,0ade1b1b2c834fefd903365cbbc370f58e161fc32656b5baa7b5cad7b6dde901,08203337e14af3b16056931356916cbaee0c43f704bf51b840456d45d453008e,AIGVDBench/OpenSource/T2V/Open-Sora.zip,videos/hU-KE7VvDfM_21_67to381.mp4,59171,59924,dataset_cc_by_4_0_component_partial,not_downloaded
real::vYEtS2eXY-c_0_0to587,AIGVDBench,vYEtS2eXY-c_0_0to587,aigvdbench:vYEtS2eXY-c_0_0to587,test,test,0,,real_video,vYEtS2eXY-c_0_0to587.mp4,1710d04827ec34c67eb6cb32da1299a4d0c88d7c016f3655a46f725e087709fb,083305d25e46447d635cc51d5379c0defd46211200d9a4350ab6100730fa2575,AIGVDBench/Real/Real.zip,videos/vYEtS2eXY-c_0_0to587.mp4,9156421,9158557,dataset_cc_by_4_0_component_partial,not_downloaded
open_sora::vYEtS2eXY-c_0_0to587,AIGVDBench,vYEtS2eXY-c_0_0to587,aigvdbench:vYEtS2eXY-c_0_0to587,test,test,1,Open-Sora,text_to_video,vYEtS2eXY-c_0_0to587.mp4,1710d04827ec34c67eb6cb32da1299a4d0c88d7c016f3655a46f725e087709fb,083305d25e46447d635cc51d5379c0defd46211200d9a4350ab6100730fa2575,AIGVDBench/OpenSource/T2V/Open-Sora.zip,videos/vYEtS2eXY-c_0_0to587.mp4,76151,76855,dataset_cc_by_4_0_component_partial,not_downloaded
real::8L4fzqZTm_M_10_0to519,AIGVDBench,8L4fzqZTm_M_10_0to519,aigvdbench:8L4fzqZTm_M_10_0to519,test,test,0,,real_video,8L4fzqZTm_M_10_0to519.mp4,d7274f7c89d8aafb18df6aecceb618c9f8ee2114fc7b19c474620706fa63abd8,0834c1e48b94fb7236938b01860da68ebdce016a7c31eabe4223d1e86b05cba0,AIGVDBench/Real/Real.zip,videos/8L4fzqZTm_M_10_0to519.mp4,12010513,12012776,dataset_cc_by_4_0_component_partial,not_downloaded
open_sora::8L4fzqZTm_M_10_0to519,AIGVDBench,8L4fzqZTm_M_10_0to519,aigvdbench:8L4fzqZTm_M_10_0to519,test,test,1,Open-Sora,text_to_video,8L4fzqZTm_M_10_0to519.mp4,d7274f7c89d8aafb18df6aecceb618c9f8ee2114fc7b19c474620706fa63abd8,0834c1e48b94fb7236938b01860da68ebdce016a7c31eabe4223d1e86b05cba0,AIGVDBench/OpenSource/T2V/Open-Sora.zip,videos/8L4fzqZTm_M_10_0to519.mp4,25466,26439,dataset_cc_by_4_0_component_partial,not_downloaded
real::OMPD4d2YaWM_28_89to392,AIGVDBench,OMPD4d2YaWM_28_89to392,aigvdbench:OMPD4d2YaWM_28_89to392,test,test,0,,real_video,OMPD4d2YaWM_28_89to392.mp4,cb9ba9a48aef346fb7ec7d8dbe1233ec2fd67037c47c75cf0309d21c7a2bac40,08f53288881e032c2c5d6f1cda042db604e55f127185c3677ee88888ae2d348b,AIGVDBench/Real/Real.zip,videos/OMPD4d2YaWM_28_89to392.mp4,3157747,3159602,dataset_cc_by_4_0_component_partial,not_downloaded
open_sora::OMPD4d2YaWM_28_89to392,AIGVDBench,OMPD4d2YaWM_28_89to392,aigvdbench:OMPD4d2YaWM_28_89to392,test,test,1,Open-Sora,text_to_video,OMPD4d2YaWM_28_89to392.mp4,cb9ba9a48aef346fb7ec7d8dbe1233ec2fd67037c47c75cf0309d21c7a2bac40,08f53288881e032c2c5d6f1cda042db604e55f127185c3677ee88888ae2d348b,AIGVDBench/OpenSource/T2V/Open-Sora.zip,videos/OMPD4d2YaWM_28_89to392.mp4,70510,71262,dataset_cc_by_4_0_component_partial,not_downloaded
real::IMlAZsNPvYw_16_0to166,AIGVDBench,IMlAZsNPvYw_16_0to166,aigvdbench:IMlAZsNPvYw_16_0to166,test,test,0,,real_video,IMlAZsNPvYw_16_0to166.mp4,2d013824c2ac9ccf6b8e4f1886d28d141317602c4481f8a66cb33d594790c838,090825a1e2d51f639e8ae0fd89b5b472825237deeb548ceb2eb20b29c49a5290,AIGVDBench/Real/Real.zip,videos/IMlAZsNPvYw_16_0to166.mp4,4257725,4258499,dataset_cc_by_4_0_component_partial,not_downloaded
open_sora::IMlAZsNPvYw_16_0to166,AIGVDBench,IMlAZsNPvYw_16_0to166,aigvdbench:IMlAZsNPvYw_16_0to166,test,test,1,Open-Sora,text_to_video,IMlAZsNPvYw_16_0to166.mp4,2d013824c2ac9ccf6b8e4f1886d28d141317602c4481f8a66cb33d594790c838,090825a1e2d51f639e8ae0fd89b5b472825237deeb548ceb2eb20b29c49a5290,AIGVDBench/OpenSource/T2V/Open-Sora.zip,videos/IMlAZsNPvYw_16_0to166.mp4,69892,70627,dataset_cc_by_4_0_component_partial,not_downloaded
real::WrrjOmZqUvc_28_0to135,AIGVDBench,WrrjOmZqUvc_28_0to135,aigvdbench:WrrjOmZqUvc_28_0to135,test,test,0,,real_video,WrrjOmZqUvc_28_0to135.mp4,14988b2eb140ad941d8aceedc7a5d159dcbe81a00ad2b310354bb253a5ced151,0913e428f8600fed5403d12027a8462b60c20c0a15d21204d133977a39ea22d7,AIGVDBench/Real/Real.zip,videos/WrrjOmZqUvc_28_0to135.mp4,1021383,1023068,dataset_cc_by_4_0_component_partial,not_downloaded
open_sora::WrrjOmZqUvc_28_0to135,AIGVDBench,WrrjOmZqUvc_28_0to135,aigvdbench:WrrjOmZqUvc_28_0to135,test,test,1,Open-Sora,text_to_video,WrrjOmZqUvc_28_0to135.mp4,14988b2eb140ad941d8aceedc7a5d159dcbe81a00ad2b310354bb253a5ced151,0913e428f8600fed5403d12027a8462b60c20c0a15d21204d133977a39ea22d7,AIGVDBench/OpenSource/T2V/Open-Sora.zip,videos/WrrjOmZqUvc_28_0to135.mp4,49776,50579,dataset_cc_by_4_0_component_partial,not_downloaded
real::NgfBEINw48s_61_0to271,AIGVDBench,NgfBEINw48s_61_0to271,aigvdbench:NgfBEINw48s_61_0to271,test,test,0,,real_video,NgfBEINw48s_61_0to271.mp4,1ba25031349e02b20365b293509dd055c45b85dd9de0a6262b1b52d96a450087,091779cdc0f34f80da6e0924ba32e0d56407d2334f793d728cd9843013fba498,AIGVDBench/Real/Real.zip,videos/NgfBEINw48s_61_0to271.mp4,5623353,5623649,dataset_cc_by_4_0_component_partial,not_downloaded
open_sora::NgfBEINw48s_61_0to271,AIGVDBench,NgfBEINw48s_61_0to271,aigvdbench:NgfBEINw48s_61_0to271,test,test,1,Open-Sora,text_to_video,NgfBEINw48s_61_0to271.mp4,1ba25031349e02b20365b293509dd055c45b85dd9de0a6262b1b52d96a450087,091779cdc0f34f80da6e0924ba32e0d56407d2334f793d728cd9843013fba498,AIGVDBench/OpenSource/T2V/Open-Sora.zip,videos/NgfBEINw48s_61_0to271.mp4,46509,47340,dataset_cc_by_4_0_component_partial,not_downloaded
real::m7V1i3jhomo_105_0to194,AIGVDBench,m7V1i3jhomo_105_0to194,aigvdbench:m7V1i3jhomo_105_0to194,test,test,0,,real_video,m7V1i3jhomo_105_0to194.mp4,5b3feb5b5375027c1894ebcf15a420e394450443034444c54d1797ea2600d457,092918b2d4ab53e15ceddb8bebc9f53c03de2b35f853fa2b5813cc31df349b5f,AIGVDBench/Real/Real.zip,videos/m7V1i3jhomo_105_0to194.mp4,6672269,6671837,dataset_cc_by_4_0_component_partial,not_downloaded
open_sora::m7V1i3jhomo_105_0to194,AIGVDBench,m7V1i3jhomo_105_0to194,aigvdbench:m7V1i3jhomo_105_0to194,test,test,1,Open-Sora,text_to_video,m7V1i3jhomo_105_0to194.mp4,5b3feb5b5375027c1894ebcf15a420e394450443034444c54d1797ea2600d457,092918b2d4ab53e15ceddb8bebc9f53c03de2b35f853fa2b5813cc31df349b5f,AIGVDBench/OpenSource/T2V/Open-Sora.zip,videos/m7V1i3jhomo_105_0to194.mp4,76429,77144,dataset_cc_by_4_0_component_partial,not_downloaded
real::iWdkJPc7TV8_24_0to115,AIGVDBench,iWdkJPc7TV8_24_0to115,aigvdbench:iWdkJPc7TV8_24_0to115,test,test,0,,real_video,iWdkJPc7TV8_24_0to115.mp4,2b9a8f8cba3d00b6612c63688ff332dcfbf06f0760445410cc588afecb994ff5,0930622b0807a60df879413aa1b65789dbe95cf4ab66a999498fbcb799a7220c,AIGVDBench/Real/Real.zip,videos/iWdkJPc7TV8_24_0to115.mp4,985593,986803,dataset_cc_by_4_0_component_partial,not_downloaded
open_sora::iWdkJPc7TV8_24_0to115,AIGVDBench,iWdkJPc7TV8_24_0to115,aigvdbench:iWdkJPc7TV8_24_0to115,test,test,1,Open-Sora,text_to_video,iWdkJPc7TV8_24_0to115.mp4,2b9a8f8cba3d00b6612c63688ff332dcfbf06f0760445410cc588afecb994ff5,0930622b0807a60df879413aa1b65789dbe95cf4ab66a999498fbcb799a7220c,AIGVDBench/OpenSource/T2V/Open-Sora.zip,videos/iWdkJPc7TV8_24_0to115.mp4,41685,42451,dataset_cc_by_4_0_component_partial,not_downloaded
real::wcY6nDp_HzM_58_22to134,AIGVDBench,wcY6nDp_HzM_58_22to134,aigvdbench:wcY6nDp_HzM_58_22to134,test,test,0,,real_video,wcY6nDp_HzM_58_22to134.mp4,58fa4d56f60051da1ad09e4cd2da93fc65ff57122481775c7ac69d25068eecad,093bfbd4e9fba472433af536d5abea8da771a9764002fcd4c742a007ab3f77f0,AIGVDBench/Real/Real.zip,videos/wcY6nDp_HzM_58_22to134.mp4,1552742,1553360,dataset_cc_by_4_0_component_partial,not_downloaded
open_sora::wcY6nDp_HzM_58_22to134,AIGVDBench,wcY6nDp_HzM_58_22to134,aigvdbench:wcY6nDp_HzM_58_22to134,test,test,1,Open-Sora,text_to_video,wcY6nDp_HzM_58_22to134.mp4,58fa4d56f60051da1ad09e4cd2da93fc65ff57122481775c7ac69d25068eecad,093bfbd4e9fba472433af536d5abea8da771a9764002fcd4c742a007ab3f77f0,AIGVDBench/OpenSource/T2V/Open-Sora.zip,videos/wcY6nDp_HzM_58_22to134.mp4,52529,53380,dataset_cc_by_4_0_component_partial,not_downloaded
real::sWfMsD8gqWc_4_0to1090,AIGVDBench,sWfMsD8gqWc_4_0to1090,aigvdbench:sWfMsD8gqWc_4_0to1090,test,test,0,,real_video,sWfMsD8gqWc_4_0to1090.mp4,d65ec9f9a881343668e49e432231ba58436dd50616d3de3d48b7dca3869d6581,09790904b40da263763880a3267bcbea24d7d01de0e92ea9a69319db39608b25,AIGVDBench/Real/Real.zip,videos/sWfMsD8gqWc_4_0to1090.mp4,10942648,10947917,dataset_cc_by_4_0_component_partial,not_downloaded
open_sora::sWfMsD8gqWc_4_0to1090,AIGVDBench,sWfMsD8gqWc_4_0to1090,aigvdbench:sWfMsD8gqWc_4_0to1090,test,test,1,Open-Sora,text_to_video,sWfMsD8gqWc_4_0to1090.mp4,d65ec9f9a881343668e49e432231ba58436dd50616d3de3d48b7dca3869d6581,09790904b40da263763880a3267bcbea24d7d01de0e92ea9a69319db39608b25,AIGVDBench/OpenSource/T2V/Open-Sora.zip,videos/sWfMsD8gqWc_4_0to1090.mp4,50463,51388,dataset_cc_by_4_0_component_partial,not_downloaded
real::5q6XOGXMrJA_34_90to339,AIGVDBench,5q6XOGXMrJA_34_90to339,aigvdbench:5q6XOGXMrJA_34_90to339,test,test,0,,real_video,5q6XOGXMrJA_34_90to339.mp4,13811a4bee84dfc62025f74d4d1ad7ac60ead5e31a2332a8271f627c7e76cfe3,0996b33e7c7d87ba8e0de64200d555cb88467f1b7bd3704d59b37cd2ee25d543,AIGVDBench/Real/Real.zip,videos/5q6XOGXMrJA_34_90to339.mp4,6808536,6809204,dataset_cc_by_4_0_component_partial,not_downloaded
open_sora::5q6XOGXMrJA_34_90to339,AIGVDBench,5q6XOGXMrJA_34_90to339,aigvdbench:5q6XOGXMrJA_34_90to339,test,test,1,Open-Sora,text_to_video,5q6XOGXMrJA_34_90to339.mp4,13811a4bee84dfc62025f74d4d1ad7ac60ead5e31a2332a8271f627c7e76cfe3,0996b33e7c7d87ba8e0de64200d555cb88467f1b7bd3704d59b37cd2ee25d543,AIGVDBench/OpenSource/T2V/Open-Sora.zip,videos/5q6XOGXMrJA_34_90to339.mp4,61648,62476,dataset_cc_by_4_0_component_partial,not_downloaded
real::RmpBR91bFlg_29_0to504,AIGVDBench,RmpBR91bFlg_29_0to504,aigvdbench:RmpBR91bFlg_29_0to504,test,test,0,,real_video,RmpBR91bFlg_29_0to504.mp4,2d4e60fe4865c3b71d24166c467c8c998453fe3d3d7bbfd50113b043b022e41f,09b18759c6b0165568ae1bf7a6ee45504ee8c7ce8cb0ba7e23f910d269a3f7d8,AIGVDBench/Real/Real.zip,videos/RmpBR91bFlg_29_0to504.mp4,7801112,7802222,dataset_cc_by_4_0_component_partial,not_downloaded
open_sora::RmpBR91bFlg_29_0to504,AIGVDBench,RmpBR91bFlg_29_0to504,aigvdbench:RmpBR91bFlg_29_0to504,test,test,1,Open-Sora,text_to_video,RmpBR91bFlg_29_0to504.mp4,2d4e60fe4865c3b71d24166c467c8c998453fe3d3d7bbfd50113b043b022e41f,09b18759c6b0165568ae1bf7a6ee45504ee8c7ce8cb0ba7e23f910d269a3f7d8,AIGVDBench/OpenSource/T2V/Open-Sora.zip,videos/RmpBR91bFlg_29_0to504.mp4,40630,41492,dataset_cc_by_4_0_component_partial,not_downloaded
real::4_Xdc3O1OGs_52_0to346,AIGVDBench,4_Xdc3O1OGs_52_0to346,aigvdbench:4_Xdc3O1OGs_52_0to346,test,test,0,,real_video,4_Xdc3O1OGs_52_0to346.mp4,5afb214ad5dc149619e52e04c365e819f942a26c31f4fc12c3f90181dc85be34,09c37c7313481ea13a879307611c6f3b8b571b80e7ba310220d3c99610bb6463,AIGVDBench/Real/Real.zip,videos/4_Xdc3O1OGs_52_0to346.mp4,6484773,6486040,dataset_cc_by_4_0_component_partial,not_downloaded
open_sora::4_Xdc3O1OGs_52_0to346,AIGVDBench,4_Xdc3O1OGs_52_0to346,aigvdbench:4_Xdc3O1OGs_52_0to346,test,test,1,Open-Sora,text_to_video,4_Xdc3O1OGs_52_0to346.mp4,5afb214ad5dc149619e52e04c365e819f942a26c31f4fc12c3f90181dc85be34,09c37c7313481ea13a879307611c6f3b8b571b80e7ba310220d3c99610bb6463,AIGVDBench/OpenSource/T2V/Open-Sora.zip,videos/4_Xdc3O1OGs_52_0to346.mp4,63138,63948,dataset_cc_by_4_0_component_partial,not_downloaded
real::_icmM8z-QeM_16_0to230,AIGVDBench,_icmM8z-QeM_16_0to230,aigvdbench:_icmM8z-QeM_16_0to230,test,test,0,,real_video,_icmM8z-QeM_16_0to230.mp4,5bc8b0427da772d20301b2424fd1006971d482eaa7cff307be5ee95133844450,09eeabc65df6d02a15c31bcc8616f8f7fd4dc0259c9ec9846156e47979048206,AIGVDBench/Real/Real.zip,videos/_icmM8z-QeM_16_0to230.mp4,2560164,2561702,dataset_cc_by_4_0_component_partial,not_downloaded
open_sora::_icmM8z-QeM_16_0to230,AIGVDBench,_icmM8z-QeM_16_0to230,aigvdbench:_icmM8z-QeM_16_0to230,test,test,1,Open-Sora,text_to_video,_icmM8z-QeM_16_0to230.mp4,5bc8b0427da772d20301b2424fd1006971d482eaa7cff307be5ee95133844450,09eeabc65df6d02a15c31bcc8616f8f7fd4dc0259c9ec9846156e47979048206,AIGVDBench/OpenSource/T2V/Open-Sora.zip,videos/_icmM8z-QeM_16_0to230.mp4,34797,35718,dataset_cc_by_4_0_component_partial,not_downloaded
real::E3d0f7224A4_5_1123to1257,AIGVDBench,E3d0f7224A4_5_1123to1257,aigvdbench:E3d0f7224A4_5_1123to1257,test,test,0,,real_video,E3d0f7224A4_5_1123to1257.mp4,611f35b041bac0e8c184e82938835a30283dd1e6e40d57c3b754dd1f4338f007,09fcdc47f8ae5bb997eaa201a4b4e19564bdee1116f031f1bdb3dc9f0db118f8,AIGVDBench/Real/Real.zip,videos/E3d0f7224A4_5_1123to1257.mp4,1181835,1182699,dataset_cc_by_4_0_component_partial,not_downloaded
open_sora::E3d0f7224A4_5_1123to1257,AIGVDBench,E3d0f7224A4_5_1123to1257,aigvdbench:E3d0f7224A4_5_1123to1257,test,test,1,Open-Sora,text_to_video,E3d0f7224A4_5_1123to1257.mp4,611f35b041bac0e8c184e82938835a30283dd1e6e40d57c3b754dd1f4338f007,09fcdc47f8ae5bb997eaa201a4b4e19564bdee1116f031f1bdb3dc9f0db118f8,AIGVDBench/OpenSource/T2V/Open-Sora.zip,videos/E3d0f7224A4_5_1123to1257.mp4,56831,57646,dataset_cc_by_4_0_component_partial,not_downloaded
real::okFxJc5z0BI_7_0to158,AIGVDBench,okFxJc5z0BI_7_0to158,aigvdbench:okFxJc5z0BI_7_0to158,test,test,0,,real_video,okFxJc5z0BI_7_0to158.mp4,0736bf6759d38d1644940c2f5d67f90474e8e129acae87b842b3ea3f8761311f,0a0a87fd0f8bd8fc4431f2059d5ccd0406f2398d09f1ce4712703a36244cb116,AIGVDBench/Real/Real.zip,videos/okFxJc5z0BI_7_0to158.mp4,3124584,3124909,dataset_cc_by_4_0_component_partial,not_downloaded
open_sora::okFxJc5z0BI_7_0to158,AIGVDBench,okFxJc5z0BI_7_0to158,aigvdbench:okFxJc5z0BI_7_0to158,test,test,1,Open-Sora,text_to_video,okFxJc5z0BI_7_0to158.mp4,0736bf6759d38d1644940c2f5d67f90474e8e129acae87b842b3ea3f8761311f,0a0a87fd0f8bd8fc4431f2059d5ccd0406f2398d09f1ce4712703a36244cb116,AIGVDBench/OpenSource/T2V/Open-Sora.zip,videos/okFxJc5z0BI_7_0to158.mp4,49112,49933,dataset_cc_by_4_0_component_partial,not_downloaded
real::PgRYzMZaGL0_11_0to245,AIGVDBench,PgRYzMZaGL0_11_0to245,aigvdbench:PgRYzMZaGL0_11_0to245,test,test,0,,real_video,PgRYzMZaGL0_11_0to245.mp4,bef0644a491891bc9f59925569e077bf517b561e0c85448d53518ff614ae92e8,0a46b08e7a157c341bae18a0939e3bb876f948add9d2acdfb05af83f8c70f205,AIGVDBench/Real/Real.zip,videos/PgRYzMZaGL0_11_0to245.mp4,4198277,4198660,dataset_cc_by_4_0_component_partial,not_downloaded
open_sora::PgRYzMZaGL0_11_0to245,AIGVDBench,PgRYzMZaGL0_11_0to245,aigvdbench:PgRYzMZaGL0_11_0to245,test,test,1,Open-Sora,text_to_video,PgRYzMZaGL0_11_0to245.mp4,bef0644a491891bc9f59925569e077bf517b561e0c85448d53518ff614ae92e8,0a46b08e7a157c341bae18a0939e3bb876f948add9d2acdfb05af83f8c70f205,AIGVDBench/OpenSource/T2V/Open-Sora.zip,videos/PgRYzMZaGL0_11_0to245.mp4,54670,55445,dataset_cc_by_4_0_component_partial,not_downloaded
real::ifafaG1pqws_16_0to103,AIGVDBench,ifafaG1pqws_16_0to103,aigvdbench:ifafaG1pqws_16_0to103,test,test,0,,real_video,ifafaG1pqws_16_0to103.mp4,3e1fb35ab89bb8e2762ad57a9ad72e4a81acdebe2675f88e8375be2155b7038a,0a71bab62c00e775fd193436150407fe6ed9378429ebc61336317ce68c7c006b,AIGVDBench/Real/Real.zip,videos/ifafaG1pqws_16_0to103.mp4,1592519,1593274,dataset_cc_by_4_0_component_partial,not_downloaded
open_sora::ifafaG1pqws_16_0to103,AIGVDBench,ifafaG1pqws_16_0to103,aigvdbench:ifafaG1pqws_16_0to103,test,test,1,Open-Sora,text_to_video,ifafaG1pqws_16_0to103.mp4,3e1fb35ab89bb8e2762ad57a9ad72e4a81acdebe2675f88e8375be2155b7038a,0a71bab62c00e775fd193436150407fe6ed9378429ebc61336317ce68c7c006b,AIGVDBench/OpenSource/T2V/Open-Sora.zip,videos/ifafaG1pqws_16_0to103.mp4,67412,68218,dataset_cc_by_4_0_component_partial,not_downloaded
real::UbBtUB4qfKs_7_0to116,AIGVDBench,UbBtUB4qfKs_7_0to116,aigvdbench:UbBtUB4qfKs_7_0to116,test,test,0,,real_video,UbBtUB4qfKs_7_0to116.mp4,665b034c257faec5f06f3dbf7b11c707b810a2914995cc5a71a6d436413ab146,0a76802bdef639db6f4d17c0567a9d6041ae51c66f04a9dc763f2acc574b8c71,AIGVDBench/Real/Real.zip,videos/UbBtUB4qfKs_7_0to116.mp4,2333801,2334344,dataset_cc_by_4_0_component_partial,not_downloaded
open_sora::UbBtUB4qfKs_7_0to116,AIGVDBench,UbBtUB4qfKs_7_0to116,aigvdbench:UbBtUB4qfKs_7_0to116,test,test,1,Open-Sora,text_to_video,UbBtUB4qfKs_7_0to116.mp4,665b034c257faec5f06f3dbf7b11c707b810a2914995cc5a71a6d436413ab146,0a76802bdef639db6f4d17c0567a9d6041ae51c66f04a9dc763f2acc574b8c71,AIGVDBench/OpenSource/T2V/Open-Sora.zip,videos/UbBtUB4qfKs_7_0to116.mp4,50191,51033,dataset_cc_by_4_0_component_partial,not_downloaded
real::U4veMzcQWnw_40_0to113,AIGVDBench,U4veMzcQWnw_40_0to113,aigvdbench:U4veMzcQWnw_40_0to113,test,test,0,,real_video,U4veMzcQWnw_40_0to113.mp4,6a72548ad47ec2968de6ed4075de974d3d531ffbe4076bce269be14a92712975,0aa26f371ecf213364552110e6f34699b85f5105e6e3141a05add375fb506238,AIGVDBench/Real/Real.zip,videos/U4veMzcQWnw_40_0to113.mp4,2788962,2789143,dataset_cc_by_4_0_component_partial,not_downloaded
open_sora::U4veMzcQWnw_40_0to113,AIGVDBench,U4veMzcQWnw_40_0to113,aigvdbench:U4veMzcQWnw_40_0to113,test,test,1,Open-Sora,text_to_video,U4veMzcQWnw_40_0to113.mp4,6a72548ad47ec2968de6ed4075de974d3d531ffbe4076bce269be14a92712975,0aa26f371ecf213364552110e6f34699b85f5105e6e3141a05add375fb506238,AIGVDBench/OpenSource/T2V/Open-Sora.zip,videos/U4veMzcQWnw_40_0to113.mp4,42401,43236,dataset_cc_by_4_0_component_partial,not_downloaded
real::yGs8FDmiLZA_12_93to436,AIGVDBench,yGs8FDmiLZA_12_93to436,aigvdbench:yGs8FDmiLZA_12_93to436,test,test,0,,real_video,yGs8FDmiLZA_12_93to436.mp4,04194d9876d357f4bb442284ff9067665216b2f45a22a25b54a0b10bc7484448,0ab7b45f77e2898750e50d386918c4515a558d344b9f4af7707ee84cee86d6c2,AIGVDBench/Real/Real.zip,videos/yGs8FDmiLZA_12_93to436.mp4,14101645,14100577,dataset_cc_by_4_0_component_partial,not_downloaded
open_sora::yGs8FDmiLZA_12_93to436,AIGVDBench,yGs8FDmiLZA_12_93to436,aigvdbench:yGs8FDmiLZA_12_93to436,test,test,1,Open-Sora,text_to_video,yGs8FDmiLZA_12_93to436.mp4,04194d9876d357f4bb442284ff9067665216b2f45a22a25b54a0b10bc7484448,0ab7b45f77e2898750e50d386918c4515a558d344b9f4af7707ee84cee86d6c2,AIGVDBench/OpenSource/T2V/Open-Sora.zip,videos/yGs8FDmiLZA_12_93to436.mp4,42437,43220,dataset_cc_by_4_0_component_partial,not_downloaded
real::_UszIjJounQ_35_23to233,AIGVDBench,_UszIjJounQ_35_23to233,aigvdbench:_UszIjJounQ_35_23to233,test,test,0,,real_video,_UszIjJounQ_35_23to233.mp4,a3e141af4fde1f7882a37935b6592ff623e77de2bc6b3936ddca1e38e5757313,0ade779189892e8b44ac5b030e4f5dcf3c86146d1d1f49b59d75d114514f3b73,AIGVDBench/Real/Real.zip,videos/_UszIjJounQ_35_23to233.mp4,3313533,3314870,dataset_cc_by_4_0_component_partial,not_downloaded
open_sora::_UszIjJounQ_35_23to233,AIGVDBench,_UszIjJounQ_35_23to233,aigvdbench:_UszIjJounQ_35_23to233,test,test,1,Open-Sora,text_to_video,_UszIjJounQ_35_23to233.mp4,a3e141af4fde1f7882a37935b6592ff623e77de2bc6b3936ddca1e38e5757313,0ade779189892e8b44ac5b030e4f5dcf3c86146d1d1f49b59d75d114514f3b73,AIGVDBench/OpenSource/T2V/Open-Sora.zip,videos/_UszIjJounQ_35_23to233.mp4,37710,38612,dataset_cc_by_4_0_component_partial,not_downloaded
real::p7rc_WUPJNs_19_100to367,AIGVDBench,p7rc_WUPJNs_19_100to367,aigvdbench:p7rc_WUPJNs_19_100to367,test,test,0,,real_video,p7rc_WUPJNs_19_100to367.mp4,b0ef119a14e0c23914c5171386550c36dbe16671ab9ecb8b489841aa94ce6518,0afd08c7d901a02abea264435e9c4ea4136169abcdeb03cf3a4871dbb0686ba6,AIGVDBench/Real/Real.zip,videos/p7rc_WUPJNs_19_100to367.mp4,2163408,2165381,dataset_cc_by_4_0_component_partial,not_downloaded
open_sora::p7rc_WUPJNs_19_100to367,AIGVDBench,p7rc_WUPJNs_19_100to367,aigvdbench:p7rc_WUPJNs_19_100to367,test,test,1,Open-Sora,text_to_video,p7rc_WUPJNs_19_100to367.mp4,b0ef119a14e0c23914c5171386550c36dbe16671ab9ecb8b489841aa94ce6518,0afd08c7d901a02abea264435e9c4ea4136169abcdeb03cf3a4871dbb0686ba6,AIGVDBench/OpenSource/T2V/Open-Sora.zip,videos/p7rc_WUPJNs_19_100to367.mp4,44717,45576,dataset_cc_by_4_0_component_partial,not_downloaded
real::sLuL_msn9-c_30_0to135,AIGVDBench,sLuL_msn9-c_30_0to135,aigvdbench:sLuL_msn9-c_30_0to135,test,test,0,,real_video,sLuL_msn9-c_30_0to135.mp4,f9e6846020735ef69b7013f4bd5a70564fb8cd48ba417bdedca2095c9fb5f524,0b0e167a260a08cbb00319f84083b14e5c883747469d802fe7d6db5139f0c687,AIGVDBench/Real/Real.zip,videos/sLuL_msn9-c_30_0to135.mp4,2201635,2202291,dataset_cc_by_4_0_component_partial,not_downloaded
open_sora::sLuL_msn9-c_30_0to135,AIGVDBench,sLuL_msn9-c_30_0to135,aigvdbench:sLuL_msn9-c_30_0to135,test,test,1,Open-Sora,text_to_video,sLuL_msn9-c_30_0to135.mp4,f9e6846020735ef69b7013f4bd5a70564fb8cd48ba417bdedca2095c9fb5f524,0b0e167a260a08cbb00319f84083b14e5c883747469d802fe7d6db5139f0c687,AIGVDBench/OpenSource/T2V/Open-Sora.zip,videos/sLuL_msn9-c_30_0to135.mp4,42187,43057,dataset_cc_by_4_0_component_partial,not_downloaded
real::loOVcFRvCeE_32_45to195,AIGVDBench,loOVcFRvCeE_32_45to195,aigvdbench:loOVcFRvCeE_32_45to195,test,test,0,,real_video,loOVcFRvCeE_32_45to195.mp4,b3081b13201f172229d9a9ffcc76a301858ee338c663f083b32b8b79317dc49b,0b530060bd1015c7d780a96bc5764c923e08605f954b0ec9214e89e988b2d544,AIGVDBench/Real/Real.zip,videos/loOVcFRvCeE_32_45to195.mp4,5021920,5021962,dataset_cc_by_4_0_component_partial,not_downloaded
open_sora::loOVcFRvCeE_32_45to195,AIGVDBench,loOVcFRvCeE_32_45to195,aigvdbench:loOVcFRvCeE_32_45to195,test,test,1,Open-Sora,text_to_video,loOVcFRvCeE_32_45to195.mp4,b3081b13201f172229d9a9ffcc76a301858ee338c663f083b32b8b79317dc49b,0b530060bd1015c7d780a96bc5764c923e08605f954b0ec9214e89e988b2d544,AIGVDBench/OpenSource/T2V/Open-Sora.zip,videos/loOVcFRvCeE_32_45to195.mp4,76198,76957,dataset_cc_by_4_0_component_partial,not_downloaded
real::ONjRr1-mjfY_32_42to223,AIGVDBench,ONjRr1-mjfY_32_42to223,aigvdbench:ONjRr1-mjfY_32_42to223,test,test,0,,real_video,ONjRr1-mjfY_32_42to223.mp4,f0147b6562889e8e77698d8610473163b2167087cfaa1c319d981f9e9492f4cd,0b616ba4cf6ba6b2ceb88056714ffbb846823b2dd69f76607cb5ceb0fee9d3b7,AIGVDBench/Real/Real.zip,videos/ONjRr1-mjfY_32_42to223.mp4,1825884,1826927,dataset_cc_by_4_0_component_partial,not_downloaded
open_sora::ONjRr1-mjfY_32_42to223,AIGVDBench,ONjRr1-mjfY_32_42to223,aigvdbench:ONjRr1-mjfY_32_42to223,test,test,1,Open-Sora,text_to_video,ONjRr1-mjfY_32_42to223.mp4,f0147b6562889e8e77698d8610473163b2167087cfaa1c319d981f9e9492f4cd,0b616ba4cf6ba6b2ceb88056714ffbb846823b2dd69f76607cb5ceb0fee9d3b7,AIGVDBench/OpenSource/T2V/Open-Sora.zip,videos/ONjRr1-mjfY_32_42to223.mp4,68394,69077,dataset_cc_by_4_0_component_partial,not_downloaded
real::AcpZvx0p4X0_27_0to167,AIGVDBench,AcpZvx0p4X0_27_0to167,aigvdbench:AcpZvx0p4X0_27_0to167,test,test,0,,real_video,AcpZvx0p4X0_27_0to167.mp4,5b05493f87f34edaf468e61f5b05693f6d99af08ad50c9c0a91d4e6555c9b5c8,0b7b5ee3afe48a6dfed4ca681c6b6944138625503e6f5f5347936e9c50d58efd,AIGVDBench/Real/Real.zip,videos/AcpZvx0p4X0_27_0to167.mp4,2386353,2386967,dataset_cc_by_4_0_component_partial,not_downloaded
open_sora::AcpZvx0p4X0_27_0to167,AIGVDBench,AcpZvx0p4X0_27_0to167,aigvdbench:AcpZvx0p4X0_27_0to167,test,test,1,Open-Sora,text_to_video,AcpZvx0p4X0_27_0to167.mp4,5b05493f87f34edaf468e61f5b05693f6d99af08ad50c9c0a91d4e6555c9b5c8,0b7b5ee3afe48a6dfed4ca681c6b6944138625503e6f5f5347936e9c50d58efd,AIGVDBench/OpenSource/T2V/Open-Sora.zip,videos/AcpZvx0p4X0_27_0to167.mp4,40897,41747,dataset_cc_by_4_0_component_partial,not_downloaded
real::QUpJf88FEhQ_17_26to179,AIGVDBench,QUpJf88FEhQ_17_26to179,aigvdbench:QUpJf88FEhQ_17_26to179,test,test,0,,real_video,QUpJf88FEhQ_17_26to179.mp4,6050fdca919437b1a090da631af6c2b411ebd3709c8962d9181ecd2c89c4b6ce,0b92c7efb73bc07e7e09a515e9f84eaf0d67b6ba8625a177c0b0bfcd4152cf90,AIGVDBench/Real/Real.zip,videos/QUpJf88FEhQ_17_26to179.mp4,2499398,2499815,dataset_cc_by_4_0_component_partial,not_downloaded
open_sora::QUpJf88FEhQ_17_26to179,AIGVDBench,QUpJf88FEhQ_17_26to179,aigvdbench:QUpJf88FEhQ_17_26to179,test,test,1,Open-Sora,text_to_video,QUpJf88FEhQ_17_26to179.mp4,6050fdca919437b1a090da631af6c2b411ebd3709c8962d9181ecd2c89c4b6ce,0b92c7efb73bc07e7e09a515e9f84eaf0d67b6ba8625a177c0b0bfcd4152cf90,AIGVDBench/OpenSource/T2V/Open-Sora.zip,videos/QUpJf88FEhQ_17_26to179.mp4,52590,53421,dataset_cc_by_4_0_component_partial,not_downloaded
real::cpSjuQ_ZJvY_4_0to181,AIGVDBench,cpSjuQ_ZJvY_4_0to181,aigvdbench:cpSjuQ_ZJvY_4_0to181,test,test,0,,real_video,cpSjuQ_ZJvY_4_0to181.mp4,1a43befb7f997bdf61f91ab0ac949f1143645fa6eb19bbcfe2c27e4a7ffae860,0ba3ed8a1c1471a0c4fc6932e0fe070e70ef6c2749615e0688ecb22ebae5bada,AIGVDBench/Real/Real.zip,videos/cpSjuQ_ZJvY_4_0to181.mp4,2778259,2779536,dataset_cc_by_4_0_component_partial,not_downloaded
open_sora::cpSjuQ_ZJvY_4_0to181,AIGVDBench,cpSjuQ_ZJvY_4_0to181,aigvdbench:cpSjuQ_ZJvY_4_0to181,test,test,1,Open-Sora,text_to_video,cpSjuQ_ZJvY_4_0to181.mp4,1a43befb7f997bdf61f91ab0ac949f1143645fa6eb19bbcfe2c27e4a7ffae860,0ba3ed8a1c1471a0c4fc6932e0fe070e70ef6c2749615e0688ecb22ebae5bada,AIGVDBench/OpenSource/T2V/Open-Sora.zip,videos/cpSjuQ_ZJvY_4_0to181.mp4,56525,57332,dataset_cc_by_4_0_component_partial,not_downloaded
real::7M4KJ8H14No_7_34to141,AIGVDBench,7M4KJ8H14No_7_34to141,aigvdbench:7M4KJ8H14No_7_34to141,test,test,0,,real_video,7M4KJ8H14No_7_34to141.mp4,ee434e6e2d1b6828c756a5a2656fc1e1dfaccf30bafed47574487553acd96f70,0badaa776f140ee5cc6cb17e296769c6b8d54400a7b759583246d3a6397b8d14,AIGVDBench/Real/Real.zip,videos/7M4KJ8H14No_7_34to141.mp4,470724,471791,dataset_cc_by_4_0_component_partial,not_downloaded
open_sora::7M4KJ8H14No_7_34to141,AIGVDBench,7M4KJ8H14No_7_34to141,aigvdbench:7M4KJ8H14No_7_34to141,test,test,1,Open-Sora,text_to_video,7M4KJ8H14No_7_34to141.mp4,ee434e6e2d1b6828c756a5a2656fc1e1dfaccf30bafed47574487553acd96f70,0badaa776f140ee5cc6cb17e296769c6b8d54400a7b759583246d3a6397b8d14,AIGVDBench/OpenSource/T2V/Open-Sora.zip,videos/7M4KJ8H14No_7_34to141.mp4,77898,78574,dataset_cc_by_4_0_component_partial,not_downloaded
real::L-YGf6sT4Nc_10_0to109,AIGVDBench,L-YGf6sT4Nc_10_0to109,aigvdbench:L-YGf6sT4Nc_10_0to109,test,test,0,,real_video,L-YGf6sT4Nc_10_0to109.mp4,c17206c399c045b9604486eda4ad947cea51a8120d0bdf4876cd946c06af2c5c,0bb0b281ffe44a7ec7a5df9f553556dd5e559ee1742740c3f848cac16fd41aa9,AIGVDBench/Real/Real.zip,videos/L-YGf6sT4Nc_10_0to109.mp4,1276702,1277803,dataset_cc_by_4_0_component_partial,not_downloaded
open_sora::L-YGf6sT4Nc_10_0to109,AIGVDBench,L-YGf6sT4Nc_10_0to109,aigvdbench:L-YGf6sT4Nc_10_0to109,test,test,1,Open-Sora,text_to_video,L-YGf6sT4Nc_10_0to109.mp4,c17206c399c045b9604486eda4ad947cea51a8120d0bdf4876cd946c06af2c5c,0bb0b281ffe44a7ec7a5df9f553556dd5e559ee1742740c3f848cac16fd41aa9,AIGVDBench/OpenSource/T2V/Open-Sora.zip,videos/L-YGf6sT4Nc_10_0to109.mp4,46054,46837,dataset_cc_by_4_0_component_partial,not_downloaded
real::8FCVMFa2U48_1_0to136,AIGVDBench,8FCVMFa2U48_1_0to136,aigvdbench:8FCVMFa2U48_1_0to136,test,test,0,,real_video,8FCVMFa2U48_1_0to136.mp4,7110fc2f7dd511dad3583191f7b32bc1a539d61759ed1e515013f0bd079149d8,0bcd66ba634fbc3ffdb9ebfad205d7f492a0e6e7d97309d98f1ba8d63f24fabb,AIGVDBench/Real/Real.zip,videos/8FCVMFa2U48_1_0to136.mp4,2027997,2029216,dataset_cc_by_4_0_component_partial,not_downloaded
open_sora::8FCVMFa2U48_1_0to136,AIGVDBench,8FCVMFa2U48_1_0to136,aigvdbench:8FCVMFa2U48_1_0to136,test,test,1,Open-Sora,text_to_video,8FCVMFa2U48_1_0to136.mp4,7110fc2f7dd511dad3583191f7b32bc1a539d61759ed1e515013f0bd079149d8,0bcd66ba634fbc3ffdb9ebfad205d7f492a0e6e7d97309d98f1ba8d63f24fabb,AIGVDBench/OpenSource/T2V/Open-Sora.zip,videos/8FCVMFa2U48_1_0to136.mp4,68619,69408,dataset_cc_by_4_0_component_partial,not_downloaded
real::1SsRvQvzN8Y_9_0to118,AIGVDBench,1SsRvQvzN8Y_9_0to118,aigvdbench:1SsRvQvzN8Y_9_0to118,test,test,0,,real_video,1SsRvQvzN8Y_9_0to118.mp4,56ea798600300c09d64abc090c5895a6d20e952f25c5ca97ecbcb9a7f44b5278,0be982105c55fbb1cf6c9361b00820b9a46067843aa432ad7193a9fc4c057eda,AIGVDBench/Real/Real.zip,videos/1SsRvQvzN8Y_9_0to118.mp4,5447867,5448101,dataset_cc_by_4_0_component_partial,not_downloaded
open_sora::1SsRvQvzN8Y_9_0to118,AIGVDBench,1SsRvQvzN8Y_9_0to118,aigvdbench:1SsRvQvzN8Y_9_0to118,test,test,1,Open-Sora,text_to_video,1SsRvQvzN8Y_9_0to118.mp4,56ea798600300c09d64abc090c5895a6d20e952f25c5ca97ecbcb9a7f44b5278,0be982105c55fbb1cf6c9361b00820b9a46067843aa432ad7193a9fc4c057eda,AIGVDBench/OpenSource/T2V/Open-Sora.zip,videos/1SsRvQvzN8Y_9_0to118.mp4,73806,74556,dataset_cc_by_4_0_component_partial,not_downloaded
real::3cpxcBupvL4_1_0to1170,AIGVDBench,3cpxcBupvL4_1_0to1170,aigvdbench:3cpxcBupvL4_1_0to1170,test,test,0,,real_video,3cpxcBupvL4_1_0to1170.mp4,9c1ae1ba08da44bb6a31788d90164467ba59a20a99dfe42d969f9b679170de89,0bf74a9f7fc052e9bd9ba3326317f9894179f0006dbc0b3a3840ae8cdbce5e9d,AIGVDBench/Real/Real.zip,videos/3cpxcBupvL4_1_0to1170.mp4,27632831,27632660,dataset_cc_by_4_0_component_partial,not_downloaded
open_sora::3cpxcBupvL4_1_0to1170,AIGVDBench,3cpxcBupvL4_1_0to1170,aigvdbench:3cpxcBupvL4_1_0to1170,test,test,1,Open-Sora,text_to_video,3cpxcBupvL4_1_0to1170.mp4,9c1ae1ba08da44bb6a31788d90164467ba59a20a99dfe42d969f9b679170de89,0bf74a9f7fc052e9bd9ba3326317f9894179f0006dbc0b3a3840ae8cdbce5e9d,AIGVDBench/OpenSource/T2V/Open-Sora.zip,videos/3cpxcBupvL4_1_0to1170.mp4,47185,48026,dataset_cc_by_4_0_component_partial,not_downloaded
real::pf2Lz2gkFwY_24_19to165,AIGVDBench,pf2Lz2gkFwY_24_19to165,aigvdbench:pf2Lz2gkFwY_24_19to165,test,test,0,,real_video,pf2Lz2gkFwY_24_19to165.mp4,37d384d135a6dceec4937988e6ee268aef43aed4b9ed347fcc7116875928be32,0c0dcac01a47eb010616c7d7f38b00813972f1449337660b1c4d6f0e0e9e3473,AIGVDBench/Real/Real.zip,videos/pf2Lz2gkFwY_24_19to165.mp4,3582570,3583431,dataset_cc_by_4_0_component_partial,not_downloaded
open_sora::pf2Lz2gkFwY_24_19to165,AIGVDBench,pf2Lz2gkFwY_24_19to165,aigvdbench:pf2Lz2gkFwY_24_19to165,test,test,1,Open-Sora,text_to_video,pf2Lz2gkFwY_24_19to165.mp4,37d384d135a6dceec4937988e6ee268aef43aed4b9ed347fcc7116875928be32,0c0dcac01a47eb010616c7d7f38b00813972f1449337660b1c4d6f0e0e9e3473,AIGVDBench/OpenSource/T2V/Open-Sora.zip,videos/pf2Lz2gkFwY_24_19to165.mp4,69475,70203,dataset_cc_by_4_0_component_partial,not_downloaded
real::3ebhqmMWg14_0_0to199,AIGVDBench,3ebhqmMWg14_0_0to199,aigvdbench:3ebhqmMWg14_0_0to199,test,test,0,,real_video,3ebhqmMWg14_0_0to199.mp4,319259982379318e95ecac2b627f547f19ef187e312fe3fe328ce7edffe99392,0c5cb4e1531445535624e936279c1477a73c1c471f5b51fb762ba1ddc9867234,AIGVDBench/Real/Real.zip,videos/3ebhqmMWg14_0_0to199.mp4,2518196,2518734,dataset_cc_by_4_0_component_partial,not_downloaded
open_sora::3ebhqmMWg14_0_0to199,AIGVDBench,3ebhqmMWg14_0_0to199,aigvdbench:3ebhqmMWg14_0_0to199,test,test,1,Open-Sora,text_to_video,3ebhqmMWg14_0_0to199.mp4,319259982379318e95ecac2b627f547f19ef187e312fe3fe328ce7edffe99392,0c5cb4e1531445535624e936279c1477a73c1c471f5b51fb762ba1ddc9867234,AIGVDBench/OpenSource/T2V/Open-Sora.zip,videos/3ebhqmMWg14_0_0to199.mp4,37724,38551,dataset_cc_by_4_0_component_partial,not_downloaded
real::FKlzxOC_L7o_10_0to102,AIGVDBench,FKlzxOC_L7o_10_0to102,aigvdbench:FKlzxOC_L7o_10_0to102,test,test,0,,real_video,FKlzxOC_L7o_10_0to102.mp4,4b4b5d6584a92abd4c027c98662a5864685711d5f11c26ef157e2033ce3bbe80,0c73853175838c479f817877c7176deeb4071127ea932cb1637c6388ae9ab525,AIGVDBench/Real/Real.zip,videos/FKlzxOC_L7o_10_0to102.mp4,1017039,1017861,dataset_cc_by_4_0_component_partial,not_downloaded
open_sora::FKlzxOC_L7o_10_0to102,AIGVDBench,FKlzxOC_L7o_10_0to102,aigvdbench:FKlzxOC_L7o_10_0to102,test,test,1,Open-Sora,text_to_video,FKlzxOC_L7o_10_0to102.mp4,4b4b5d6584a92abd4c027c98662a5864685711d5f11c26ef157e2033ce3bbe80,0c73853175838c479f817877c7176deeb4071127ea932cb1637c6388ae9ab525,AIGVDBench/OpenSource/T2V/Open-Sora.zip,videos/FKlzxOC_L7o_10_0to102.mp4,48396,49146,dataset_cc_by_4_0_component_partial,not_downloaded
real::4Ypgw119yBg_4_0to1602,AIGVDBench,4Ypgw119yBg_4_0to1602,aigvdbench:4Ypgw119yBg_4_0to1602,test,test,0,,real_video,4Ypgw119yBg_4_0to1602.mp4,39249ece7fcd2c7a9409bc6e4bcae102ef595d3c665e14aac363dd8749f2c498,0c89b088f12b5b89d5a24f2ed27bf65ab883af79398b1570faf62377620d32ee,AIGVDBench/Real/Real.zip,videos/4Ypgw119yBg_4_0to1602.mp4,17329814,17340768,dataset_cc_by_4_0_component_partial,not_downloaded
open_sora::4Ypgw119yBg_4_0to1602,AIGVDBench,4Ypgw119yBg_4_0to1602,aigvdbench:4Ypgw119yBg_4_0to1602,test,test,1,Open-Sora,text_to_video,4Ypgw119yBg_4_0to1602.mp4,39249ece7fcd2c7a9409bc6e4bcae102ef595d3c665e14aac363dd8749f2c498,0c89b088f12b5b89d5a24f2ed27bf65ab883af79398b1570faf62377620d32ee,AIGVDBench/OpenSource/T2V/Open-Sora.zip,videos/4Ypgw119yBg_4_0to1602.mp4,54145,55006,dataset_cc_by_4_0_component_partial,not_downloaded
real::gnwQPORABR8_18_0to217,AIGVDBench,gnwQPORABR8_18_0to217,aigvdbench:gnwQPORABR8_18_0to217,test,test,0,,real_video,gnwQPORABR8_18_0to217.mp4,cc6d4d96e017366bf288d5adf19e048b7e46eb49ae1b5f285b3aef16b3f6e4d9,0c8c411c01202b9e19101e3d7c02bed691e3717513abfed06f1b7789eca6d31c,AIGVDBench/Real/Real.zip,videos/gnwQPORABR8_18_0to217.mp4,4865088,4866090,dataset_cc_by_4_0_component_partial,not_downloaded
open_sora::gnwQPORABR8_18_0to217,AIGVDBench,gnwQPORABR8_18_0to217,aigvdbench:gnwQPORABR8_18_0to217,test,test,1,Open-Sora,text_to_video,gnwQPORABR8_18_0to217.mp4,cc6d4d96e017366bf288d5adf19e048b7e46eb49ae1b5f285b3aef16b3f6e4d9,0c8c411c01202b9e19101e3d7c02bed691e3717513abfed06f1b7789eca6d31c,AIGVDBench/OpenSource/T2V/Open-Sora.zip,videos/gnwQPORABR8_18_0to217.mp4,67306,68121,dataset_cc_by_4_0_component_partial,not_downloaded
real::ZsxlTeh1BIo_42_20to148,AIGVDBench,ZsxlTeh1BIo_42_20to148,aigvdbench:ZsxlTeh1BIo_42_20to148,test,test,0,,real_video,ZsxlTeh1BIo_42_20to148.mp4,646d241bd8bf34f4c5231a4ba8efbd7ad457eedd8b8932abd8a62a7cbdae0144,0cc747712a997806988a39919ecdb429700ff4750ed0597b2e4e569c8d367178,AIGVDBench/Real/Real.zip,videos/ZsxlTeh1BIo_42_20to148.mp4,1148846,1149920,dataset_cc_by_4_0_component_partial,not_downloaded
open_sora::ZsxlTeh1BIo_42_20to148,AIGVDBench,ZsxlTeh1BIo_42_20to148,aigvdbench:ZsxlTeh1BIo_42_20to148,test,test,1,Open-Sora,text_to_video,ZsxlTeh1BIo_42_20to148.mp4,646d241bd8bf34f4c5231a4ba8efbd7ad457eedd8b8932abd8a62a7cbdae0144,0cc747712a997806988a39919ecdb429700ff4750ed0597b2e4e569c8d367178,AIGVDBench/OpenSource/T2V/Open-Sora.zip,videos/ZsxlTeh1BIo_42_20to148.mp4,34469,35336,dataset_cc_by_4_0_component_partial,not_downloaded
real::2_0x9pY2dPA_0_287to388,AIGVDBench,2_0x9pY2dPA_0_287to388,aigvdbench:2_0x9pY2dPA_0_287to388,test,test,0,,real_video,2_0x9pY2dPA_0_287to388.mp4,df4efca9b261b589effa1958cacb8f9b1d8637b68bb5124532eb1266bac38225,0cc9c42f224c34ff6204043d4ee32a60c46761eedffeb79ba6e2403d3fd09978,AIGVDBench/Real/Real.zip,videos/2_0x9pY2dPA_0_287to388.mp4,3537690,3538208,dataset_cc_by_4_0_component_partial,not_downloaded
open_sora::2_0x9pY2dPA_0_287to388,AIGVDBench,2_0x9pY2dPA_0_287to388,aigvdbench:2_0x9pY2dPA_0_287to388,test,test,1,Open-Sora,text_to_video,2_0x9pY2dPA_0_287to388.mp4,df4efca9b261b589effa1958cacb8f9b1d8637b68bb5124532eb1266bac38225,0cc9c42f224c34ff6204043d4ee32a60c46761eedffeb79ba6e2403d3fd09978,AIGVDBench/OpenSource/T2V/Open-Sora.zip,videos/2_0x9pY2dPA_0_287to388.mp4,57632,58404,dataset_cc_by_4_0_component_partial,not_downloaded
